{
    "类目名称": "海南资源环境遥感产品数据集专题",
    "名称": "2004–2015年三亚市不透水面分布数据集",
    "资源信息链接地址": "http://www.sciencedb.cn/dataSet/handle/721",
    "摘要": "摘要：不透水面是城市最基本组成成分之一，对城市生态环境和区域发展具有显著影响。遥感以其快速、大范围、多尺度、可重复对地观测等优势，近年来在不透水面研究中得到广泛应用。本研究以三亚市为研究区，选取收集该区域2004年、2008年、2011年、2013年和2015年的Landsat系列遥感影像数据，提出将BCI指数与BI指数相结合的方法提取研究区不透水面信息。基于该方法提取获得三亚市2004年、2008年、2011年、2013年和2015年5个时相的不透水面分布图。经Google Earth高精度影像精度验证，该方法可操作性强，简单易行，最高精度在90%以上。本数据集可为海南省或其他省市地区合理规划“海绵城市”建设提供参考。",
    "关键词": "不透水面；遥感；生态环境；海绵城市",
    "参考引用": [
        {
            "名称": "李德仁, 罗晖, 邵振峰, 等. 遥感技术在不透水层提取中的应用与展望[J]. 武汉大学学报(信息科学版), 2016 (05): 569-577.",
            "资源信息链接地址": "http://xueshu.baidu.com/s?wd= 遥感技术在不透水层提取中的应用与展望"
        },
        {
            "名称": "刘莹, 孟庆岩, 王永吉, 等. 基于特征优选与支持向量机的不透水面覆盖度估算方法[J]. 地理与地理信息科学, 2018 (1): 24-31.",
            "资源信息链接地址": "http://xueshu.baidu.com/s?wd= 基于特征优选与支持向量机的不透水面覆盖度估算方法"
        },
        {
            "名称": "程熙, 沈占锋, 骆剑承, 等.利用混合光谱分解与SVM估算不透水面覆盖率[J]. 遥感学报, 2011 (06): 1228-1241.",
            "资源信息链接地址": "http://xueshu.baidu.com/s?wd=利用混合光谱分解与SVM估算不透水面覆盖率"
        },
        {
            "名称": "Population Reference Bureau. 2010 World Population Data Sheet[R]. Washington D C: National Press Club, 2010.",
            "资源信息链接地址": "http://xueshu.baidu.com/s?wd= 2010 World Population Data Sheet"
        },
        {
            "名称": "匡文慧, 刘纪远, 张增祥, 等. 21世纪初中国人工建设不透水地表遥感监测与时空分析[J]. 科学通报, 2013, 58(56): 465–478.",
            "资源信息链接地址": "http://xueshu.baidu.com/s?wd= 21世纪初中国人工建设不透水地表遥感监测与时空分析"
        },
        {
            "名称": "BIERWAGEN B G, THEOBALD D M, PYKE C R, et al. National housing and impervious surface scenarios for integrated climate impact assessments[J]. PNAS, 107 (49): 20887-20892.",
            "资源信息链接地址": "http://xueshu.baidu.com/s?wd= National housing and impervious surface scenarios for integrated climate impact assessments"
        },
        {
            "名称": "任飞阳, 韦仕川. 区域建设用地节约集约利用评价研究——以三亚市为例[J]. 上海国土资源, 2016, 37(3):35-39.",
            "资源信息链接地址": "http://xueshu.baidu.com/s?wd= 区域建设用地节约集约利用评价研究——以三亚市为例"
        },
        {
            "名称": "DENG C, WU C. BCI: A biophysical composition index for remote sensing of urban environments[J]. Remote Sensing of Environment, 2012, 127: 247-259.",
            "资源信息链接地址": "http://xueshu.baidu.com/s?wd= BCI: A biophysical composition index for remote sensing of urban environments"
        },
        {
            "名称": "RIKIMARU A, ROY P S, MIYATAKE S. Tropical forest cover density mapping[J]. Tropical Ecology, 2002(43): 39-47.",
            "资源信息链接地址": "http://xueshu.baidu.com/s?wd= Tropical forest cover density mapping"
        },
        {
            "名称": "邓书斌, 陈秋锦, 杜会建. ENVI遥感图像处理方法（第二版）[M]. 北京: 高等教育出版社, 2014: 60-61.",
            "资源信息链接地址": "http://xueshu.baidu.com/s?wd= ENVI遥感图像处理方法（第二版）"
        },
        {
            "名称": "XU H. Modification of normalised difference water index (NDWI) to enhance open water features in remotely sensed imagery[J]. INTERNATIONAL JOURNAL OF REMOTE SENSING, 2006,27(14):3025-3033.",
            "资源信息链接地址": "http://xueshu.baidu.com/s?wd= Modification of normalised difference water index (NDWI) to enhance open water features in remotely sensed imagery"
        },
        {
            "名称": "RNDSI: A ratio normalized difference soil index for remote sensing of urban/suburban environments[J]. International Journal of Applied Earth Observation and Geoinformation, 2015, 39:40-48.",
            "资源信息链接地址": "http://xueshu.baidu.com/s?wd=[J]."
        }
    ],
    "作者": [
        {
            "姓名": "王宪凯",
            "机构": [
                "中国矿业大学（北京）",
                "China University Of Mining And Technology( Beijing)"
            ],
            "贡献": "主要承担工作：研究区不透水面信息提取与成果整理。",
            "简介": "（1990—），男，山东菏泽人，硕士，研究方向为遥感影像地物分类及城市生态环境变化监测。"
        },
        {
            "姓名": "孟庆岩",
            "机构": [
                "海南省地球观测重点实验室，海南 三亚",
                "Hainan Provincial Key Laboratory of Earth Observation, Hainan Sanya",
                "中国科学院遥感与数字地球研究所，北京",
                "Institute of Remote Sensing and Digital Earth, Chinese Academy of Sciences, Beijing"
            ],
            "贡献": "主要承担工作：设计遥感影像数据处理流程。",
            "简介": "（1971—），男，黑龙江肇东人，博士，研究员，博士生导师，研究方向为城市陆表环境遥感研究。"
        },
        {
            "姓名": "刘莹",
            "机构": [
                "海南省地球观测重点实验室，海南 三亚",
                "Hainan Provincial Key Laboratory of Earth Observation, Hainan Sanya",
                "中国科学院遥感与数字地球研究所，北京",
                "Institute of Remote Sensing and Digital Earth, Chinese Academy of Sciences, Beijing"
            ],
            "贡献": "主要承担工作：数据采集与预处理。",
            "简介": "（1993—）女，山东临沂人，硕士，研究方向为摄影测量和遥感技术应用研究。"
        },
        {
            "姓名": "要志鑫",
            "机构": [
                "海南省地球观测重点实验室，海南 三亚",
                "Hainan Provincial Key Laboratory of Earth Observation, Hainan Sanya",
                "中国科学院遥感与数字地球研究所，北京",
                "Institute of Remote Sensing and Digital Earth, Chinese Academy of Sciences, Beijing"
            ],
            "贡献": "主要承担工作：遥感影像预处理。",
            "简介": "（1993—），女，河北张家口人，硕士，研究方向为遥感图像处理，城市生态环境研究。"
        }
    ],
    "基金": "海南省自然科学基金（417218）；海南省重大科技计划（ZDKJ2016021）；四川省科技支撑计划（2016JZ0027）。",
    "数据集名称": "2004–2015年三亚市不透水面分布数据集",
    "数据作者": "孟庆岩（mengqy@radi.ac.cn）",
    "时间范围": "2004–2015年",
    "空间范围": "地理范围包括北纬18°09′–18°37′，东经108°56′–109°48′",
    "空间分辨率": "30 m",
    "数据量": "25.1 MB",
    "数据格式": "*.TIF",
    "数据组成": "本数据集包括三亚市2004–2015年5期不透水面分布图数据，所有数据存放于一个压缩文件中。压缩文件内含5个Tif文件，分别对应2004年、2008年、2011年、2013年和2015年的三亚市不透水分布。数据总量为25.1 MB。",
    "数据采集和处理方法": "本研究总体结构的技术路线如图1所示。图1总体技术路线图本研究以Landsat遥感影像为数据源，对影像数据预处理，构建BCI指数与BI指数相结合的不透水面信息提取方法，进而对研究区进行长时间序列不透水面信息提取，最终生成近10年三亚市不透水面分布数据集。1.1数据采集本数据集以2004–2015年间每隔2–4年为时间间隔，获得2004年、2008年、2011年、2013年和2015年5期长时间尺度的Landsat基础数据，数据主要从地理空间数据云（http://www.gscloud.cn/）获取，影像云量少，质量较好。具体的实验数据情况如下表1所示，三亚市遥感影像如图2所示。图22011年三亚市Landsat5真彩色遥感影像图下载表1数据列表序号数据名称获取日期空间分辨率/m覆盖区域1Landsat52004/12/2030三亚市2Landsat52008/08/2530三亚市3Landsat52011/02/0730三亚市4Landsat82013/10/2630三亚市5Landsat82015/11/1630三亚市1.2数据处理1.2.1数据预处理遥感影像是在不直接接触目标的情况下，通过搭载在卫星、飞机等平台上的传感器感知目标信息，并以像元空间信息和亮度值的变化来表征目标地物的空间位置和光谱特征。由于不直接接触，目标信息在传输过程中受到多种因素的影响，传感器获得的遥感影像存在一定的几何畸变、辐射失真等现象[10]。为解决上述问题，研究过程中对影像数据进行几何纠正、辐射校正、影像配准等预处理，使其尽可能真实地反映地表光谱信息和几何位置信息。1.2.2不透水面信息提取方法（1）BCI指数原理BCI指数由Deng等首次提出，该指数是基于缨帽变换（TCtransformation）生成的亮度（TC1）、绿度（TC2）和湿度（TC3）3个分量所构建的。对于BCI指数，不透水面与其正相关且灰度值大于0，植被与其他土地覆盖灰度值小于0，与植被覆盖度负相关，而土壤的灰度值接近0，这样可以将3种组分区分开。考虑水体的影响，在计算BCI指数之前，对经预处理的Landsat数据采用改进的归一化水体指数[11]（ModificationofNormalizedDifferenceWaterIndex，MNDWI）去除水体，再计算BCI指数。（1）式中：Green为绿光波段的光谱反射率；MIR为中红外波段的光谱反射率。Landsat数据经去除水体等处理后，由以下公式计算BCI指数：（2）式中：H为高反射率即归一化TC1分量；L为低反射率即归一化TC3分量；V为植被即归一化TC2分量。3个因子的计算公式分别如下：（3）（4）（5）式中：TCi(i=1,2,3)为前三个TC分量；TCimin和TCimax分别是第i个TC分量的最小值和最大值。（2）BI指数原理BI指数是Rikimaru等在2002年提出，该指数根据土壤在红光波段和短波红外波段的反射率较其他地表覆被类型高，而在中红外波段和蓝光波段较其他地表覆被类型偏低的特征，可以有效提取土壤信息。BI指数取值范围在0～200之间，BI值越大，则土壤的概率越大，这样就可通过设置阈值提取土壤信息，在很大程度上可以有效剔除土壤信息，相较于归一化土壤指数[12]（NormalizedDifferenceSoilIndex，NDSI）等，BI指数表现更好。BI值计算公式如下：（6）式中BLUE、RED、NIR和SWIR1分别对应着遥感影像中的蓝光、红光、近红外和短波红外波段的光谱反射率。（3）BCI指数与BI指数结合提取不透水面信息基于BCI的不透水面提取方法较其他指数具有一定优势，但研究发现BCI指数在区分土壤和不透水面上依然存在困难，部分土壤的BCI值很高，和不透水面存在混淆。为提高不透水面提取精度，在利用BCI方法得到不透水面提取结果后，本研究引入BI指数，使用BI指数提取研究区土壤信息，进而在很大程度上有效剔除土壤信息。利用BCI指数与BI指数相结合的方法提取不透水面信息，可得到更精确的研究结果。1.2.3研究区长时间序列不透水面信息提取在给定研究区的前提下，确定城市不透水面信息提取输入的最优数据源类型、空间分辨率和信息提取方法，对该研究区的城市不透水面进行长时间序列分析，获取间隔相应年限的城市不透水面信息。经过对研究区近10a的Landsat影像数据加工处理，形成时间序列的不透水面分布产品。1.2.4生成数据集将所得研究区不透水面信息提取结果制作生成数据集。本数据集能直观地呈现出研究区不透水面分布状况及时空演变特征，从而反映研究区城市发展建设方向。该成果有助于促进示范区城市环境变化监测，为城市规划和环境保护提供技术流程支撑。",
    "数据描述": "基于遥感影像数据完成三亚市2004–2015年不透水面信息提取，生成不同时相不透水面分布图。通过所得数据结果可以有效获取三亚市不透水面分布及演变特征信息，如图3所示a-e为2004年、2008年、2011年、2013年和2015年5期三亚市不透水面分布图，图4为2004–2015年三亚市不透水面扩张图。图32004–2015年5期三亚市不透水面分布图（a）2004年三亚市不透水面分布图；（b）2008年三亚市不透水面分布图；（c）2011年三亚市不透水面分布图；（d）2013年三亚市不透水面分布图；（e）2015年三亚市不透水面分布图图42004–2015年三亚市不透水面扩张图基于各期三亚市不透水面分布图及2004–2015年三亚市不透水面扩张图，可得三亚市不透水面主要集中在包括崖州区的南部、天涯区的东南部、吉阳区和海棠区，由于三亚市的北部为山区，故不透水面分布相对较少。从不透水面的年际变化上，2004–2015年间三亚市不透水面积逐渐增加，不透水面聚集程度提高，在区域变化上以沿海区域的增加较为明显。并且通过三亚市不透水面扩张分析可以预测在将来一定时期三亚市不透水面仍将沿着沿海区域扩展，并逐步向内陆延伸，内部填充和外延式扩充同时进行，逐渐形成各城市间的连接趋势，三亚市城市化水平将不断提高。",
    "数据质量": "为确保最终生成高质量的研究区不透水面分布数据集，研究过程中对采用的BCI指数与BI指数结合的不透水面信息提取方法进行精度验证。研究基于2013年三亚市Landsat8遥感影像（图5a），选择有裸土分布的典型区域为试验区（图5b），分别使用BCI指数及BCI指数与BI指数相结合2种方法进行不透水面信息提取，比较两者在提取精度上的差异。当使用BCI指数时，提取的不透水面结果如图5c所示，当采用2个指数结合方法时结果如图5d，其中白色部分为透水区域，黑色部分为不透水区域。通过对提取结果对比可得，图5c中单独使用BCI指数误分为不透水面的土壤信息，在图5d中由2个指数结合的方法可以很大程度有效剔除，提高了不透水面提取精度。该方法简单，便于操作，可应用于大尺度不透水面提取。图5不透水面提取方法区域试验（a）2013年三亚市Landsat-8真彩色遥感影像；（b）试验区影像；（c）BCI指数提取的不透水面；（d）BCI指数与BI指数结合提取的不透水面故本文将BCI指数与BI指数结合提取了三亚市2004年、2008年、2011年、2013年及2015年5个时期的不透水面，并分别在全区域均匀选取验证样本点，分为不透水面和透水面2种类型，经GoogleEarth高精度影像精度验证，定量检验不透水面的提取精度。经验证该方法具有很好的研究效果，最高精度在90%以上，检验结果如表2所示。下载表2不透水面提取精度表年份总体精度Kappa系数2004年86.3%0.8472008年85.4%0.8392011年89.6%0.8752013年87.3%0.8612015年91.7%0.898",
    "数据价值": "城镇化的一个重要表现是不透水面分布比率的上升。不透水面是衡量城市发展水平的重要指标，城市内部不透水面分布变化对城市生态环境具有重要影响。对于规模较大的城市，采用高性价比的中等空间分辨率影像，获取不透水面的分布，是当前国际研究的热点。本研究以Landsat影像为数据源，以三亚市为研究区，制作2004–2015年间5期不透水面分布数据集，在较大时空尺度上验证了指数结合方法对不透水信息提取的适用性，并为三亚市生态环境评估、“海绵城市”建设与可持续发展提供基础数据。",
    "引用格式": "王宪凯, 孟庆岩, 刘莹, 要志鑫. 2004–2015年三亚市不透水面分布数据集[DB/OL]. Science Data Bank, 2018. (2019-01-02). DOI: 10.11922/sciencedb.721."
}