{
    "类目名称": "海南资源环境遥感产品数据集专题",
    "名称": "基于1987–2017年Landsat数据的海南岛红树林变化数据集",
    "资源信息链接地址": "http://www.sciencedb.cn/dataSet/handle/677",
    "摘要": "摘要：红树林分布在热带–亚热带地区的海岸带湿地，具有重要的生态及生态经济服务价值。本研究利用1987年、1993年、1998年、2003年、2007年、2013年、2017年共计7期Landsat TM/OLI数据，采用支持向量机分类方法，并结合野外调查资料，获取了1987–2017年海南岛红树林变化数据集。本数据集可用于红树林时空变化分析，以及红树林湿地生态系统恢复、保护和管理的决策支持，为海南省生态环境监管提供基础数据支持。",
    "关键词": "海南岛；红树林；Landsat影像；变化监测",
    "参考引用": [
        {
            "名称": "张乔民, 张叶春. 华南红树林海岸生物地貌过程研究[J]. 第四纪研究, 1997, 17(4): 344-353.",
            "资源信息链接地址": "http://xueshu.baidu.com/s?wd= 华南红树林海岸生物地貌过程研究"
        },
        {
            "名称": "林鹏. 中国红树林生态系[M]. 北京: 科学出版社, 1997.",
            "资源信息链接地址": "http://xueshu.baidu.com/s?wd= 中国红树林生态系"
        },
        {
            "名称": "GIRI C. Observation and monitoring of mangrove forests using remote sensing: opportunities and challenges[J]. Remote Sensing, 2016, 8(9): 783.",
            "资源信息链接地址": "http://xueshu.baidu.com/s?wd= Observation and monitoring of mangrove forests using remote sensing: opportunities and challenges"
        },
        {
            "名称": "LUGO A E, SNEDAKER S C. The ecology of mangroves[J]. Annual Review of Ecology & Systematics, 1974, 5: 39-64.",
            "资源信息链接地址": "http://xueshu.baidu.com/s?wd= The ecology of mangroves"
        },
        {
            "名称": "林鹏. 中国红树林研究进展[J]. 厦门大学学报(自然科学版), 2001, 40(2): 592-603.",
            "资源信息链接地址": "http://xueshu.baidu.com/s?wd= 中国红树林研究进展"
        },
        {
            "名称": "GLASER M. Interrelations between mangrove ecosystem, local economy and social sustainability in Caeté Estuary, North Brazil[J]. Wetlands and Management, 2003, 11(4): 265-272.",
            "资源信息链接地址": "http://xueshu.baidu.com/s?wd= Interrelations between mangrove ecosystem, local economy and social sustainability in Caeté Estuary, North Brazil"
        },
        {
            "名称": "MUMBY P J. Connectivity of reef fish between mangroves and coral reefs: Algorithms for the design of reserves at seascape scales[J]. Biological Conservation, 2006, 128(2): 215-222.",
            "资源信息链接地址": "http://xueshu.baidu.com/s?wd= Connectivity of reef fish between mangroves and coral reefs: Algorithms for the design of reserves at seascape scales"
        },
        {
            "名称": "ALONGI D M. Mangrove forests: resilience, protection from tsunamis, and responses to global climate change[J]. Estuarine Coastal Shelf Science, 2008, 76(1): 1-13.",
            "资源信息链接地址": "http://xueshu.baidu.com/s?wd= Mangrove forests: resilience, protection from tsunamis, and responses to global climate change"
        },
        {
            "名称": "DONATO D C, KAUFFMAN J B, MURDIYARSO D, et al. Mangroves among the most carbon-rich forests in tropics[J]. Nature Geoscience, 2011, 4(5): 293-297.",
            "资源信息链接地址": "http://xueshu.baidu.com/s?wd= Mangroves among the most carbon-rich forests in tropics"
        },
        {
            "名称": "BLASCO F, AIZPURU M, GERS C. Depletion of the mangroves of Continental Asia[J]. Wetlands Ecology & Management, 2001, 9(3):255-266.",
            "资源信息链接地址": "http://xueshu.baidu.com/s?wd= Depletion of the mangroves of Continental Asia"
        },
        {
            "名称": "VALIELA I. Mangrove forests: One of the world's threatened major tropical environments[J]. BioScience, 2001, 51(10): 807-815.",
            "资源信息链接地址": "http://xueshu.baidu.com/s?wd= Mangrove forests: One of the world's threatened major tropical environments"
        },
        {
            "名称": "ALONGI, DANIEL M. Present state and future of the world's mangrove forests[J]. Environmental Conservation, 2002, 29(3): 331-349.",
            "资源信息链接地址": "http://xueshu.baidu.com/s?wd= Present state and future of the world's mangrove forests"
        },
        {
            "名称": "DUKE N C, MEYNECKE J O, DITTMANN S, et al. A world without mangroves? [J]. Science, 2007, 317(5834): 41.",
            "资源信息链接地址": "http://xueshu.baidu.com/s?wd= A world without mangroves? "
        },
        {
            "名称": "GIRI C, ZHU Z, TIESZEN L L, et al. Mangrove forest distributions and dynamics (1975&ndash;2005) of the tsunami‐affected region of Asia[J]. Journal of Biogeography, 2008, 35(3): 519-528.",
            "资源信息链接地址": "http://xueshu.baidu.com/s?wd= Mangrove forest distributions and dynamics (1975&ndash;2005) of the tsunami‐affected region of Asia"
        },
        {
            "名称": "ABDEL-HAMID A, DUBOVYK O, ELMAGD I A, et al. Mapping mangroves extents on the Red Sea coastline in Egypt using polarimetric SAR and high resolution optical remote sensing data[J]. Sustainability, 2018, 10(3): 646.",
            "资源信息链接地址": "http://xueshu.baidu.com/s?wd= Mapping mangroves extents on the Red Sea coastline in Egypt using polarimetric SAR and high resolution optical remote sensing data"
        },
        {
            "名称": "GIRI C, OCHIENG E, TIESZEN L L, et al. Status and distribution of mangrove forests of the world using earth observation satellite data[J]. Global Ecology & Biogeography, 2011, 20(1): 154-159.",
            "资源信息链接地址": "http://xueshu.baidu.com/s?wd= Status and distribution of mangrove forests of the world using earth observation satellite data"
        },
        {
            "名称": "GIRI C, LONG J, ABBAS S, et al. Distribution and dynamics of mangrove forests of South Asia[J]. Journal of Environmental Management, 2015, 148: 101-111.",
            "资源信息链接地址": "http://xueshu.baidu.com/s?wd= Distribution and dynamics of mangrove forests of South Asia"
        },
        {
            "名称": "KIRUI K B, KAIRO J G, BOSIRE J, et al. Mapping of mangrove forest land cover change the Kenya coastline using Landsat imagery[J]. Ocean & Coastal Management, 2013, 83(10): 19-24.",
            "资源信息链接地址": "http://xueshu.baidu.com/s?wd= Mapping of mangrove forest land cover change the Kenya coastline using Landsat imagery"
        },
        {
            "名称": "LONG J, NAPTON D, GIRI C, et al. A mapping and monitoring assessment of the Philippines' mangrove forests from 1990 to 2010[J]. Journal of Coastal Research, 2013, 30(2): 260-271.",
            "资源信息链接地址": "http://xueshu.baidu.com/s?wd= A mapping and monitoring assessment of the Philippines' mangrove forests from 1990 to 2010"
        },
        {
            "名称": "RAKOTOMAVO A, FROMARD F. Dynamics of mangrove forests in the Mangoky River delta, Madagascar, under the influence natural and human factors[J]. Forest Ecology & Management, 2010, 259(6): 1161-1169.",
            "资源信息链接地址": "http://xueshu.baidu.com/s?wd= Dynamics of mangrove forests in the Mangoky River delta, Madagascar, under the influence natural and human factors"
        },
        {
            "名称": "SPALDING M, KAINUMA M, COLLINS L. World atlas of mangroves[M]. London, UK: Earthscan, 2010.",
            "资源信息链接地址": "http://xueshu.baidu.com/s?wd= World atlas of mangroves"
        },
        {
            "名称": "GIRI C, OCHIENG E, TIESZEN L L, et al. Status and distribution of mangrove forests of the world using earth observation satellite data[J]. Global Ecology Biogeography,2011, 20: 154–159.",
            "资源信息链接地址": "http://xueshu.baidu.com/s?wd= Status and distribution of mangrove forests of the world using earth observation satellite data"
        },
        {
            "名称": "HAMILTON S E, CASEY D. Creation of a high spatio-temporal resolution global database of continuous mangrove forest cover for the 21 st century (CGMFC-21)[J]. Global Ecology Biogeography, 2016, 25: 729-738.",
            "资源信息链接地址": "http://xueshu.baidu.com/s?wd= Creation of a high spatio-temporal resolution global database of continuous mangrove forest cover for the 21 st century (CGMFC-21)"
        },
        {
            "名称": "CHEN B, XIAO X, LI X, et al. A mangrove forest map of China in 2015: Analysis of time series Landsat 7/8 and Sentinel-1A imagery in Google Earth Engine cloud computing platform[J]. ISPRS J. Photogrammetry and Remote Sensing, 2017, 131: 104-120.",
            "资源信息链接地址": "http://xueshu.baidu.com/s?wd= A mangrove forest map of China in 2015: Analysis of time series Landsat 7/8 and Sentinel-1A imagery in Google Earth Engine cloud computing platform"
        }
    ],
    "作者": [
        {
            "姓名": "廖静娟",
            "机构": [
                "海南省地球观测重点实验室",
                "Key Laboratory of Earth Observation",
                "中国科学院遥感与数字地球研究所 数字地球重点实验室",
                "Key Laboratory of Digital Earth Science, Institute of Remote Sensing and Digital Earth, Chinese Academy of Sciences"
            ],
            "贡献": "主要承担工作：红树林遥感提取方法设计、数据集生产和质量控制。",
            "简介": "（1966—），女，广西南宁人，博士，研究员，研究方向为微波遥感及应用研究。"
        },
        {
            "姓名": "甄佳宁",
            "机构": [
                "中国科学院大学",
                "University of Chinese Academy of Sciences",
                "中国科学院遥感与数字地球研究所 数字地球重点实验室",
                "Key Laboratory of Digital Earth Science, Institute of Remote Sensing and Digital Earth, Chinese Academy of Sciences"
            ],
            "贡献": "主要承担工作：遥感数据收集与处理、数据集生产和实地验证。 ",
            "简介": "（1988—），女，河北唐山人，博士研究生，研究方向红树林湿地遥感研究。"
        }
    ],
    "基金": "海南省重大科技计划项目（ZDKJ2016021）；国家发展和改革委员会促进大数据发展重大工程（2016-999999-65-01-000696-01）。",
    "数据集名称": "基于1987–2017年Landsat数据的海南岛红树林变化数据集",
    "数据作者": "廖静娟（liaojj@radi.ac.cn）",
    "时间范围": "1987–2017年",
    "空间范围": "海南岛",
    "空间分辨率": "30 m",
    "数据量": "4.12 MB",
    "数据格式": "*.dbf, *.prj, *.shp, *.shx",
    "数据组成": "本数据集由7个海南岛不同红树林分布地点子数据集组成，分别命名为东寨港、清澜港、马袅港、花场湾、新盈港、洋浦港和东方。每个地点子数据集包括7期由Landsat影像提取的红树林分布面积组成。每期数据包括*.dbf, *.prj, *.shp, *.shx 4个文件，示例如下：dongzhaigang1987_mangrove.dbf为东寨港1987年矢量数据dBASE表文件；dongzhaigang1987_mangrove.prj为东寨港1987年矢量数据坐标投影文件；dongzhaigang1987_mangrove.shp为东寨港1987年矢量数据主文件；dongzhaigang1987_mangrove.shx为东寨港1987年矢量数据索引文件。",
    "数据采集和处理方法": "1.1数据采集1987–2017年间海南岛红树林变化数据集主要是基于多时相的Landsat影像生成。使用的Landsat影像共39景，全部从美国地质调查局的地球资源观测与科学（USGS/EROS）中心网站（http://www.usgs.gov）下载获取，其中包括1987年、1993年、1998年、2003年和2007年的LandsatTM影像共29景，2013年和2017年的LandsatOLI影像10景。表1列出了这些遥感数据的相关信息。下载表1研究中使用的Landsat影像信息传感器条带号/行号成像日期成像时间TM5123/461987.06.2210:23:48TM5123/461987.09.1010:23:48TM5124/461987.05.1210:29:00TM5123/471987.09.1010:26:13TM5124/471987.12.2210:34:19TM5125/471988.06.0610:42:22TM5123/461993.04.0310:21:19TM5124/461993.06.1310:27:47TM5123/471993.04.0310:21:43TM5124/471993.01.0410:27:10TM5125/471993.10.1010:34:04TM5123/461998.08.2310:37:38TM5123/461998.10.2610:37:38TM5124/461998.04.2410:42:22TM5123/471998.08.2310:38:03TM5124/471998.10.1710:44:29TM5125/471998.10.2410:50:42TM5123/462003.06.0210:34:37TM5123/462003.09.1010:34:37TM7124/462003.05.1610:53:58TM5123/472003.06.0210:35:01TM5124/472004.12.2010:51:27TM5125/472003.04.1310:46:23TM5123/462007.07.1510:52:45TM5124/462007.04.0111:00:08TM5123/472007.07.1510:53:09TM5124/472007.07.0610:59:24TM5125/472007.04.2411:06:34OLI123/462013.12.0611:00:42OLI124/462013.05.1911:07:17OLI123/472013.12.0611:01:06OLI124/472013.10.2611:07:25OLI125/472013.08.3011:13:54OLI123/462017.04.2110:58:29OLI124/462017.08.0211:05:14OLI123/472017.04.2110:58:53OLI123/472018.04.0810:58:53OLI124/472016.03.0811:05:32OLI125/472017.09.1011:11:57同时，为了验证多时相Landsat影像提取的数据集，还收集了15景2015年的高分2号（GF-2）数据，该数据从中国高分辨对地观测系统海南数据与应用中心下载获取，空间分辨率分别为1m和4m的全色和多光谱数据。此外，分别于2016年12月、2017年3月和2018年1月前往海南岛对红树林湿地种类、物种分布、生长状况和环境要素进行野外调查，共获取野外调查样点386个，其中红树林湿地样点152个，其他土地利用覆盖样点234个。每个样点包括了GPS获取的经纬度坐标、植被类型及土地利用状况等信息。这些样点将用于Landsat影像提取的红树林范围和地表类型分类的验证。1.2数据处理下载的Landsat影像已经过几何纠正，故我们使用ENVI5.3软件对Landsat影像进行辐射定标和大气校正。利用ENVI软件中的FLAASH大气校正模块对Landsat影像进行大气校正。为了保证多时相数据分析在空间参考上的一致性，利用2017年的LandsatOLI影像的短波红外、近红外和红光波段进行波段组合得到的假彩色合成影像，以该假彩色合成影像为基准，对其他6个时相的图像进行配准，配准后的图像之间的平均均方误差小于0.5个像元。同时，对GF-2影像进行正射校正、辐射定标、几何纠正、多光谱与全色波段融合处理，其中采用ERDASIMAGE2014软件提供的删减法（SubtractiveResolutionMerge）进行图像融合，并在融合之前先利用锐化滤波器对全色图像先进行锐化处理，然后以4∶1比例对GF-2的多光谱和全色图像进行融合，生成空间分辨率为1m的GF-2融合影像。根据海南红树林保护区的边界对GF-2融合影像进行裁剪，利用ENVI软件提供的支持向量机分类方法对裁剪后的影像进行分类，得到红树林和其他地表覆盖类型的分类结果。然后根据海南红树林分布特点、野外调查数据和GoogleEarth影像，人工修正红树林提取有误差的斑块边界，得到2015年海南红树林的最终分类结果。同样利用支持向量机分类器对图像质量较好的2017年LandsatOLI影像进行分类，并利用2015年GF-2影像的分类结果和GoogleEarth影像对分类后结果进行人工修正，得到分类精度较高的2017年分类结果数据。然后以这期分类结果，逐期提取其他时相的红树林和其他土地利用覆盖信息，最后得到1987年、1993年、1998年、2003年、2007年、2013年和2017年的7期分类结果，依据这7期分类结果，生成7期红树林变化数据集。",
    "数据描述": "2.1数据集信息利用1987年、1993年、1998年、2003年、2007年、2013年和2017年7期Landsat影像分类提取得到的7期海南岛主要地区红树林变化数据集包括了海南岛东寨港国家级自然保护区、清澜港省级自然保护区、花场湾、马袅港、新盈港、洋浦港和东方7个地区的红树林变化，各地区分布如图1所示。整个数据集有7个文件夹构成，每个文件夹以上述7个地区命名，除清澜港由会文、铺前和冠南3个片区组成，包括3个下一级文件夹外，其余6个地区均由一个文件夹组成，每个文件夹下分别为7期红树林提取的结果组成，文件格式为shp，命名规则为“地名+年_mangrove.shp”。数据集详细信息如下表2。图1海南岛红树林自然保护区位置和分布图（a）新英湾；（b）东寨港；（c）新盈港；（d）花场湾；（e）东方；（f）马袅港；（g）清澜港下载表2海南岛1987–2017年红树林变化数据集信息序号名称文件数量和大小1东寨港28个文件，1.24MB2清澜港会文28个文件，725KB铺前28个文件，376KB冠南28个文件，210KB3马袅港28个文件，232KB4花场湾28个文件，372KB5新盈港28个文件，344KB6洋浦港28个文件，566KB7东方28个文件，113KB2.2数据样本将数据集在ArcGIS软件中打开，可以得到各个时期的红树林分布面积图，也可用不同时期的数据制作红树林面积变化图。图2和图3分别展示了东寨港1987年的红树林面积分布图和1987–2017年红树林面积变化图。图2东寨港1987年红树林分布图图3东寨港1987–2017年红树林面积变化",
    "数据质量": "在本文研究中，利用Kappa系数和混淆矩阵来评价图像分类精度。首先，利用ArcGIS软件的生态地理采样设计工具（BiogeographyBranch’sSamplingDesignTool）在8个重点红树林分布区域随机生成采样点，然后以这些采样点为中心，建立半径为9m的圆形缓冲区。以圆形缓冲区为基础，采用ArcGIS软件建立圆形缓冲区的外接方形多边形。然后，参照GoogleEarth影像和野外验证点修改这些多边形属性，将其分为红树林和非红树林，并在比较稀疏的区域增加适量多边形，最后利用这些多边形验证点评价红树林的提取精度。分别评价了GF-2和2017年Landsat影像分类结果。其中用于评价GF-2分类结果的验证点数量为607个，包括红树林验证点354个，非红树林研制点253个。得到GF-2分类总精度为99.0%，Kappa系数为0.98。以GF-2分类结果为基础，采用上述方法随机生成300个红树林验证多边形，然后再以保护区（除去红树林范围）为基础随机生成350个非红树林验证多边形，对2017年Landsat分类结果进行评价。得到2017年Landsat影像分类总精度为98.8%，Kappa系数为0.98。具体评价结果见表3。下载表3GF-2和2017年Landsat影像分类结果精度评价GF-2影像Landsat影像(2017)OA/(%)KappaMFN-MFOA/(%)KappaMFN-MFPA/(%)UA/(%)PA/(%)UA/(%)PA/(%)UA/(%)PA/(%)UA/(%)99.00.9898.999.499.298.498.80.9898.399.099.198.6注：OA为总体分类精度；PA为生产精度；UA为用户精度；MF为红树林；N-MF为非红树林。",
    "数据使用和建议": "本数据集是一套比较完整的海南岛近30a红树林变化数据产品，集中显示了海南岛主要红树林保护区的红树林信息。数据可以在常用的地理信息系统软件（如ArcGIS、MapGIS、MapInfo等）中直接打开使用，也可通过这些软件平台将数据转换成其他交换格式后使用。通过对不同时期数据的统计，可以得到各个区域在1987–2017年间红树林面积变化的信息；也可通过空间叠加分析方式，得到不同时期各区域红树林变化的空间分布特征。本数据集可服务于海南省生态环境监管业务，也可作为关键基础数据用于科学研究，包括分析海南岛红树林动态变化规律、生态环境质量评估和红树林湿地保护、恢复和管理等。",
    "引用格式": "廖静娟, 甄佳宁. 基于1987–2017年Landsat数据的海南岛红树林变化数据集[DB/OL]. Science Data Bank, 2018. (2018-11-09). DOI: 10.11922/sciencedb.677."
}