{
    "类目名称": "海南资源环境遥感产品数据集专题",
    "名称": "基于Landsat数据的三亚市陆表温度反演数据集",
    "资源信息链接地址": "http://www.sciencedb.cn/dataSet/handle/675",
    "摘要": "摘要：陆表温度是影响城市环境质量的重要因素之一。近年来，陆表温度在各大城市中的研究越来越多。本文基于Landsat系列影像数据，利用RSTAR辐射传输模型对三亚市陆表温度反演研究，实验得到了2000年、2004年、2008年、2012年、2016年和2018年三亚市陆表温度产品。结果表明：这套研究方法可操作性强、简单易行，反演精度较高。可广泛应用于其他城市陆表温度反演，从而发挥更高的应用价值。",
    "关键词": "陆表温度；辐射传输；Landsat；三亚市",
    "参考引用": [
        {
            "名称": "陈媛媛. 高分五号热红外数据地表温度反演算法研究[D]. 北京: 中国农业科学院, 2017.",
            "资源信息链接地址": "http://xueshu.baidu.com/s?wd= 高分五号热红外数据地表温度反演算法研究"
        },
        {
            "名称": "WAN Z, DOZIER J. A generalized split-window algorithm for retrieving land-surface temperature from space[J]. IEEE Transactions on Geoscience & Remote Sensing, 1996, 34(4): 892-905.",
            "资源信息链接地址": "http://xueshu.baidu.com/s?wd= A generalized split-window algorithm for retrieving land-surface temperature from space"
        },
        {
            "名称": "SOBRINO J A, JIMENEZ-MUNOZ J C, SORIA G, et al. Land Surface Emissivity Retrieval From Different VNIR and TIR Sensors[J]. IEEE Transactions on Geoscience & Remote Sensing, 2008, 46(2): 316-327.",
            "资源信息链接地址": "http://xueshu.baidu.com/s?wd= Land Surface Emissivity Retrieval From Different VNIR and TIR Sensors"
        },
        {
            "名称": "NICHOL J E. High-resolution surface temperature patterns related to urban morphology in a tropical city: A satellite-based stud[J]. Journal of Applied Meteorology, 1996, 35(1): 135-46.",
            "资源信息链接地址": "http://xueshu.baidu.com/s?wd= High-resolution surface temperature patterns related to urban morphology in a tropical city: A satellite-based stud"
        },
        {
            "名称": "周纪, 李京, 赵祥, 等. 用HJ-1B卫星数据反演地表温度的修正单通道算法[J]. 红外与毫米波学报, 2011, 30(1): 61-67.",
            "资源信息链接地址": "http://xueshu.baidu.com/s?wd= 用HJ-1B卫星数据反演地表温度的修正单通道算法"
        },
        {
            "名称": "HAO Q Z , HUA Z M , KARNIELI A , et al. Mono-window Algorithm for Retrieving Land Surface Temperature from Landsat TM6 data[J]. Acta Geographica Sinica, 2001, 56(4):456-466.",
            "资源信息链接地址": "http://xueshu.baidu.com/s?wd= Mono-window Algorithm for Retrieving Land Surface Temperature from Landsat TM6 data"
        },
        {
            "名称": "JIMÉNEZ-MUOZ, JUAN C . A generalized single-channel method for retrieving land surface temperature from remote sensing data[J]. Journal of Geophysical Research, 2003, 108(D22): 4688.",
            "资源信息链接地址": "http://xueshu.baidu.com/s?wd= A generalized single-channel method for retrieving land surface temperature from remote sensing data"
        },
        {
            "名称": "BECKER F, LI Z L. Towards a local split window method over land surfaces. International Journal of Remote Sensing[J]. International Journal of Remote Sensing, 1990, 11(3): 369-393.",
            "资源信息链接地址": "http://xueshu.baidu.com/s?wd= Towards a local split window method over land surfaces. International Journal of Remote Sensing"
        },
        {
            "名称": "WAN Z. New refinements and validation of the MODIS Land-Surface Temperature/Emissivity products[J]. Remote Sensing of Environment, 2014, 140(1): 36-45.",
            "资源信息链接地址": "http://xueshu.baidu.com/s?wd= New refinements and validation of the MODIS Land-Surface Temperature/Emissivity products"
        },
        {
            "名称": "JIMENEZ-MUNOZ J C, SOBRINO J A. Split-Window Coefficients for Land Surface Temperature Retrieval From Low-Resolution Thermal Infrared Sensors[J]. IEEE Geoscience & Remote Sensing Letters, 2008, 5(4): 806-809.",
            "资源信息链接地址": "http://xueshu.baidu.com/s?wd= Split-Window Coefficients for Land Surface Temperature Retrieval From Low-Resolution Thermal Infrared Sensors"
        },
        {
            "名称": "WIGNERON J P, SCHMUGGE T, CHANZY A, et al. Use of passive microwave remote sensing to monitor soil moisture[J]. Agronomie, 1998, 18(1): 27-43.",
            "资源信息链接地址": "http://xueshu.baidu.com/s?wd= Use of passive microwave remote sensing to monitor soil moisture"
        },
        {
            "名称": "ROZENSTEIN O, QIN Z, DERIMIAN Y, et al. Derivation of land surface temperature for Landsat-8 TIRS using a split window algorithm[J]. Sensors, 2014, 14(4): 5768-5780.",
            "资源信息链接地址": "http://xueshu.baidu.com/s?wd= Derivation of land surface temperature for Landsat-8 TIRS using a split window algorithm"
        },
        {
            "名称": "WANG J, HUANG B, FU D, et al. Spatiotemporal Variation in Surface Urban Heat Island Intensity and Associated Determinants across Major Chinese Cities[J]. Remote Sensing, 2015, 7(4): 3670-3689.",
            "资源信息链接地址": "http://xueshu.baidu.com/s?wd= Spatiotemporal Variation in Surface Urban Heat Island Intensity and Associated Determinants across Major Chinese Cities"
        },
        {
            "名称": "PENG S, PIAO S, CIAIS P, et al. Surface urban heat island across 419 global big cities.[J]. Environmental Science & Technology, 2012, 46(2): 696-703.",
            "资源信息链接地址": "http://xueshu.baidu.com/s?wd= Surface urban heat island across 419 global big cities."
        },
        {
            "名称": "HENRY J A, DICKS S E, WETTERQVIST O F, et al. Comparison of satellite, ground-based, and modeling techniques for analyzing the urban heat island[J]. Photogrammetric Engineering & Remote Sensing, 1989, 55(1): 69-76.",
            "资源信息链接地址": "http://xueshu.baidu.com/s?wd= Comparison of satellite, ground-based, and modeling techniques for analyzing the urban heat island"
        },
        {
            "名称": "IMHOFF M L, ZHANG P, WOLFE R E, et al. Remote sensing of the urban heat island effect across biomes in the continental USA[J]. Remote Sensing of Environment, 2010, 114(3): 504-513.",
            "资源信息链接地址": "http://xueshu.baidu.com/s?wd= Remote sensing of the urban heat island effect across biomes in the continental USA"
        },
        {
            "名称": "杨虎, 杨忠东. 中国陆地区域陆表温度业务化遥感反演算法及产品运行系统[J]. 遥感学报, 2006, 10(4): 600-607.",
            "资源信息链接地址": "http://xueshu.baidu.com/s?wd= 中国陆地区域陆表温度业务化遥感反演算法及产品运行系统"
        },
        {
            "名称": "覃志豪, ZHANG M H, ARNON K, 等. 用陆地卫星TM6数据演算地表温度的单窗算法[J]. 地理学报, 2001, 56(4): 456-466.",
            "资源信息链接地址": "http://xueshu.baidu.com/s?wd= 用陆地卫星TM6数据演算地表温度的单窗算法"
        },
        {
            "名称": "ANGAL A, CHANDER G, CHOI T, et al. The use of the Sonoran Desert as a pseudo-invariant site for optical sensor cross-calibration and long-term stability monitoring[J]. 2010, 38(5): 1656-1659.",
            "资源信息链接地址": "http://xueshu.baidu.com/s?wd= The use of the Sonoran Desert as a pseudo-invariant site for optical sensor cross-calibration and long-term stability monitoring"
        }
    ],
    "作者": [
        {
            "姓名": "谷艳春",
            "机构": [
                "福州大学福建省空间信息工程研究中心",
                "Spatial Information Research Center of Fujian of Fuzhou University"
            ],
            "贡献": "主要承担工作：数据处理和分析。",
            "简介": "（1993—），女，河南周口人，硕士生，主要研究方向为城市热环境。"
        },
        {
            "姓名": "胡蝶",
            "机构": [
                "海南省地球观测重点实验室",
                "Hainan Province Key Laboratory of Earth Observation",
                "中国科学院遥感与数字地球研究所",
                "Institute of Remote Sensing and Digital Earth, Chinese Academy of Sciences",
                "中国科学院大学资源与环境学院",
                "College of Resources and Environment, University of Chinese Academy of Sciences"
            ],
            "贡献": "主要承担工作：数据下载与分析。",
            "简介": "（1994—），女，天津人，博士生，主要研究方向为城市热环境。"
        },
        {
            "姓名": "张颖",
            "机构": [
                "海南省地球观测重点实验室",
                "Hainan Province Key Laboratory of Earth Observation",
                "中国科学院遥感与数字地球研究所",
                "Institute of Remote Sensing and Digital Earth, Chinese Academy of Sciences",
                "中国科学院大学资源与环境学院",
                "College of Resources and Environment, University of Chinese Academy of Sciences"
            ],
            "贡献": "主要承担工作：数据集设计及技术指导。",
            "简介": "（1994—），男，湖北武汉人，博士生，主要研究方向为城市热环境。"
        },
        {
            "姓名": "张琳琳",
            "机构": [
                "海南省地球观测重点实验室",
                "Hainan Province Key Laboratory of Earth Observation",
                "中国科学院遥感与数字地球研究所",
                "Institute of Remote Sensing and Digital Earth, Chinese Academy of Sciences",
                "中国科学院大学资源与环境学院",
                "College of Resources and Environment, University of Chinese Academy of Sciences"
            ],
            "贡献": "主要承担工作：数据集设计及技术指导。 ",
            "简介": "（1994—），女，河北衡水人，博士生，主要研究方向为城市热环境。"
        }
    ],
    "基金": "海南省重大科技计划项目（ZDKJ2016021）；海南省重大科技计划项目（ZDKJ2017009）；四川省科技计划项目（2018JZ0054）。",
    "数据集名称": "基于Landsat数据的三亚市陆表温度反演数据集",
    "数据作者": "胡蝶（519324656@qq.com）",
    "时间范围": "2000–2018年",
    "空间范围": "三亚市（18°09′34″–18°37′27″N、108°56′30″–109°48′28″E）",
    "空间分辨率": "Landsat 5：30/120 m\t\t\tLandsat 8：30/100 m",
    "数据量": "427 KB",
    "数据格式": "*.vsd，*.png，*.pro",
    "数据组成": "本数据集主要包括4个文件夹，分别为：1. 封面图文件夹，png格式；2. 三亚市温度反演结果图文件夹，内含2000–2018年png格式的数据；3. 数据集构建及处理流程，内含命名为基于辐射传输方程模型的陆表温度反演数据集vsd格式的数据；4. 温度反演代码文件夹，内含pro格式Landsat 5 (LST5)和Landsat 8 (LST8)温度反演代码数据。",
    "数据采集和处理方法": "本数据集构建过程包括数据下载、计算大气上下行辐射和大气透过率参数、温度反演代码实现、裁剪和输出几个步骤，如图1。图1数据集构建及处理流程其中，数据处理过程中使用到的IDL是一种数据分析和图像化应用程序及编程语言，有灵活的数据输入输出、快速实现可视化、支持外部语言接口等优势，是遥感常用编程方式处理影像的最佳选择，本数据集用到的是IDL8.5版本。1.1数据来源与数据概括Landsat系列影像数据以相对较高的空间分辨率优势（如Landsat8热红外波段的空间分辨率为100m），有助于提高陆表温度反演结果的精度。1984年3月1日，USGS成功发射的Landsat5卫星有一个热红外波段Band6（10.40-12.5μm）；2013年2月11日，NASA成功发射的Landsat8卫星有两个热红外波段Band10（10.6-11.2μm）和Band11（11.2-12.5μm），因Band11运行出现问题，故本文利用Band10单波段反演地表温度。本文所用Landsat系列影像数据均可在地理空间数据云网站(http://www.gscloud.cn/search)获取。1.2数据处理1.2.1大气剖面参数计算大气剖面参数计算主要是依据大气辐射传输模式计算大气上行辐射、下行辐射和大气透过率参数，大气传输模式为RSTAR辐射传输模式。本文根据具体影像的过境时间、中心经纬度、所属季度（夏季或冬季）和传感器类型，直接在大气校正参数计算器网站（https://atmcorr.gsfc.nasa.gov/）计算得到每幅影像的大气上行辐射、下行辐射和大气透过率参数。1.2.2可见光波段处理根据Chander等研究[19]，比较来自不同传感器图像时，应使用大气表观反射率（TopofAtmosphereReflectance，TOAreflectance），具体做法如下：首先，消除不同太阳天顶角余弦值产生的误差；其次，利用TOAreflectance补偿光谱带差引起的太阳辐照度的不同值；最后，用TOAreflectance校正由不同数据采集时间导致的日地距离的变化。该过程的关键代码（图2）是在IDL8.5中通过代码完成的。图2可见光波段处理关键代码1.2.3地表发射率计算基于覃志豪[18]等提出的地表发射率反演算法，对水体掩膜后，将地表分为自然（植被+裸土）和城镇（植被+建筑表面）两类。算法主要有三步：首先，计算植被覆盖度；其次，城市表面可以看作是由不同比例的植被和建筑物组成，自然表面可以看作是由不同比例的植被和裸露土壤组成；最后，生成整个研究区影像的地表发射率图。该过程的关键代码如图3所示。图3计算地表发射率关键代码1.2.4陆表温度反演本小节主要分为三步：首先，将大气剖面参数计算得到的大气上行辐射、下行辐射和大气透过率参数输入图4所示的代码里；其次，根据可见光波段处理、地表发射率计算的数据计算得到反演的温度图；最后选择温度反演结果的存储位置。该过程的关键代码如图4所示。图4陆表温度反演关键代码",
    "数据描述": "在多种陆表温度反演算法中选择辐射传输方程计算方法，基于RSTAR辐射传输模型计算大气廓线，采用覃志豪[18]提出的地表发射率估算方法，计算出2000年、2004年、2008年、2012年、2016年和2018年共6景（无云或少云）三亚市陆表温度,部分结果如图5所示。图52018年三亚市陆表温度反演结果",
    "数据质量控制": "本数据集通过以下几方面进行质量控制：（1）数据源质量控制。在选取Landsat卫星数据时，以有数据、无云或者少云、无条带为选取标准。因为高质量的数据源是得到高精度结果的必要条件。（2）温度反演结果质量控制。本文为验证陆表温度产品精度，依据以往三亚市温度数据统计分析反演得到的温度与公布的同地同时地表温度的相关性，其相关系数R2为0.91，并以此作为验证陆表温度产品数据的可靠依据。",
    "数据价值": "本研究提出了适合于城市热环境特征的地表温度反演技术，为遥感服务于城市建设提供技术支持。数据成果具有很强的实用性、普适性，如反演产品可为城市生态环境研究提供数据产品服务，无论区域大小均可适用。同时数据成果可为环保部门和城建部门开展城市热环境变化监测提供检测方式，具有很强的应用价值和实用性。通过遥感手段反演城市热空间信息参量，充分发挥了遥感监测的周期性和时效性，便于在短时间快速分析判断城市生态环境时空演化特征。",
    "引用格式": "谷艳春, 胡蝶, 张颖, 张琳琳. 基于Landsat数据的三亚市陆表温度反演数据集[DB/OL]. Science Data Bank, 2018. (2019-02-22). DOI: 10.11922/sciencedb.675."
}