{
    "类目名称": "中国生态系统研究网络（CERN）专题",
    "名称": "2009–2018年西南典型紫色土丘陵区土壤含水量变化数据集",
    "资源信息链接地址": "http://www.sciencedb.cn/dataSet/handle/894",
    "摘要": "摘要：土壤水是农田土壤生态系统中颗粒、胶体和物质运移的主要载体，也是土壤—植物—大气连续体物质交换和能量传导的关键因子，对作物生理生长特性和生态系统服务功能有着重要影响。四川盐亭农田生态系统国家野外科学观测研究站（简称盐亭站）是长江上游唯一的国家农田生态系统科学观测研究站，代表了中亚热带四川盆地紫色土丘陵区农田生态系统。该站地处中国地势第二、三阶梯的过渡地带，位于长江上游生态屏障的最前沿，具有特殊的生态敏感性。本数据集涉及盐亭站2009–2018年2个长期监测样地，分别是综合观测场水分观测样地（耕地）和综合气象观测场水分样地（草地）的不同土层深度土壤质量含水量、体积含水量数据。借助长期监测数据可研究典型丘陵区农田生态系统生态水文过程、水量平衡和物质循环规律，并揭示土壤水分循环对气候变化的敏感性。",
    "关键词": "紫色土；土壤水含量；长期监测；数据集",
    "参考引用": [
        {
            "名称": "吕斯丹, 宋贤威, 温学发. 降水与土壤水混合过程的生态水文分离现象及其研究进展[J]. 应用生态学报, 2019, 30(6) : 1797-1806.",
            "资源信息链接地址": "http://xueshu.baidu.com/s?wd= 降水与土壤水混合过程的生态水文分离现象及其研究进展"
        },
        {
            "名称": "BOWEN G. Hydrology: The diversified economics of soil water[J]. Nature, 2015, 525: 43-44.",
            "资源信息链接地址": "http://xueshu.baidu.com/s?wd= Hydrology: The diversified economics of soil water"
        },
        {
            "名称": "MAXWELL RM, Condon LE. Connections between groundwater flow and transpiration partitioning[J]. Science, 2016, 353(6297): 377-380.",
            "资源信息链接地址": "http://xueshu.baidu.com/s?wd= Connections between groundwater flow and transpiration partitioning"
        },
        {
            "名称": "PHILLIPS FM. HYDROLOGY Soil-water bypass[J]. Nature Geoscience, 2010, 3: 77-78.",
            "资源信息链接地址": "http://xueshu.baidu.com/s?wd= HYDROLOGY Soil-water bypass"
        },
        {
            "名称": "张维, 吕玉娟, 唐翔宇. 紫色土坡耕地水分运移及胶体颗粒的输出动态研究[J]. 灌溉排水学报, 2018, 37(2): 58-63.",
            "资源信息链接地址": "http://xueshu.baidu.com/s?wd= 紫色土坡耕地水分运移及胶体颗粒的输出动态研究"
        },
        {
            "名称": "曾亦键, 万力, 苏中波, 等. 浅层包气带水汽昼夜运移规律及其数值模拟研究[J]. 地学前缘, 2008, 15(5): 330-343.",
            "资源信息链接地址": "http://xueshu.baidu.com/s?wd= 浅层包气带水汽昼夜运移规律及其数值模拟研究"
        },
        {
            "名称": "周广胜, 张新时. 中国气候——植被关系初探[J] .植物生态学报, 1996 , 20(2): 113-119 .",
            "资源信息链接地址": "http://xueshu.baidu.com/s?wd= 中国气候——植被关系初探"
        },
        {
            "名称": "李镇清, 刘振国, 陈佐忠, 等. 中国典型草原区气候变化及其对生产力的影响[J] .草业学报, 2003, 12(1): 4-10.",
            "资源信息链接地址": "http://xueshu.baidu.com/s?wd= 中国典型草原区气候变化及其对生产力的影响"
        },
        {
            "名称": "袁国富，朱治林， 张心昱 , 唐新斋.陆地生态系统水环境观测质量保证与质量控制[M].中国环境科学出版,2012：175-185.",
            "资源信息链接地址": "http://xueshu.baidu.com/s?wd=陆地生态系统水环境观测质量保证与质量控制"
        }
    ],
    "作者": [
        {
            "姓名": "章熙锋",
            "机构": [
                "中国科学院、水利部成都山地灾害与环境研究所",
                "Institute of Mountain Hazards and Environment, CAS",
                "四川盐亭农田生态系统国家野外科学观测研究站",
                "Yanting Agro-eclological National Field Scientific Observation and Research Station"
            ],
            "贡献": "主要承担工作：数据处理、矫正和质量控制。",
            "简介": "（1990—），男，安徽安庆人，硕士，助理工程师，研究方向水文水环境。"
        },
        {
            "姓名": "唐家良",
            "机构": [
                "中国科学院、水利部成都山地灾害与环境研究所",
                "Institute of Mountain Hazards and Environment, CAS",
                "四川盐亭农田生态系统国家野外科学观测研究站",
                "Yanting Agro-eclological National Field Scientific Observation and Research Station"
            ],
            "贡献": "主要承担工作：数据质量控制。",
            "简介": "（1975—），男，四川隆昌人，博士，研究员，研究方向为流域水文与面源污染等领域。"
        },
        {
            "姓名": "高美荣",
            "机构": [
                "中国科学院、水利部成都山地灾害与环境研究所",
                "Institute of Mountain Hazards and Environment, CAS",
                "四川盐亭农田生态系统国家野外科学观测研究站",
                "Yanting Agro-eclological National Field Scientific Observation and Research Station"
            ],
            "贡献": "主要承担工作：论文撰写指导以及数据查验。",
            "简介": "（1969—），女，陕西佳县人，硕士，高级工程师，研究方向为土壤学，信息管理。"
        },
        {
            "姓名": "朱波",
            "机构": [
                "中国科学院、水利部成都山地灾害与环境研究所",
                "Institute of Mountain Hazards and Environment, CAS",
                "四川盐亭农田生态系统国家野外科学观测研究站",
                "Yanting Agro-eclological National Field Scientific Observation and Research Station"
            ],
            "贡献": "主要工作：试验平台设计及数据质量总控制。",
            "简介": "（1966—），男，四川人，博士，研究员，研究方向为水土界面氮迁移过程及氮循环。"
        }
    ],
    "基金": "中国科学院成都山地所“一三五”方向性项目（SDS-135-1702）；国家科技重大专项（2017ZX07101001-02）。",
    "数据集名称": "2009–2018年西南典型丘陵区土壤水分含量变化数据集",
    "数据作者": "唐家良（jltang@imde.ac.cn）",
    "时间范围": "2009–2018年",
    "空间范围": "四川盐亭农田生态系统国家野外科学观测研究站（以下简称盐亭站）位于四川盆地中北部的四川省绵阳市盐亭县林山乡（105º27′E，31º16′N），是以亚热带四川盆地紫色土为主要研究对象的基础性、公益性的长期试验与观测平台。",
    "数据量": "0.3 MB",
    "数据格式": "*.xlsx",
    "数据组成": "数据集由2个数据文件组成，分别为:（1）2009–2018年盐亭站土壤水质量含水量数据，包含两个样地：综合气象观测场水分观测样地1个采样点（YGAQX01CTS_01）；综合观测场水分采样地（YGAZH01CTS_01）4个采样点，数据量为156 KB；（2）2009–2018年盐亭站体积含水量数据，数据量为251 KB。",
    "数据采集和处理方法": "1.1观测样地设置盐亭站综合观测场水分观测样地（图2）位于四川省盐亭县林山乡林园村，经度范围为105°27′22″–25″E，纬度范围为31°16′16″–19″N，海拔420m。该样地2004年建立，设计使用年数100年，采样地由3块坡向西北–东南、坡度相近的台地经过深翻平整改建为坡度5°、总面积1600m2的旱坡地。实行冬小麦–夏玉米轮作，常规施肥（小麦和玉米季均施肥量折算纯量N8.5kg、P2O57.2kg、K2O2.8kg），无灌溉水来源。根据中国土壤系统分类，土类为紫色土，亚类为石灰性紫色土，土壤母质为紫色砂页岩土壤，呈A–C剖面分布，土壤厚度为50–100cm；轻度风蚀，细沟侵蚀，地下水位在30m以下。2009年12月至2014年7月采用TDR仪测量（型号6050X1，生产商为SoilMoistureEquipmentCorp，测量频率5天/次。量程范围：0–100%；测试精度：±1%；标定误差：±2%），2014年7月之后水分观测样地1、3、4样点升级为TDR仪测量（型号HydraProbeⅡ，生产商为Stevenswater，测量频率30分钟/次。量程范围：0–100%；测试精度：±1%；标定误差：±2%），2017年3月2号点位和气象观测场水分样地增加TDR仪测量（型号HydraProbeⅡ，生产商为Stevenswater，测量频率30分钟/次，量程范围：0–100%；测试精度：±1%；标定误差：±2%）。图2盐亭站综合观测场水分采样地盐亭站综合气象要素观测场1997年建立，1997年安装的是国产自动气象站（型号AMRS-1，机械工业部长春气象仪器研究所生产）；2004年按国家标准气象站扩建为标准气象场25m×25m，设备更新为芬兰Visila公司的自动气象站（型号MiLOS520，生厂商为芬兰维萨拉），2014年型号升级为MAWS301。综合气象观测场水分样地（图3）2004年11月建立并试运行，2005年正式开始观测，利用中子仪（型号CNC503B，生产商为北京超能科技有限公司，测量频率5天/次。量程范围：0-100%；测试精度：±1%；标定误差：±2%）测定土壤水分含量，2009年7月因中子仪设备故障已经管理要求停用，改为安装TDR仪（型号6050X1，生产商为SoilMoistureEquipmentCorp，测量频率5天/次。量程范围：0–100%；测试精度：±0.2%；标定误差：±1%）测量，2017年3月升级为TDR仪（型号HydraProbeⅡ，生产商为Stevenswater，测量频率30分钟/次。量程范围：0–100%；测试精度：±0.03；标定误差：±1%）。图3盐亭站综合气象观测场水分采样地1.2数据预处理方法本数据集包括两个样地：盐亭站综合观测场水分观测样地和综合气象观测场水分样地。观测深度依次为：10cm，20cm，30cm，40cm，60cm。测量方法：质量含水量为人工取样采用烘干法测量。整编数据频率：质量含水量数据2个月/次，体积含水量1个月/次。根据出版要求，台站将观测元数据经过初级加工，并提供数据处理方法和程序。质量含水量数据采用格拉布斯判断法剔除掉异常值，经过检验后的数据整理为数据集。体积含水量数据采用一个月内探针所测数据的平均值代表月均值，并计算标准偏差。烘干法测定土壤含水量是目前水分观测中最为可靠的方法，由于土壤质量含水量和体积含水量之间存在一定关系：土壤质量含水量=体积含水量×土壤容重。因此，烘干法可作为一种校验方法对仪器所得体积含水量数据进行校正。故本数据集中，将质量含水量和土壤体积含水量数据分别进行整编，以便于用户进一步对数据进行深度校正和处理。",
    "数据描述": "盐亭站农田生态系统野外观测研究站土壤含水量数据主要包含的指标见表1。下载表1土壤质量含水量数据对照表台站代码年月日观测场代码观测场名称土地利用类型土壤质量/体积含水量（%）备注10cm20cm30cm40cm60cm字符型数值型数值型数值型字符型字符型字符型数值型数值型数值型数值型数值型字符型",
    "数据质量": "3.1质量管理体系土壤水分监测是CERN长期联网观测的重要指标，水分中心负责数据的管理和质控，并出版了《陆地生态系统水环境观测质量保证与质量控制》[9]专业指导书籍和标准。为保障数据质量的良好，进而实现标准化数据的有效共享，CERN采取制定计划、执行和评估三个步骤来实现前端控制，通过对台站监测数据审核、检验和评估来实现后端质控的严谨质量管理体系。质量管理流程和组织职责如图4所示。图4CERN三级质量管理体系3.2数据产生过程质量保证和质控为保证观测质量的稳定可靠，CERN指定严格的管理制度。首先是固定采样时间，指定专门人员对场地设施进行维护，并固定取样和分析人员，数据上交后由中心进行校核。本数据集所涉及的土壤含水量观测样地设置、维护以及观测规范和原始质量控制方法根据《陆地生态系统水环境观测质量保证与质量控制》[9]的相关规定进行。人工观测数据除对采样和分析过程进行专业培训和定期检查外，还上交原始记录资料以便查验。各种测量设备在使用前，均需对仪器进行标定。根据烘干法所测量的土壤质量含水量为土壤容重与体积含水量之积，进行仪器准确性矫正。所有观测数据整理好后仍需按照方法《数据的统计处理和解释正态样本离群值的判断和处理》（GBT4883-2008）进行异常值检验，对于存在的异常值检查原始记录判断是否应该剔除。本次数据集加工过程中，对于部分缺少或剔除数据用“-”表示，并在数据栏中说明缺失原因。",
    "数据价值": "土壤水分是土壤的重要组成部分，也是研究降雨入渗、径流形成、植物蒸腾和土壤蒸发等水文过程的关键枢纽。对于具有长时间序列的野外观测数据而言，具有揭示地区水量平衡变化趋势的作用，进而能反映人类活动对环境演变的长期影响力。川中丘陵区传统农业为雨养型农业，且大部分实施轮作制度。本数据集提供长期轮作耕地和草地两种土地利用类型的土壤含水量数据，长时间序列观测数据将有助于揭示耕作对土壤结构变化、对水分蓄存能力的影响，可为研究紫色土区水土资源管理和农业可持续发展提供基础数据支撑。同时，结合CERN联网多空间尺度和时间跨度观测数据，将有利于不同区域因子对于气候变化响应的敏感性差异分析，为不同典型区域农田生态系统结构功能的演替变化研究提供重要基础依据。",
    "数据使用和建议": "本数据集可通过ScienceDataBank在线服务网址（http://www.sciencedb.cn/dataSet/handle/894）获取数据服务。同时，如果对相关原始数据有使用需求的，也可通过四川盐亭农田生态系统国家野外科学观测研究站数据资源服务平台（http://yga.cern.ac.cn/）进行在线申请。登录系统后，在资源服务–数据服务–生态系统要素联网长期监测数据–水分要素监测–农田生态系统土壤含水量表中可进行申请下载。",
    "引用格式": "章熙锋，唐家良，高美荣, 朱波. 2009–2018年西南典型丘陵区土壤水分含量变化数据集[DB/OL].Science Data Bank, 2019. (2019-09-24). DOI: 10.11922/sciencedb.894."
}