{
    "类目名称": "其他数据论文",
    "名称": "雷达回波序列中弱小飞机目标检测跟踪数据集",
    "资源信息链接地址": "http://www.sciencedb.cn/dataSet/handle/908",
    "摘要": "摘要：杂波背景下的雷达弱小目标检测跟踪是低空安全防控、区域态势监视、远程精确打击、空天攻防对抗等军民应用领域的热点和难点问题。本文针对杂波下雷达弱小目标检测跟踪技术研究的数据需求以及目前公开的雷达杂波下目标环境数据缺乏、场景设计针对性差、仿真数据真实性不足、实测数据格式不规范、数据描述与标注信息不全等问题，通过雷达外场实地数据录取与数据加工处理，提供了一套以地物杂波下固定翼无人机为探测对象的雷达弱小目标检测跟踪标准数据集。数据集涵盖强杂波、低信噪比、高动态、强机动、目标数目变化等典型场景，共计15段数据，每段数据包含一定时长的雷达脉冲序列，以及与之对应的距离波门文件和标注真值文件，数据格式规范、信息标注准确，可为雷达弱小目标探测识别算法设计与验证、地面杂波特性研究等提供基础数据。",
    "关键词": "弱小目标；目标检测；目标跟踪；雷达回波序列；数据集",
    "参考引用": [
        {
            "名称": "丁鹜飞，耿富录，陈建春. 雷达原理（第五版）[M]. 北京: 电子工业出版社, 2014.",
            "资源信息链接地址": "http://xueshu.baidu.com/s?wd= 雷达原理（第五版）"
        },
        {
            "名称": "斯科尼克. 雷达系统导论（第三版）[M]. 北京: 电子工业出版社, 2014.",
            "资源信息链接地址": "http://xueshu.baidu.com/s?wd= 雷达系统导论（第三版）"
        },
        {
            "名称": "蔡飞. 雷达弱小目标检测与跟踪技术研究[D]. 长沙: **科学技术大学, 2015.",
            "资源信息链接地址": "http://xueshu.baidu.com/s?wd= 雷达弱小目标检测与跟踪技术研究"
        },
        {
            "名称": "梁璞, 陈兴, 刘让, 等. 基于RFT和AMF融合聚焦的雷达弱小目标检测[J]. 航空兵器, 2019, 26(06): 1-9.",
            "资源信息链接地址": "http://xueshu.baidu.com/s?wd= 基于RFT和AMF融合聚焦的雷达弱小目标检测"
        },
        {
            "名称": "YANG Y, XIAO S, WANG X. Radar detection of small target in sea clutter using orthogonal projection[J]. IEEE Geoscience and Remote Sensing Letters, 2018, 16 (3): 382-386.",
            "资源信息链接地址": "http://xueshu.baidu.com/s?wd= Radar detection of small target in sea clutter using orthogonal projection"
        },
        {
            "名称": "黄响, 张林让, 唐世阳. 采用长时间相参积累技术的高速机动目标检测快速算法[J]. 西安交通大学学报, 2019, 53(08): 121-128.",
            "资源信息链接地址": "http://xueshu.baidu.com/s?wd= 采用长时间相参积累技术的高速机动目标检测快速算法"
        },
        {
            "名称": "ZHU S, LIAO G, YANG D, et al. New method for radar high-speed maneuvering weak target detection and imaging[J]. IEEE Geoscience and Remote Sensing Letters, 2014, 11 (7): 1175-1179.",
            "资源信息链接地址": "http://xueshu.baidu.com/s?wd= New method for radar high-speed maneuvering weak target detection and imaging"
        },
        {
            "名称": "杨建军, 卞磊, 路彬彬. 探测低慢小目标的新体制雷达技术[J]. 电子技术与软件工程, 2018(17): 101.",
            "资源信息链接地址": "http://xueshu.baidu.com/s?wd= 探测低慢小目标的新体制雷达技术"
        },
        {
            "名称": "CAO Y, WANG S, WANG Y, et al. Target detection for low angle radar based on multi-frequency order-statistics[J]. Journal of Systems Engineering and Electronics, 2015, 26(2): 267-273.",
            "资源信息链接地址": "http://xueshu.baidu.com/s?wd= Target detection for low angle radar based on multi-frequency order-statistics"
        },
        {
            "名称": "宋强. 杂波干扰下雷达微弱多目标检测跟踪方法[J]. 中国电子科学研究院学报, 2018, 13(05): 601-605.",
            "资源信息链接地址": "http://xueshu.baidu.com/s?wd= 杂波干扰下雷达微弱多目标检测跟踪方法"
        },
        {
            "名称": "YAN B, XU N, WANG G, et al. Detection of multiple maneuvering extended targets by three-dimensional hough transform and multiple hypothesis tracking[J]. IEEE Access, 2019, 7: 80717 – 80732.",
            "资源信息链接地址": "http://xueshu.baidu.com/s?wd= Detection of multiple maneuvering extended targets by three-dimensional hough transform and multiple hypothesis tracking"
        },
        {
            "名称": "王祎鸣, 张杰, 纪永刚, 等. 高频地波雷达海杂波背景下的船只目标检测研究进展[J]. 海洋科学, 2016, 40(09): 140-144.",
            "资源信息链接地址": "http://xueshu.baidu.com/s?wd= 高频地波雷达海杂波背景下的船只目标检测研究进展"
        },
        {
            "名称": "YANG Y, FENG D, WANG X, et al. Effects of K distributed sea clutter and multipath on radar detection of low altitude sea surface targets[J]. IET Radar, Sonar & Navigation, 2014, 8 (7) : 757-766.",
            "资源信息链接地址": "http://xueshu.baidu.com/s?wd= Effects of K distributed sea clutter and multipath on radar detection of low altitude sea surface targets"
        },
        {
            "名称": "周龙, 韦素媛, 崔忠马, 等. 基于深度学习的复杂背景雷达图像多目标检测[J]. 系统工程与电子技术, 2019, 41(06): 1258-1264.",
            "资源信息链接地址": "http://xueshu.baidu.com/s?wd= 基于深度学习的复杂背景雷达图像多目标检测"
        },
        {
            "名称": "陈伟, 孙洪忠, 齐恩勇, 等. 智能化时代雷达导引头信号处理关键技术展望[J]. 航空兵器, 2019, 26(01): 76-82.",
            "资源信息链接地址": "http://xueshu.baidu.com/s?wd= 智能化时代雷达导引头信号处理关键技术展望"
        },
        {
            "名称": "侯旋, 陈涛, 王唯良. 雷达目标检测深层自编码器自适应优化算法[J]. 计算机工程与应用, 2019, 55(13): 165-171.",
            "资源信息链接地址": "http://xueshu.baidu.com/s?wd= 雷达目标检测深层自编码器自适应优化算法"
        },
        {
            "名称": "张志宏, 张可心, 彭章友, 等. 基于粒子滤波的分布式雷达TBD算法[J]. 雷达科学与技术, 2019, 17(06): 610-615.",
            "资源信息链接地址": "http://xueshu.baidu.com/s?wd= 基于粒子滤波的分布式雷达TBD算法"
        },
        {
            "名称": "YU X, CHEN X, HUANG Y, et al. Radar moving target detection in clutter background via adaptive dual-threshold sparse fourier transform[J]. IEEE Access, 2019, 7: 58200-58211.",
            "资源信息链接地址": "http://xueshu.baidu.com/s?wd= Radar moving target detection in clutter background via adaptive dual-threshold sparse fourier transform"
        },
        {
            "名称": "ZHAO W, CHEN Z, JIN M. Subband maximum eigenvalue detection for radar moving target in sea clutter[J]. IEEE Geoscience and Remote Sensing Letters, 2020, PP(99): 1-5.",
            "资源信息链接地址": "http://xueshu.baidu.com/s?wd= Subband maximum eigenvalue detection for radar moving target in sea clutter"
        },
        {
            "名称": "ZHANG X, ZUO L, YANG D, et al. Coherent-like integration for PD radar target detection based on short-time fourier transform[J]. IET Radar, Sonar & Navigation, 2019, 14 (1) : 156-166.",
            "资源信息链接地址": "http://xueshu.baidu.com/s?wd= Coherent-like integration for PD radar target detection based on short-time fourier transform"
        },
        {
            "名称": "刘宁波, 董云龙, 王国庆, 等. X波段雷达对海探测试验与数据获取[J]. 雷达学报, 2019, 8(5): 656-667.",
            "资源信息链接地址": "http://xueshu.baidu.com/s?wd= X波段雷达对海探测试验与数据获取"
        },
        {
            "名称": "吴顺君. 雷达信号处理和数据处理技术[M]. 北京: 电子工业出版社, 2008.",
            "资源信息链接地址": "http://xueshu.baidu.com/s?wd= 雷达信号处理和数据处理技术"
        },
        {
            "名称": "C.阿拉巴斯特. 脉冲多普勒雷达——原理、技术与应用[M]. 北京: 电子工业出版社, 2016.",
            "资源信息链接地址": "http://xueshu.baidu.com/s?wd=阿拉巴斯特. 脉冲多普勒雷达——原理、技术与应用"
        },
        {
            "名称": "陈帅霖. 机动微弱目标能量积累检测方法研究[D]. 西安: 西安电子科技大学, 2017.",
            "资源信息链接地址": "http://xueshu.baidu.com/s?wd= 机动微弱目标能量积累检测方法研究"
        },
        {
            "名称": "CHEN H, VARSHNEY P K, KAY S M, et al. Theory of the Stochastic Resonance Effect in Signal Detection: Part I-Fixed Detectors[J]. IEEE Transactions on Signal Processing, 2007, 55 (7): 3172-3184.",
            "资源信息链接地址": "http://xueshu.baidu.com/s?wd= Theory of the Stochastic Resonance Effect in Signal Detection: Part I-Fixed Detectors"
        },
        {
            "名称": "GALY J, CHAUMETTE E, LARZABAL P. Joint detection estimation problem of monopulse angle measurement[J]. IEEE Transactions on Aerospace and Electronic Systems, 2010, 46 (1): 397-413.",
            "资源信息链接地址": "http://xueshu.baidu.com/s?wd= Joint detection estimation problem of monopulse angle measurement"
        },
        {
            "名称": "郑乐. 宽频带雷达目标跟踪理论与算法研究[D]. 北京: 北京理工大学, 2014.",
            "资源信息链接地址": "http://xueshu.baidu.com/s?wd= 宽频带雷达目标跟踪理论与算法研究"
        },
        {
            "名称": "RUTTEN M, GORDON N, MASKELL S. Recursive track-before-detect with target amplitude fluctuations[J]. IEE Proceedings-Radar, Sonar and Navigation, 2005, 152 (5): 345-352.",
            "资源信息链接地址": "http://xueshu.baidu.com/s?wd= Recursive track-before-detect with target amplitude fluctuations"
        },
        {
            "名称": "MORELANDE M, RISTIC B. Signal-to-noise ratio threshold effect in track before detect[J]. IET Radar, Sonar and Navigation. 2009, 3 (6): 601-608.",
            "资源信息链接地址": "http://xueshu.baidu.com/s?wd= Signal-to-noise ratio threshold effect in track before detect"
        }
    ],
    "作者": [
        {
            "姓名": "宋志勇",
            "机构": [
                "**科技大学电子科学学院ATR重点实验室",
                "ATR Key Laboratory, College of Electronic Science and Technology, National University of Defense Technology, 410073, P.R. China"
            ],
            "贡献": "主要承担工作：数据加工与标注，数据集制作，数据使用评价。",
            "简介": "男，湖南省长沙市人，博士，副教授，研究方向为雷达数据处理与目标识别。"
        },
        {
            "姓名": "回丙伟",
            "机构": [
                "**科技大学电子科学学院ATR重点实验室",
                "ATR Key Laboratory, College of Electronic Science and Technology, National University of Defense Technology, 410073, P.R. China"
            ],
            "贡献": "主要承担工作：数据处理与加工。",
            "简介": "男，河北省衡水市人，博士，讲师，研究方向为目标识别数据工程。"
        },
        {
            "姓名": "范红旗",
            "机构": [
                "**科技大学电子科学学院ATR重点实验室",
                "ATR Key Laboratory, College of Electronic Science and Technology, National University of Defense Technology, 410073, P.R. China"
            ],
            "贡献": "主要承担工作：数据集设计。",
            "简介": "男，陕西省渭南市人，博士，副教授，研究方向为数据科学与雷达目标识别。"
        },
        {
            "姓名": "周剑雄",
            "机构": [
                "**科技大学电子科学学院ATR重点实验室",
                "ATR Key Laboratory, College of Electronic Science and Technology, National University of Defense Technology, 410073, P.R. China"
            ],
            "贡献": "主要承担工作：数据处理与数据标注。",
            "简介": "女，湖南省湘潭市人，博士，教授，研究方向为雷达成像技术。"
        },
        {
            "姓名": "朱永锋",
            "机构": [
                "**科技大学电子科学学院ATR重点实验室",
                "ATR Key Laboratory, College of Electronic Science and Technology, National University of Defense Technology, 410073, P.R. China"
            ],
            "贡献": "主要承担工作：数据集设计。",
            "简介": "男，江苏省南通市人，博士，副研究员，研究方向为雷达波形与信息处理。"
        },
        {
            "姓名": "达凯",
            "机构": [
                "**科技大学电子科学学院ATR重点实验室",
                "ATR Key Laboratory, College of Electronic Science and Technology, National University of Defense Technology, 410073, P.R. China"
            ],
            "贡献": "主要承担工作：数据加工处理。",
            "简介": "男，湖南省邵阳市人，博士生，研究方向为多传感器信息融合。"
        },
        {
            "姓名": "张晓峰",
            "机构": [
                "中国航天科工集团第二研究院第25研究所",
                "25th Institute in 2nd Academy of China Aerospace Science and Technology Group, 100010, P.R. China"
            ],
            "贡献": "主要承担工作：数据采集方案制定。",
            "简介": "男，黑龙江省哈尔滨市人，博士，研究员，研究方向为精确制导。"
        },
        {
            "姓名": "苏宏艳",
            "机构": [
                "中国航天科工集团第二研究院第25研究所",
                "25th Institute in 2nd Academy of China Aerospace Science and Technology Group, 100010, P.R. China"
            ],
            "贡献": "主要承担工作：数据采集。",
            "简介": "女，陕西省西安市人，博士，研究员，研究方向为精确制导。"
        },
        {
            "姓名": "金威",
            "机构": [
                "中国航天科工集团第二研究院第25研究所",
                "25th Institute in 2nd Academy of China Aerospace Science and Technology Group, 100010, P.R. China"
            ],
            "贡献": "主要承担工作：数据采集。",
            "简介": "男，天津市人，博士，高工，研究方向为信号处理。"
        },
        {
            "姓名": "张永杰",
            "机构": [
                "中国航天科工集团第二研究院第25研究所",
                "25th Institute in 2nd Academy of China Aerospace Science and Technology Group, 100010, P.R. China"
            ],
            "贡献": "主要承担工作：数据采集。",
            "简介": "男，安徽省阜阳市人，博士，研究员，研究方向为精确制导。"
        },
        {
            "姓名": "杨彩霞",
            "机构": [
                "中国航天科工集团第二研究院第25研究所",
                "25th Institute in 2nd Academy of China Aerospace Science and Technology Group, 100010, P.R. China"
            ],
            "贡献": "主要承担工作：数据采集。",
            "简介": "女，山西省朔州市人，博士，研究员，研究方向为信号处理。"
        },
        {
            "姓名": "蔺震",
            "机构": [
                "中国航天科工集团第二研究院第25研究所",
                "25th Institute in 2nd Academy of China Aerospace Science and Technology Group, 100010, P.R. China"
            ],
            "贡献": "主要承担工作：数据采集。",
            "简介": "男，内蒙古鄂尔多斯市人，博士，工程师，研究方向为信号处理。"
        },
        {
            "姓名": "樊润东",
            "机构": [
                "中国航天科工集团第二研究院第25研究所",
                "25th Institute in 2nd Academy of China Aerospace Science and Technology Group, 100010, P.R. China"
            ],
            "贡献": "主要承担工作：数据采集。",
            "简介": "男，湖南省益阳市人，硕士，工程师，研究方向为信号处理。"
        }
    ],
    "基金": "国家自然科学基金（61401475）",
    "数据集名称": "雷达回波序列中弱小飞机目标检测跟踪数据集",
    "数据作者": "范红旗（fanhongqi@nudt.edu.cn）",
    "时间范围": "2017–2019年",
    "空间范围": "中国",
    "杂波背景": "地面",
    "雷达载频": "35 GHz",
    "脉冲重复频率": "32 KHz",
    "距离采样单元间隔": "1.875 m",
    "数据量": "8.76 GB",
    "数据格式": "*.mat, *.txt",
    "数据组成": "本数据集由15个数据段组成，每个数据段包含3部分：（1）dataX.mat是第X段包含有目标的雷达回波序列；（2）dataX_gate.mat是第X段雷达回波序列对应的距离波门信息序列；（3）dataX_value.txt 是对应于第X段数据对应的标记文件，标记信息包括对应数据段中从零时刻开始每间隔50 ms所处时刻的目标数、目标编号、目标速度、目标距离。",
    "数据采集和处理方法": "1.1数据采集方法数据采集用到的主要设施和设备为高塔和转台，试验地点位于陕西省宝鸡市眉县（图1）。数据采集试验采用高塔架设转台并搭载带伺服雷达传感器的方式开展。高塔距离地面约90米，窄波束雷达安装于转台上，转台固定于平台边缘并下俯一定角度。视野无遮挡，地貌为玉米、小麦、猕猴桃园等多类农作物。高塔、转台以及伺服系统的使用为获取不同场景的目标雷达回波序列提供了保障。图1雷达回波数据录取场景数据采集使用的传感器为Ka频段通用录取设备，该设备的基本性能参数如表1所示。下载表1Ka频段雷达的基本性能参数指标项性能参数载频35GHz波形体制线性调频脉冲脉冲重复频率32KHz距离采样单元间隔1.875m数据采集的对象为空中固定翼无人机。转台以及目标无人机上装配有GPS通信站，引导计算机接收并解算二者的GPS信息，实时发送角度和距离等解算结果用于引导雷达伺服转动，对无人机目标进行跟踪以维持目标位于雷达的视场中，同时数据录取设备进行回波的同步采集与保存。数据采集的主要环境背景及场景设计如表2所示。下载表2数据场景情况数据段名场景说明data1地物背景、高信噪比、双目标、目标由远及近、时长2sdata2地物背景、中等信噪比、双目标、目标由远及近、时长2sdata3地物背景、低信噪比、双目标、目标由远及近、时长2sdata4地物背景、高信噪比、双目标、目标由近及远、时长2sdata5地物背景、中等信噪比、双目标、目标由近及远、时长2sdata6地物背景、低信噪比、双目标、目标由近及远、时长2sdata7地物背景、高信噪比、双目标、目标接近和远离、时长4sdata8地物背景、中等信噪比、双目标、目标接近和远离、时长4sdata9地物背景、低信噪比、双目标、目标由近及远、时长6sdata10地物背景、高信噪比、目标数目变化、目标由近及远、时长6sdata11地物背景、中等信噪比、目标数目变化、目标接近和远离、时长6sdata12地物背景、低信噪比、双目标、目标接近和远离、时长4sdata13地海背景、高信噪比、目标数目变化、目标由远及近、时长6sdata14地海背景、中等信噪比、目标数目变化、目标由远及近、时长6sdata15地海背景、低信噪比、双目标、目标接近和远离、时长6s注：其中双目标指波束内包含一个大目标和一个小目标，大目标信噪比越20dB，且不变化。信噪比参数指的是小目标的信噪比，低信噪比条件为小目标信噪比3dB左右，中等信噪比条件为小目标信噪比7dB左右，高信噪比条件为小目标信噪比15dB左右。1.2数据处理与标注数据处理与标注是将采集到的原始雷达回波数据进行格式转换，剔除无效及污染数据，按一定的原则，对数据进行加工处理，并为感兴趣的真实目标进行标注，提供真值的过程。1.2.1数据预处理雷达工作模式为脉冲–多普勒模式，每个雷达数据段的原始数据为连续时间采样后的离散数字信号，在数据预处理结果将离散数字信号按照脉冲时刻以及重复周期进行数字下变频处理、抽取滤波处理以及脉冲压缩处理，形成脉冲压缩后的时域脉冲序列[22-23]。由于原始数据中存在由于数据录取设备原因导致的丢帧问题，故在预处理阶段需要剔除丢帧数据，同步修正波门数据，以确保数据的连续性和一致性[24]。1.2.2数据标注雷达数据标注的本质就是通过对数据进行处理，获得确定时刻数据中感兴趣目标的真值，在距离–多普勒模式下真值主要指当前时刻下目标的数目、目标的序号、目标的速度以及距离。考虑到录取的雷达回波数据中杂波强度大、目标动态范围大、信噪比较低等特点，通过对数据进行确定时长的相参积累[25]、CFAR（ConstantFalse-AlarmRate，恒虚警检测技术）检测[26]、航迹跟踪[27]，以及与录取记录的GPS数据进行比对，采用自动标注与人工标注相结合的方式获得雷达回波序列间隔50ms时刻波束内目标的数据以及对应目标的距离和速度值，以此作为真值。",
    "数据描述": "本数据集共包含有15个数据段，数据段的命名从data1开始依次递增至data15。每个数据段都主要包括雷达回波序列、雷达波门数据以及标注真值数据三类，下面分别对这三类数据的典型样本进行描述和分析。2.1雷达回波数据样本雷达回波数据集中每段数据为一定时长内所有脉冲进行脉冲压缩后形成的连续时间脉冲序列，数据形式为二维数组，后缀名为mat，对于某一段数据，文件名为dataX.mat。每个脉冲的采样点数固定为319个，对于慢时间维，脉冲重复频率为32kHz，脉冲数目根据选取时长的不同而不同，因此对应的二维数组大小不一样。每段数据的采样时刻皆从0时刻开始。单个雷达回波数据样本示例如图2所示，行序号代表慢时间脉冲数，列序号代表快时间采样点数。图2Matlab导入某数据段样本中回波序列详情对于图2所示的脉冲压缩后的回波序列，通过选取不同的脉冲数目可以进行不同时长的相参脉冲积累，从而获得距离–多普勒图像。图3显示了单目标和多目标场景下基于脉冲压缩回波序列进行相参积累后获得的距离–多普勒图像情况。图3不同目标场景下的距离–多普勒图像(a)2个目标的R-D图像示例(b)单个目标的R-D图像示例2.2距离波门数据样本对应于每一段雷达数据，提供一个雷达距离波门数据文件，数据形式按时间排序的一维数组，后缀名为mat。波门起始位置对应第一个采样点，在整个数据段中随目标移动，更新率为1ms（32个脉冲更新一次）。某一段数据对应的距离波门数据文件名为dataX_gate.mat。单个雷达回波距离波门数据样本示例如图4所示。(a)(b)图4不同目标场景下的距离–多普勒图像(a)波门文件dataX_gate数据格式2.3标注真值数据样本标注数据结果以的dataX_value*.txt文件为格式存储，其中dataX为对应的回波序列文件名称（如data1、data2等），具体格式约定如表3所示。标注文件的具体约束事项如下：（1）每段雷达回波序列的标注结果保存为1个文件；（2）按照50ms的数据率给出标注结果，即每1600个脉冲输出1次结果，第1600*N个脉冲时刻为数据输出时刻，以此类推；（3）目标的距离和速度估计值的数据类型为浮点类型；（4）结果文件中所有英文标识均使用小写字母，所有数量标识均使用阿拉伯数字；（5）输出的检测和估计结果按行存储，若对应输出时刻未检测到目标，则目标数记为0；（6）同一数据行内不同字段之间以空格间隔；（7）字段中的标点符号“:”为英文字符；（8）每个结果文件中的目标都从1开始递增编号。下载表3数据标注文件格式说明第1行50ms目标数object:1速度距离object:2速度距离……第2行100ms目标数object:1速度距离object:2速度距离………………第N行50*Nms目标数object:1速度距离object:2速度距离……下面以数据集中data2数据为例对标注数据进行解释说明，如图5所示。图5数据标注文件样本举例在第1行中，字段“50ms”表示从第1个脉冲开始至1600个脉冲时刻的时间，即表示本行输出的目标及参数信息为第50ms时刻对应回波中的目标情况；字段“1”表达当前时刻波束内只有1个目标；字段“object:1”表示接续下来的两个字段是目标1的速度真值和距离真值；字段“40.401786”表示目标1的速度真值，保留小数点后6位；字段“1572.979364”表示目标1的距离真值，保留小数点后6位。第2–44行的字段含义同第1行，可依次类推。在第45行中，字段“2250ms”表示本行的结果对应的是第2250ms时刻，也就是第72000个脉冲时刻对应的目标真值信息；字段“2”表达当前时刻波束内有2个目标；字段“object:1”表示接续下来的两个字段是目标1的速度真值和距离真值；字段“40.312500”表示目标1的速度真值；字段“1484.205737”表示目标1的距离真值；字段“object:2”表示接续下来的两个字段是目标2的速度真值和距离真值；字段“107.081051”表示目标2的速度真值；字段“1799.357029”表示目标2的距离真值。第46及之后的字段含义同第45行，可依次类推。",
    "数据质量": "本数据集中的所有雷达回波数据都是通过Ka频段通用录取设备在专门设计的实验中实测采集得到，目标、杂波等特性真实可靠。雷达回波序列中确定时刻对应的目标真值信息均为全自动标注和人工确认的结果，并经过多次核查检验，以确保数据质量[28]。数据集中所提供的评分准则及程序都已经过大量的实测验证，评分结果符合设计指标[29]。本数据集中的部分数据已在第二届“空天杯”创新创意大赛（2019）——探测识别算法挑战赛中发布供参赛选手测试及正式比赛使用。目前大赛已经正式落下帷幕，数据集作为探测识别算法挑战赛雷达专题下算法性能比测的重要依据，为大赛评选出了相应奖项类别。该大赛的圆满举办证实了本数据集中图像数据、目标标注和评分准则的质量和科学可信度，可作为更广泛科研人员的数据素材。",
    "数据价值": "本数据集针对固定翼无人机目标的雷达回波序列检测跟踪问题，设计了15个典型场景，具体涵盖了单目标、多目标、高信噪比、低信噪比、目标由远及近、目标由近及远、目标进出波束、目标穿越主杂波、目标机动等场景。每个典型场景对应1个段数据、共计15个数据段。该类型的数据集在国内尚属首次成系列的公开发布，这些数据情况包括了当前雷达弱小目标检测识别的以下重难点问题：（1）低信噪比下的弱小目标检测跟踪；（2）多目标情况下的弱小目标检测；（3）强杂波下的弱小目标检测。为满足检测跟踪识别算法性能评估的需要，数据集对雷达回波序列按照50ms等间隔时刻进行了目标真值的标注，并在这些标注结果的基础上，综合考虑检测正确性、检测精度、航迹正确性、目标漏警、目标虚警等关键评价要素，研究提出了满足复杂场景下雷达弱小目标检测跟踪算法性能综合评测准则，并开放了评分程序代码。本数据集在为雷达检测跟踪相关研究人员开展学习研究工作提供测试实验数据的同时，也能促进部分现有成果的实用化开发，打破当前雷达目标检测跟踪领域数据库分散、数据集不标准、数据流动性和开放性差的困局，为算法研究提供交流、评测和提升的渠道。此外，在第二届“空天杯”创新创意大赛结束后，众多参赛选手和国内同行对本数据集的补充完善版本都提出了申请需求，这也印证了本数据集的科研价值。图6为空天杯雷达算法挑战赛优秀选手利用本数据集提出的弱小目标检测跟踪框架和部分检测跟踪结果。图7为空天杯雷达算法挑战赛参赛选手基于本数据进行信号与数据处理获得的部分结果图。(a)(b)图6空天杯雷达检测跟踪挑战赛部分参赛作品(a)207号作品框架(b)207号作品框架(a)(b)(c)图7空天杯雷达检测跟踪挑战赛部分参赛作品处理结果(a)信号积累结果(b)CFAR检测结果(c)目标跟踪轨迹",
    "数据使用和建议": "5.1数据使用方法数据的推荐使用方法是：首先使用者利用自己编制的雷达弱小目标检测跟踪算法或软件读取一段雷达回波序列，并根据算法进行目标的检测跟踪；然后根据标注文件的存储格式，将该段数据的检测跟踪结果保存在自定义文件中；最后通过本数据集提供的评测准则（推荐使用数据集提供的评分程序代码）将真值数据与检测跟踪结果进行比对计算得分，作为当前数据段的结果，也可根据具体的实际应用需求，基于标注结果自行设计新的评分规则并计分比较。5.2数据使用评价数据使用后其结果评价可通过如下原则计分评价，分数越高表示性能越好。检测跟踪得分标准为：（1）正确检测且估计精度满足预定要求：即目标测量/滤波结果位于以真值为中心、大小为[±5m(R)×±0.12m/s(V)]的矩形框内（含），每次加1分；（2）正确检测但估计精度不满足预定要求：即目标测量/滤波结果位于以真值为中心、大小为[±5m(R)×±0.12m/s(V)]的矩形框外，但同时不超出大小为[±10m(R)×±0.5m/s(V)]的矩形框，每次加0分；（3）漏检，指以真值为中心的[±10m(R)×0.5m/s(V)]的范围内（含）无检测结果，每出现1次减1分；（4）虚警，指在以真值为中心的[±10m(R)×0.5m/s(V)]的范围外出现检测结果，每个虚警减2分。在上述数据使用评价准则下，利用本数据集测试结果满分为2286分。本数据集提供上述评价准则的评分程序代码。",
    "引用格式": "宋志勇, 回丙伟, 范红旗, 等. 雷达回波序列中弱小飞机目标检测跟踪数据集[DB/OL]. Science Data Bank, 2019. (2019-10-29). DOI: 10.11922/sciencedb.908."
}