{
    "类目名称": "岩石显微图像专题",
    "名称": "鲁西九龙山剖面寒武系苗岭统–芙蓉统之交碳酸盐岩显微图像数据集",
    "资源信息链接地址": "https://dx.doi.org/10.11922/sciencedb.j00001.00095",
    "摘要": "摘要：寒武纪时期华北地台处于典型的陆表海环境，苗岭统–芙蓉统之交华北地台发育了种类繁多的碳酸盐岩。本数据集主要收集了鲁西九龙山剖面寒武系碳酸盐岩104个岩石薄片的825张显微照片，并采用Embry & Klovan修订过的Dunham分类方案，将所涉及的碳酸盐岩进行了系统的划分和描述。本数据集包含两个子集，分别为剖面柱状图和显微照片，总储存容量为390 MB。两个子集相互联系，为深入了解华北地台碳酸盐岩沉积序列和沉积过程，提供了系统的沉积学研究基础。同时，本数据集也可用于基础地质学的教学与研究中，还可以为油气勘探、人工智能、科学普及等相关工作提供基础素材。",
    "关键词": "华北地台；寒武系；碳酸盐岩微相；岩相分析",
    "参考引用": [
        {
            "名称": "梅冥相. 华北寒武系二级海侵背景下的沉积趋势及层序地层序列: 以北京西郊下苇甸剖面为例[J]. 中国地质. 2011, 38(2): 317-337.",
            "资源信息链接地址": "http://xueshu.baidu.com/s?wd= 华北寒武系二级海侵背景下的沉积趋势及层序地层序列: 以北京西郊下苇甸剖面为例"
        },
        {
            "名称": "史晓颖, 陈建强, 梅仕龙. 华北地台东部寒武系层序地层年代格架[J]. 地学前缘, 1997, 4(3-4): 161-173.",
            "资源信息链接地址": "http://xueshu.baidu.com/s?wd= 华北地台东部寒武系层序地层年代格架"
        },
        {
            "名称": "LEE J, CHEN J, CHOUGH S K. The middle–late Cambrian reef transition and related geological events: A review and new view[J]. Earth-Science Reviews. 2015, 145: 66-84.",
            "资源信息链接地址": "http://xueshu.baidu.com/s?wd= The middle–late Cambrian reef transition and related geological events: A review and new view"
        },
        {
            "名称": "CHEN Z, TU C, PEI Y, et al. Biosedimentological features of major microbe-metazoan transitions (MMTs) from Precambrian to Cenozoic[J]. Earth-Science Reviews. 2019, 189: 21-50.",
            "资源信息链接地址": "http://xueshu.baidu.com/s?wd= Biosedimentological features of major microbe-metazoan transitions (MMTs) from Precambrian to Cenozoic"
        },
        {
            "名称": "韩作振, 陈吉涛, 张晓蕾, 等. 鲁西寒武系第三统张夏组附枝菌与附枝菌微生物灰岩特征研究[J]. 地质学报. 2009, 83(08): 1097-1103.",
            "资源信息链接地址": "http://xueshu.baidu.com/s?wd= 鲁西寒武系第三统张夏组附枝菌与附枝菌微生物灰岩特征研究"
        },
        {
            "名称": "王兆鹏. 莱芜九龙山寒武系张夏组树形石特征及地质意义[D]. 青岛: 山东科技大学, 2011.",
            "资源信息链接地址": "http://xueshu.baidu.com/s?wd= 莱芜九龙山寒武系张夏组树形石特征及地质意义"
        },
        {
            "名称": "陈金勇. 鲁西寒武系凝块石灰岩特征及沉积环境分析[D]. 青岛: 山东科技大学, 2011.",
            "资源信息链接地址": "http://xueshu.baidu.com/s?wd= 鲁西寒武系凝块石灰岩特征及沉积环境分析"
        },
        {
            "名称": "CHEN J. Surface and subsurface reworking by storms on a Cambrian carbonate platform: evidence from limestone breccias and conglomerates[J]. Geologos. 2014, 20(1): 13-23.",
            "资源信息链接地址": "http://xueshu.baidu.com/s?wd= Surface and subsurface reworking by storms on a Cambrian carbonate platform: evidence from limestone breccias and conglomerates"
        },
        {
            "名称": "CHEN J, LEE J, WOO J. Formative mechanisms, depositional processes, and geological implications of Furongian (late Cambrian) reefs in the North China Platform[J]. Palaeogeography, Palaeoclimatology, Palaeoecology. 2014, 414: 246-259.",
            "资源信息链接地址": "http://xueshu.baidu.com/s?wd= Formative mechanisms, depositional processes, and geological implications of Furongian (late Cambrian) reefs in the North China Platform"
        },
        {
            "名称": "胡修棉, 赖文, 许艺炜, 等. 沉积岩显微数字图像数据的获取与信息收集标准[J/OL]. 中国科学数据, 2020. (2020-03-23). DOI:10.11922/cdata.2020.0008zh.",
            "资源信息链接地址": "http://xueshu.baidu.com/s?wd= 沉积岩显微数字图像数据的获取与信息收集标准"
        },
        {
            "名称": "DUNHAM R J. Classification of carbonate rocks according to depositional textures[J]. AAPG Mem, 1962, 1: 108-121.",
            "资源信息链接地址": "http://xueshu.baidu.com/s?wd= Classification of carbonate rocks according to depositional textures"
        },
        {
            "名称": "EMBRY A F, KLOVAN J E. A late Devonian reef tract on northeastern Banks Island, NWT[J]. Bull Can Petrol Geol, 1971, 19: 730-781.",
            "资源信息链接地址": "http://xueshu.baidu.com/s?wd= A late Devonian reef tract on northeastern Banks Island, NWT"
        },
        {
            "名称": "BURNE R V, MOORE L S. Microbialites: organosedimentary deposits of benthic microbial communities[J]. Palaios, 1987, 2(3): 241-254.",
            "资源信息链接地址": "http://xueshu.baidu.com/s?wd= Microbialites: organosedimentary deposits of benthic microbial communities"
        }
    ],
    "作者": [
        {
            "姓名": "辛浩",
            "机构": [
                "中国科学院南京地质古生物研究所及生物演化与环境卓越创新中心，现代古生物学和地层学国家重点实验室",
                "State Key Laboratory of Palaeobiology and Stratigraphy, Nanjing Institute of Geology and Palaeontology and Center for Excellence in Life and Paleoenvironment, Chinese Academy of Sciences",
                "中国科学院大学",
                "University of Chinese Academy of Sciences"
            ],
            "贡献": "主要承担工作：薄片拍照鉴定和论文撰写。",
            "简介": "（1995—），男，山东省泰安市人，博士研究生，研究方向为沉积学与地层学。"
        },
        {
            "姓名": "陈吉涛",
            "机构": [
                "中国科学院南京地质古生物研究所及生物演化与环境卓越创新中心，现代古生物学和地层学国家重点实验室",
                "State Key Laboratory of Palaeobiology and Stratigraphy, Nanjing Institute of Geology and Palaeontology and Center for Excellence in Life and Paleoenvironment, Chinese Academy of Sciences"
            ],
            "贡献": "主要承担工作：数据集设计和论文指导。",
            "简介": "（1981—），男，山东省青岛市人，博士，研究员，研究方向为沉积学与地层学。"
        }
    ],
    "基金": "自然科学基金委青年项目（41302077）；中科院战略性先导科技专项（B类）（XDB26000000）。",
    "数据集名称": "鲁西九龙山剖面寒武系苗岭统–芙蓉统之交碳酸盐岩显微图像数据集",
    "数据作者": "陈吉涛（jtchen@nigpas.ac.cn）",
    "时间范围": "岩石样品采集、剖面柱状图描述、野外岩相和剖面露头照片拍摄于2006–2011年；岩石薄片显微照片系统拍摄于2020年。",
    "空间范围": "山东省济南市九龙山剖面（36°4'58.46\"N，117°44'42.20\"E）",
    "偏光显微镜分辨率": "1388×1040像素",
    "数据量": "380 MB",
    "数据格式": "*.jpg，*.xls",
    "数据组成": "数据集由三部分数据组成，剖面柱状图，显微照片与薄片信息表。其一为剖面柱状图，包括26张图片，数据量43.9 MB；其二为显微照片，包括104个岩石薄片的825张显微照片，数据量为346 MB；其三是薄片信息表，数据量为15.9 KB。",
    "数据采集和处理方法": "针对科学问题，通过文献调研与野外踏勘，本文选取了九龙山剖面为研究对象。在实测剖面过程中，采用1∶50大比例尺对地层真厚度与沉积特征进行详细的描绘与记录，根据岩性变化、构造现象进行拍照和采样，并将代表性的样品磨制成薄片进行显微观察与分析。显微观察在中国科学院南京地质与古生物研究所显微镜实验室完成，使用的显微镜及成像系统为蔡司ZeissImagerA2。显微图像信息收集与沉积岩薄片定名均依据《岩石显微图像专题》确定的标准[10]。本文碳酸盐岩的命名规则，采用Embry和Klovan[11]在Dunham[12]的基础之上所进行修订后的推荐方案（图3），根据岩石样品中的沉积组构、原始组分、支撑方式、颗粒含量等进行命名。在济南九龙山剖面中识别出泥晶灰岩、粒泥灰岩、泥粒灰岩、颗粒灰岩、漂浮岩、灰砾岩等多种碳酸盐岩。此外，该剖面中还发育壮观的微生物岩[13]，显微可见丰富的钙化微生物残余物，故将该类碳酸盐岩单独列出。图3Embry和Klovan在Dunham的基础之上修订后的碳酸盐岩分类方案",
    "数据描述": "本数据集由三部分组成，分别是剖面柱状图，显微照片，薄片鉴定信息表。2.1剖面柱状图剖面柱状图数据子集中所有图片均为JPG格式，总厚度约为260m，以1∶50的大比例尺详细展示了九龙山剖面的岩石组合、构造特征、地层厚度等信息（图4）。图4华北地台东部九龙山剖面地层柱状图2.2显微照片显微照片数据子集由104个岩石薄片的825张偏光显微照片组成（图5），格式为JPG，显微照片按“薄片编号”+“m”+“摄像视域的数字序号”+“单偏光符号-”进行命名。比例尺选取1倍、5倍、10倍等不同尺度，并在右下角放置白色线段比例尺，单位为μm（5倍线段比例尺由于设备原因未能自动添加，比例尺在数据子集中单独展示）。(a)(b)图5九龙山剖面碳酸盐岩显微图像示例（a）06102309m7-（b）06102312m10-2.3薄片鉴定信息表薄片鉴定信息表由1个碳酸盐岩鉴定表格组成，鉴定表格内主要包含九龙山剖面中的泥晶灰岩、粒泥灰岩、泥粒灰岩、颗粒灰岩、漂浮岩、灰砾岩以及微生物岩等岩石薄片的基本信息。数据描述包括：薄片编号、岩石名称、颗粒类型、图像编号以及地理位置、地层位置等信息。本次进行鉴定和显微拍照的岩石薄片共104片（表1，图6）。其中泥晶灰岩20片，基质主要为粘土和（或）粉晶；粒泥灰岩13片，颗粒类型主要为方解石晶粒、球粒、内碎屑等；泥粒灰岩8片，颗粒类型主要为生屑、方解石晶粒、内碎屑等；颗粒灰岩19片，颗粒类型主要为鲕粒、生屑、方解石晶粒等；灰砾岩22片，漂浮岩8片，二者均含有较大粒径的内碎屑颗粒；微生物岩14片，主要由微生物团块所构成，显微可见钙化微生物。下载表1数据集包含岩石类型及薄片数量碳酸盐岩类型薄片数量泥晶灰岩20粒泥灰岩13泥粒灰岩8颗粒灰岩19灰砾岩22漂浮岩8微生物岩14图6九龙山剖面岩石薄片分类统计图",
    "数据质量": "本数据集样品均采自于鲁西地区济南九龙山剖面，选择代表性、保存完整的碳酸盐岩样品进行送样。按照国家与国际标准进行制作显微薄片，厚度为0.03mm。显微照片高清且无色差。在显微镜拍摄过程中，采用自动曝光和自动白平衡，使得肉眼观察和系统照片颜色尽量保持一致，分辨率根据不同的粒径大小有所区别，故显微照片的质量与清晰度是可靠的。此外，为保证数据质量与准确性，在薄片鉴定与描述过程中，作者进行了多次检查与核实，并与同行学者进行讨论。",
    "数据价值": "本数据集来自于作者对鲁西地区九龙山剖面的研究工作，包括剖面柱状图、显微照片、薄片鉴定信息表等，对岩石样品的采集位置、野外宏观特征、组分结构等显微特征进行了系统描述与展示，为深入了解华北地台碳酸盐岩沉积序列和沉积过程，提供了系统的沉积学研究基础。同时，本数据集也可用于基础地质学的教学与研究中，还可以为油气勘探、人工智能、科学普及等相关工作提供基础素材。",
    "数据使用和建议": "本数据集数据形式简单，在使用时应注意以下几点：（1）数据集中所有出现的薄片，都集中统一保存在中国科学院南京地质古生物研究所陈吉涛研究员课题组。如果以上数据集中提供的显微照片不能满足进一步的研究需要，可以联系本文作者申请进一步使用这些薄片。（3）如果单纯使用图像集，可以直接从数据库下载使用；但是，若需要进一步解决地学相关的科学问题，需结合数据信息表中提供的地理位置，以及岩石形成所处的地质时代与构造背景来展开分析。",
    "引用格式": "辛浩,  陈吉涛. 鲁西九龙山剖面寒武系苗岭统-芙蓉统之交碳酸盐岩显微图像数据集. [DB/OL]. Science Data Bank, 2020. (2020-09-02). DOI: 10.11922/sciencedb.j00001.00095."
}