{
    "类目名称": "岩石显微图像专题",
    "名称": "下扬子南部上泥盆统–下石炭统五通群陆源碎屑岩显微图像数据集",
    "资源信息链接地址": "http://www.dx.doi.org/10.11922/sciencedb.j00001.00103",
    "摘要": "摘要：加里东构造末期，华南大部分地区暴露并遭受不同程度的风化剥蚀。泥盆纪大海侵淹没扬子地块大部分地区，并广泛沉积一套岩性高度相似的陆源碎屑岩，与下伏地层为不整合接触。该套碎屑岩的物源信息、沉积环境信息是揭示加里东构造运动末期下扬子地区古地貌和晚古生代初期沉积和古地理格局的钥匙。下扬子地区可公开查阅的五通群基础岩石学数据较为缺乏，重复的基础岩石学工作还在不断地进行。为了更好地共享这些基础岩石学数据，本数据集通过使用偏光显微镜，对下扬子南部上泥盆统–下石炭统五通群12条剖面和12个露头共计200个碎屑岩样品标准岩石薄片进行图像采集与镜下特征分析，同时收集前人文献中12个五通群碎屑岩样薄片图像，共212个碎屑岩的显微图像整理成详细的数据集。本数据集包含了样品的采样位置、地层时代、岩石名称及特征等信息，不仅可以应用于五通群基础地质学研究，也可应用于图像智能识别等交叉学科研究中，还可以为社会生产提供基础资料服务。",
    "关键词": "下扬子南部；晚泥盆世–早石炭世；五通群；碎屑岩；显微图集",
    "参考引用": [
        {
            "名称": "陈代钊, 陈其英. 华南泥盆纪沉积演化及海水进退规程[J]. 地质科学, 1994, 29(03): 246-255.",
            "资源信息链接地址": "http://xueshu.baidu.com/s?wd= 华南泥盆纪沉积演化及海水进退规程"
        },
        {
            "名称": "马永生, 陈洪德, 王国力, 等. 中国南方构造-层序岩相古地理图集[M]. 北京: 科学出版社, 2009.",
            "资源信息链接地址": "http://xueshu.baidu.com/s?wd= 中国南方构造-层序岩相古地理图集"
        },
        {
            "名称": "四川省地质矿产局. 四川省区域地质志[M]. 北京: 地质出版社, 1991.",
            "资源信息链接地址": "http://xueshu.baidu.com/s?wd= 四川省区域地质志"
        },
        {
            "名称": "广西壮族自治区区域地质志[M]. 北京: 地质出版社, 1985.",
            "资源信息链接地址": "http://xueshu.baidu.com/s?wd=[M]."
        },
        {
            "名称": "湖南省地质矿产局. 湖南省区域地质志[M]. 北京: 地质出版社, 1988.",
            "资源信息链接地址": "http://xueshu.baidu.com/s?wd= 湖南省区域地质志"
        },
        {
            "名称": "江西省地质矿产局. 江西省区域地质志[M]. 北京: 地质出版社, 1984.",
            "资源信息链接地址": "http://xueshu.baidu.com/s?wd= 江西省区域地质志"
        },
        {
            "名称": "俞国华. 浙江省岩石地层[M]. 武汉: 中国地质大学出版社, 1997.",
            "资源信息链接地址": "http://xueshu.baidu.com/s?wd= 浙江省岩石地层"
        },
        {
            "名称": "安徽省地质矿产局. 安徽省区域地质志[M]. 北京: 地质出版社, 1989.",
            "资源信息链接地址": "http://xueshu.baidu.com/s?wd= 安徽省区域地质志"
        },
        {
            "名称": "江苏省地质矿产局. 江苏省及上海市区域地质志. 北京: 地质出版社, 1984.",
            "资源信息链接地址": "http://xueshu.baidu.com/s?wd=[9]江苏省地质矿产局."
        },
        {
            "名称": "李星学. 中国晚古生代陆相地层[M]. 北京: 科学出版社, 1963.",
            "资源信息链接地址": "http://xueshu.baidu.com/s?wd= 中国晚古生代陆相地层"
        },
        {
            "名称": "陈永祥, 欧阳舒. 江苏句容五通群擂鼓台组上部大孢子的发现及其地层意义[J]. 古生物学报, 1985, 24(03): 267-274, 351-352.",
            "资源信息链接地址": "http://xueshu.baidu.com/s?wd= 江苏句容五通群擂鼓台组上部大孢子的发现及其地层意义"
        },
        {
            "名称": "陈永祥, 欧阳舒. 江苏句容泥盆——石炭纪大抱子的补充研究[J]. 古生物学报, 1987, 26(04): 71-84, 157-160.",
            "资源信息链接地址": "http://xueshu.baidu.com/s?wd= 江苏句容泥盆——石炭纪大抱子的补充研究"
        },
        {
            "名称": "侯明金, 齐敦伦. 安徽巢湖地区泥盆纪-石炭纪界线地层的新认识[J]. 地层学杂志, 2006, 030(002): 157-170.",
            "资源信息链接地址": "http://xueshu.baidu.com/s?wd= 安徽巢湖地区泥盆纪-石炭纪界线地层的新认识"
        },
        {
            "名称": "高联达. 长江下游地区晚泥盆世至早石炭世孢子带和泥盆系——石炭系界线[J]. 地球学报, 2015, 36(01):7-21.",
            "资源信息链接地址": "http://xueshu.baidu.com/s?wd= 长江下游地区晚泥盆世至早石炭世孢子带和泥盆系——石炭系界线"
        },
        {
            "名称": "杜森官, 杜建国, 许卫, 等. 安徽省黄山、铜陵一带五通群的地层时代与划分对比[J]. 地层学杂志, 2016, 40(02): 151-161.",
            "资源信息链接地址": "http://xueshu.baidu.com/s?wd= 安徽省黄山、铜陵一带五通群的地层时代与划分对比"
        },
        {
            "名称": "赵鲁阳, 吕大炜, 刘海燕, 等.  安徽巢北地区五通组沉积环境分析[J]. 沉积学报, 2015, 33(03): 470-479.",
            "资源信息链接地址": "http://xueshu.baidu.com/s?wd=  安徽巢北地区五通组沉积环境分析"
        },
        {
            "名称": "李超, 吕璇, 胡修棉, 等. 下扬子砂岩物源分析提供东南沿海晚古生代大陆弧新证据[J]. 科学通报, 2017, 62(25): 2951-2966.",
            "资源信息链接地址": "http://xueshu.baidu.com/s?wd= 下扬子砂岩物源分析提供东南沿海晚古生代大陆弧新证据"
        },
        {
            "名称": "宋佳伟, 赵鲁阳, 吕大炜. 巢湖地区五通组砂岩岩石学特征[J]. 中国煤炭地质, 2016, 28(04): 45-48.",
            "资源信息链接地址": "http://xueshu.baidu.com/s?wd= 巢湖地区五通组砂岩岩石学特征"
        },
        {
            "名称": "高小惠, 张训华, 蔡来星, 等. 南黄海盆地中部隆起CSDP-2井志留系——石炭系岩石学特征及其沉积相[J]. 吉林大学学报(地球科学版), 2019, 49:57-68.",
            "资源信息链接地址": "http://xueshu.baidu.com/s?wd= 南黄海盆地中部隆起CSDP-2井志留系——石炭系岩石学特征及其沉积相"
        },
        {
            "名称": "胡修棉, 赖文, 许艺炜, 等. 沉积岩显微数字图像数据的获取与信息收集标准[J/OL]. 中国科学数据, 2020. (2020-03-23). DOI: 10.11922/csdata.2020.0008.zh.",
            "资源信息链接地址": "http://xueshu.baidu.com/s?wd= 沉积岩显微数字图像数据的获取与信息收集标准"
        },
        {
            "名称": "GARZANTI E. From static to dynamic provenance analysis—Sedimentary petrology upgraded. Sedimentary Geology, 2016, 336: 3-13.",
            "资源信息链接地址": "http://xueshu.baidu.com/s?wd=[21]GARZANTI E."
        }
    ],
    "作者": [
        {
            "姓名": "蔡文鹏",
            "机构": [
                "油气藏地质与开发工程国家重点实验室（成都理工大学），四川成都 610059",
                "State Key Laboratory of Oil and Gas Reservoir Geology and Exploration,(Chengdu University of Technology)",
                "成都理工大学，地球科学学院",
                "Chengdu University of Technology, School of Earth Sciences"
            ],
            "贡献": "主要承担工作：野外剖面实测、采样，薄片拍照鉴定，论文撰写。",
            "简介": "（1995—），男，云南省昭通市人，硕士研究生，研究方向为沉积学。"
        },
        {
            "姓名": "侯明才",
            "机构": [
                "油气藏地质与开发工程国家重点实验室（成都理工大学），四川成都 610059",
                "State Key Laboratory of Oil and Gas Reservoir Geology and Exploration,(Chengdu University of Technology)",
                "成都理工大学沉积地质研究院",
                "Institute of Sedimentary Geology, Chengdu University of Technology"
            ],
            "贡献": "主要承担工作：野外计划设计、数据集设计，论文指导。",
            "简介": "（1968—），男，四川省南充市人，博士（后），教授，研究方向为大地构造沉积学、层序岩相古地理学。"
        },
        {
            "姓名": "陈瀚之",
            "机构": [
                "油气藏地质与开发工程国家重点实验室（成都理工大学），四川成都 610059",
                "State Key Laboratory of Oil and Gas Reservoir Geology and Exploration,(Chengdu University of Technology)",
                "成都理工大学，地球科学学院",
                "Chengdu University of Technology, School of Earth Sciences"
            ],
            "贡献": "主要承担工作：野外剖面实测及采样。",
            "简介": "（1985—），男，江苏省盐城市人，博士研究生，研究方向为构造地质学。"
        },
        {
            "姓名": "刘彦鹏",
            "机构": [
                "油气藏地质与开发工程国家重点实验室（成都理工大学），四川成都 610059",
                "State Key Laboratory of Oil and Gas Reservoir Geology and Exploration,(Chengdu University of Technology)",
                "成都理工大学沉积地质研究院",
                "Institute of Sedimentary Geology, Chengdu University of Technology"
            ],
            "贡献": "主要承担工作：野外剖面实测及采样。",
            "简介": "（1993—），男，天津市人，硕士研究生，研究方向为沉积学。"
        }
    ],
    "基金": "生产性科技项目（CCL2018SHPS004RSI）",
    "数据集名称": "下扬子南部上泥盆统–下石炭统五通群陆源碎屑岩显微图像数据集",
    "数据作者": "侯明才（houmc@cdut.edu.cn）",
    "时间范围": "岩石样品采集地层的时代为晚泥盆世–早石炭世（约382.7–360 Ma）；岩石样品采集时间为2018–2019年；岩石薄片偏光显微照片拍摄于2020年。",
    "空间范围": "样品采集于江苏省南京市、宜兴市，浙江省长兴县、杭州市，安徽省广德市、宁国市、泾县、铜陵市、池州市、庐江县、无为县、巢湖市等地。",
    "偏光显微镜分辨率": "2560×1920像素",
    "数据量": "2.85 GB",
    "数据格式": "*.jpg，*.xls",
    "数据组成": "本数据集由三部分组成：第一部分共212个薄片892张照片存放于29个文件夹中，数据量2.85 GB；第二部分所有样品信息存放于Excel表格中，数据量95 KB；第三部分碎屑缩写代号对照表，数据量15 KB。",
    "数据采集和处理方法": "因此，不整合面之上的泥盆系碎屑岩的物源信息、沉积环境信息是揭示加里东构造运动末期扬子地区古地貌和晚古生代初期沉积和古地理格局的钥匙。对来自下扬子南部12个剖面和12个露头，共计200个碎屑岩石样品进行显微镜下观察、拍照，并进行详细的鉴定分析，同时收集了前人研究成果中的12个五通群碎屑岩薄片图像[16,17,18,19]，共计212个岩样数据，整理成详细的数据集。可为揭示下扬子地区泥盆系物源信息、沉积环境演化提供证据。经过大量的文献调研和详细的野外考察后，选择下扬子南部上泥盆统–下石炭统五通群具有代表意义的24个剖面及露头进行实测与观察，并系统采集五通群碎屑岩石样品（采样位置见图1），然后精选其中200个岩石样品进行普通薄片送样。为了提高薄片的重复使用性，本次薄片制备只进行了三分之二盖片。本次显微镜下观察是在成都理工大学沉积地质研究院沉积地质实验室完成，所使用仪器为偏光显微镜，型号为NikonLV100P0L，测试环境温度为25℃、湿度为45%。薄片拍照和信息采集方法统一按照《岩石显微图像专题》的标准[20]执行，系统采集了岩石显微图像，并获取了薄片的有关信息。在此基础上，进行了系统的观察分析和鉴定，其中薄片的描述与碎屑岩定名均采用《岩石显微图像专题》确定的标准[20]。",
    "数据描述": "本岩石显微图像数据集由212个岩石薄片的偏光显微照片组成。其中文献收集的岩石薄片共12个，仅有正交偏光照片；数据作者共制备200个岩石薄片，每个岩石薄片至少拍摄一个视域，每个视域都包含薄片正交偏光显微照片和单偏光显微照片各一张，拍摄过程采用自动曝光和自动白平衡，可以最大程度上保证拍摄的显微照片颜色与偏光显微镜下的肉眼观察一致，显微图像中的成分与鉴定报告中的描述相同。编号原则：薄片号+“m”+摄像视域的数字序号+“+”或“-”。如编号为WT-01的薄片共拍摄了3个视域，每个视域都有正交偏光、单偏光两张图像，分别标记为WT-01m1+，WT-01m1-；WT-01m2+，WT-01m2-；WT-01m3+，WT-01m3-。倒数第三位的m是英文单词micrograph（显微图像）的缩写，“+”表示正交偏光，“-”表示单偏光（图2）。视域1中主要为石英碎屑，石英颗粒间为硅质胶结，含少量泥质充填物；视域2中碎屑主要为石英，含少量电气石，石英颗粒间主要为硅质胶结，含少量泥质充填物；视域3中石英颗粒间颗粒为粉砂质泥岩岩屑。石英颗粒表面较干净，普遍存在次生加大现象。下载图2五通群碎屑岩显微图像示例WT-01m1+WT-01m1-WT-01m2+WT-01m2-WT-01m3+WT-01m3-Qm：单晶石英；Qp：多晶石英；Tou：电气石；Ld：碎屑岩岩屑岩石显微照片中比例尺置于图片右下角，单位统一采用μm，拍摄时根据岩石碎屑颗粒的大小选择合适的放大倍数，保证岩石显微照片能够直观地展示薄片的镜下特征，同时保证图像清晰度。显微照片分辨率为2560×1920像素，格式全部保存为JPG。薄片鉴定内容及岩石样品详细信息存放在excel表格中。鉴定内容主要包括颗粒成分、杂基含量及胶结物类型、成岩作用等。其中颗粒成分仅需判断石英（Q）、长石（F）、岩屑（L）3种颗粒中超过10%的颗粒类型、3种颗粒之间的大小关系及占比状况。杂基含量仅需判断是否存在及是否超过15%，超过15%则将岩石定为杂砂岩。岩石样品信息主要包括涉及的出版文献信息，采样地详细地理位置，所处剖面名称，样品/剖面经度、纬度，所属时代，薄片持有者等，如表2所示。下载表2砂岩薄片鉴定内容及样品信息表序号薄片原始编号岩类岩石名称（Garzanti,2016）[21]颗粒成分描述杂基含量补充描述视域数照片数量出版文献ID地理位置剖面名称样品/剖面纬度样品/剖面经度群/组时代薄片所有者超过10%的主要颗粒QFL含量关系式岩屑类型&情况胶结物类型成岩作用其他国省市/县-村/山/河/湖本数据集岩石样品包括1个砾石，9个砾岩，165个砂岩（154个净砂岩、11个杂砂岩），15个粉砂岩及22个泥岩，详情如表3所示。下载表3数据集包含岩石类型及其岩性信息汇总表岩类数量岩石类型及数量砾石1变质石英岩砾石（1个）砾岩9石英砾岩（1个）、岩屑石英砾岩（8个）砂岩净砂岩165154石英砂岩（89）、石英岩屑砂岩（1个）、岩屑石英砂岩（63个）、长石石英砂岩（1个）杂砂岩11石英杂砂岩（9个）、岩屑石英杂砂岩（2个）粉砂岩15砂质石英粉砂岩（4个）、石英粉砂岩（3个）、泥质石英粉砂岩（8个）泥岩22砂质泥岩（7个）、粉砂质泥岩（14个）、泥岩（1个）",
    "数据质量": "本数据集所有样品皆由论文作者采自野外剖面及露头，经与前人研究成果进行对比，可保证地层界线的准确性。本数据集提供了剖面起点坐标及取样露头的坐标，鉴于剖面取样密度较大，未记录单个岩石样品的坐标位置。在本次显微照片拍摄和薄片鉴定过程中，所有岩石薄片中观察到的石英颗粒干涉色等级均为一级，说明薄片的厚度符合0.03mm的国家标准。所有显微照片拍摄皆采用自动曝光和自动白平衡，使得肉眼观察和系统照片颜色尽量保持一致；且显微照片的分辨率统一采用拍照系统的最高值，分辨率为2560×1920像素，图片统一保存为jpg格式；故而显微照片的质量与清晰度是可靠的。为了保证数据集的准确性，所有岩石薄片完成初次鉴定后，对数据表信息进行了多次检查核实，基本可保证信息的可靠性。",
    "数据价值": "本数据集岩石样品皆为陆源碎屑岩，碎屑岩样采样地几乎覆盖整个下扬子地区南部，部分剖面中高密度连续采样、薄片拍摄分辨率高、薄片鉴定报告完全公开。鉴定报告中包括了采样地或者采样剖面的详细地理位置、层位信息等。本数据集不仅可以用于五通群基础地质学研究，比如通过粒度分析判识沉积环境，通过单碎屑特征、多碎屑Dickinson三角图解判识物源特征等，也可应用于图像智能识别等交叉学科研究中。同时还可以用于帮助社会生产，如为寻找优质的建筑石材、石英砂矿、粘土矿等提供基础资料服务。",
    "数据使用和建议": "本数据集数据形式简单，在使用时注意以下几点：（1）数据集中所有出现的薄片，都集中统一保存在成都理工大学侯明才教授课题组。如果以上数据集中提供的显微照片不能满足进一步的研究需要，可以联系本文作者申请使用这些薄片。（2）如果单纯使用图像集，可以直接从数据库下载使用；但是，若需要进一步解决地学相关的科学问题，需结合数据信息表中提供的地理位置，以及岩石形成所处的地质时代与构造背景来展开分析。",
    "引用格式": "蔡文鹏, 侯明才, 陈瀚之, 等. 下扬子南部上泥盆统–下石炭统五通群陆源碎屑岩显微图像数据集[DB/OL]. Science Data Bank, 2020. (2020-07-31). DOI: 10.11922/sciencedb.j00001.00103."
}