{
    "类目名称": "多语种智能信息处理数据集专刊",
    "名称": "面向机器阅读理解的藏文数据集TibetanQA",
    "资源信息链接地址": "http://www.doi.org/10.11922/sciencedb.j00001.00351",
    "摘要": "摘要：机器阅读理解是自然语言处理的关键任务，旨在考察机器是否具有理解自然语言的能力。目前，中英文领域的机器阅读理解取得了很大的进展，模型的性能已经超过了人类的水平，其中公开数据集起到了非常重要的作用，如斯坦福大学的SQuAD数据集。而对于低资源语言，如藏文，由于缺乏大规模公开的数据集，机器阅读理解的相关研究还处于起步阶段。因此，本文构建了面向藏文机器阅读理解的数据集，数据集包含631篇文章，903个段落，形式为excel文件。其中，第一列为当前文章ID，第二列为文本标题，第三列为段落，第四列为问题，第五列为问题对应的答案。其文本数据来自云藏网，问题和答案是由20位藏语专业人员进行人工录入和标注，类型涉及自然、文化、教育等12个领域。本数据集的发布，对于促进藏文信息处理的发展具有重要的价值。",
    "关键词": "机器阅读理解；藏文；少数民族语言；低资源；数据集",
    "参考引用": [
        {
            "名称": "殷明. 机器阅读理解综述[J]. 计算机科学与应用, 2020(12): 2457–2465. [YIN M. A review of machine reading comprehension[J]. Computer Science and Application, 2020(12): 2457–2465.]",
            "资源信息链接地址": "http://xueshu.baidu.com/s?wd= 机器阅读理解综述[J]. 计算机科学与应用, 2020(12): 2457–2465. [YIN M. A review of machine reading comprehension"
        },
        {
            "名称": "Richardson M, Burges C J C, Renshaw E. MCTest: A Challenge Dataset for the Open-Domain Machine Comprehension of Text[C]. EMNLP, 2013, 193-203.",
            "资源信息链接地址": "http://xueshu.baidu.com/s?wd= MCTest: A Challenge Dataset for the Open-Domain Machine Comprehension of Text"
        },
        {
            "名称": "Hermann K M, Kocisky T, Grefenstette E, et al. Teaching Machines to Read and Comprehend[J]. Advances in Neural Information Processing Systems, 2015(28), 1693-1701.",
            "资源信息链接地址": "http://xueshu.baidu.com/s?wd= Teaching Machines to Read and Comprehend"
        },
        {
            "名称": "RAJPURKAR P, ZHANG J, LOPYREV K, et al. Squad: 100,000+ Questions for Machine Comprehension of Text[J]. arXiv preprint arXiv:1606.05250, 2016.",
            "资源信息链接地址": "http://xueshu.baidu.com/s?wd= Squad: 100,000+ Questions for Machine Comprehension of Text"
        },
        {
            "名称": "LAI G K, XIE Q Z, LIU H X, et al. RACE: large-scale ReAding comprehension dataset from examinations[EB/OL]. 2017: arXiv: 1704.04683[cs.CL]. https://arxiv.org/abs/1704.04683.",
            "资源信息链接地址": "http://xueshu.baidu.com/s?wd= RACE: large-scale ReAding comprehension dataset from examinations[EB/OL]. 2017: arXiv: 1704.04683"
        },
        {
            "名称": "HE W, LIU K, LIU J, et al. DuReader: a Chinese machine reading comprehension dataset from real-world applications[EB/OL]. 2017: arXiv: 1711.05073. https://arxiv.org/abs/1711.05073.",
            "资源信息链接地址": "http://xueshu.baidu.com/s?wd= DuReader: a Chinese machine reading comprehension dataset from real-world applications"
        },
        {
            "名称": "RAJPURKAR P, JIA R, LIANG P. Know what You don't know: unanswerable questions for SQuAD[EB/OL]. 2018: arXiv: 1806.03822[cs.CL]. https://arxiv.org/abs/1806.03822.",
            "资源信息链接地址": "http://xueshu.baidu.com/s?wd= Know what You don't know: unanswerable questions for SQuAD[EB/OL]. 2018: arXiv: 1806.03822"
        },
        {
            "名称": "格桑居冕, 格桑央京. 实用藏文文法教程[M]. 成都：四川民族出版社, 2004.[GE S J M, GE S Y J.Practical Tibetan grammar tutorial[M], Chengdu: Sichuan Nationalities Publishing House, 2004.]",
            "资源信息链接地址": "http://xueshu.baidu.com/s?wd= 实用藏文文法教程[M]. 成都：四川民族出版社, 2004.[GE S J M, GE S Y J.Practical Tibetan grammar tutorial"
        },
        {
            "名称": "孙媛, 刘思思, 陈超凡等. 面向机器阅读理解的高质量藏语数据集构建[C]. 第二十届中国计算语言学大会, 2021.[SUN Y, LIU S S, CHEN C F, et al. Construction of High-quality Tibetan Dataset for Machine Reading Comprehension[C], The Twentieth China National Conference on Computational Linguistics, CCL 2021.]",
            "资源信息链接地址": "http://xueshu.baidu.com/s?wd= 面向机器阅读理解的高质量藏语数据集构建[C]. 第二十届中国计算语言学大会, 2021.[SUN Y, LIU S S, CHEN C F, et al. Construction of High-quality Tibetan Dataset for Machine Reading Comprehension"
        },
        {
            "名称": "夏天赐, 孙媛. 基于联合模型的藏文实体关系抽取方法研究[J]. 中文信息学报, 2018, 32(12): 76–83. DOI:10.3969/j.issn.1003-0077.2018.12.010. [XIA T C, SUN Y. Tibetan entity relation extraction based on joint model[J]. Journal of Chinese Information Processing, 2018, 32(12): 76–83. ",
            "资源信息链接地址": "10.3969/j.issn.1003-0077.2018.12.010. [XIA T C, SUN Y. Tibetan entity relation extraction based on joint model"
        }
    ],
    "作者": [
        {
            "姓名": "孙媛",
            "机构": [
                "中央民族大学信息工程学院，北京 100081",
                "College of Information Engineering, Minzu University of China, Beijing 100081, P.R. China",
                "国家语言资源监测与研究少数民族语言中心，北京 100081",
                "National Language Resource Monitoring & Research Center of Minority Languages, 100081, P.R. China"
            ],
            "贡献": "主要承担工作：数据质量控制与综合管理、数据采集。",
            "简介": "（1979—），女，山东省滨州市人，博士，副教授，研究方向为自然语言处理。"
        },
        {
            "姓名": "旦正错",
            "机构": [
                "中央民族大学信息工程学院，北京 100081",
                "College of Information Engineering, Minzu University of China, Beijing 100081, P.R. China",
                "国家语言资源监测与研究少数民族语言中心，北京 100081",
                "National Language Resource Monitoring & Research Center of Minority Languages, 100081, P.R. China"
            ],
            "贡献": "主要承担工作：数据集的预处理和整合、数据校对、论文撰写。",
            "简介": "（1998—），女，青海省海南州人，硕士研究生，研究方向为自然语言处理。"
        },
        {
            "姓名": "刘思思",
            "机构": [
                "中央民族大学信息工程学院，北京 100081",
                "College of Information Engineering, Minzu University of China, Beijing 100081, P.R. China",
                "国家语言资源监测与研究少数民族语言中心，北京 100081",
                "National Language Resource Monitoring & Research Center of Minority Languages, 100081, P.R. China"
            ],
            "贡献": "主要承担工作：数据采集，论文撰写。",
            "简介": "（1998—），女，湖北随州人，硕士研究生，研究方向为自然语言处理。"
        },
        {
            "姓名": "赵小兵",
            "机构": [
                "中央民族大学信息工程学院，北京 100081",
                "College of Information Engineering, Minzu University of China, Beijing 100081, P.R. China",
                "国家语言资源监测与研究少数民族语言中心，北京 100081",
                "National Language Resource Monitoring & Research Center of Minority Languages, 100081, P.R. China"
            ],
            "贡献": "主要承担工作：数据集质量控制。",
            "简介": "（1967—），女，内蒙古自治区呼和浩特市人，博士，教授，研究方向为自然语言处理。"
        }
    ],
    "基金": "自然科学基金项目（No.61972436）",
    "数据集名称": "面向机器阅读理解的藏文数据集TibetanQA",
    "数据作者": [
        "孙媛",
        "旦正错",
        "刘思思",
        "赵小兵"
    ],
    "数据通信邮箱": "孙媛 (tracy.yuan.sun@gmail.com)",
    "数据量": "36.9 MB",
    "数据格式": "*.xlsx",
    "数据组成": "数据库包括了631篇文章，903个段落，根据段落构建的2000对问答对，包括自然、文化、教育、地理、历史、生活、社会、艺术、技术、人物、科学、体育12大类型。数据项主要包括文章ID、标题、段落、问题和答案。",
    "数据采集和处理方法": "1.1数据采集本文的原始数据来源于云藏网（https://www.yongzin.com/），对获取的原始数据进行降噪处理，去除图片、表格等非文本数据，最终获得631篇文章。为了问题的多样性和有效性，舍弃小于100个音节的段落并去除不相关、不准确、残缺的数据后进行分词，最终得到903个段落作为问答对的文本数据，数据共划分为自然、文化、教育、地理、历史、生活、社会、艺术、技术、人物、科学、体育12大类。1.2数据处理方法为了提高创建数据集的效率，我们开发了用于问题收集的web程序，如图1所示。并请20位藏语专业人员创建问题。图1用于创建问题的web程序Figure1TheWebapplicationforcreatingQApairs为了保证问题的统一性，我们根据《实用藏文文法教程》‎[8]中疑问代词的使用规则，总结了藏文与英文、中文在构建问题时的不同点，统一了提问者对疑问代词的使用习惯，从而进一步提高数据集的质量。比如，一般藏文有5个单一形式的疑问词（“ཅི”（What）、“ཇི”（How）、“སུ”（Who）、“གང”（Which/Where）、“ནམ”（When）），其用法、意义和在文中的占比如表1所示。在实际问题创建过程中，单一疑问代词以与别的词素组成复合形式的疑问代词‎[8]出现。如表1所示，相对于英文，藏文中没有明确的地点疑问代词（Where）、指代疑问代词（Which），因此对于二者，这里规定一律使用泛指疑问词“གང”（Which/Where）来完成问题集的创建。下载表1藏文疑问代词及在数据集的分布疑问代词对应英文代词代词所指文中所占比例སུ（谁）Who指人疑问代词8.7%ཅི（什么）What指物疑问代词40.4%གང（什么）Where/Which泛指疑问代词10.5%ཇི（怎样）How方式疑问代词14.4%ནམ（何时）When时间疑问代词11.9%གཞན་པ（其他）Others14.1%最终，通过众包的形式从903个段落中创建问答对，即提问者遵循疑问代词的使用方法，通过阅读给定的标题、段落提出1–25个相关问题，并在对应的段落中选择连续的片段作为答案，组成问答对并提交到数据库。为了保证数据集的质量，我们对提出的问题进行三次校对，对内容进行了严格的筛选和处理，最终获得2,000对用于藏文机器阅读理解的问答对数据集，平均每段有2个问题，每个问题包含10–20个音节。",
    "数据描述": "本数据集包含一个命名为2000_TibetanQA的excel文件，在实际使用过程中，可以非常方便地将其转换成json、txt等格式的文件，以满足实验的数据格式要求。Excel文件中第一列为当前文章ID，第二列为文本标题，第三列为段落，第四列为问题，第五列为问题对应的答案。数据集中，每一段文本均产生一对或一对以上的问答对，其中答案全部来自当前文本，如图2所示，用时间疑问代词“ནམ”（When）的复合形式“ནམ་ཞིག”（When）提出问题，这类问题占整个数据集的11.9%。图2使用时间疑问代词的问答对段落举例Figure2Theexampleofusingtimeinterrogativepronounstoanswerquestions如图3所示，用泛指疑问代词“གང་”（Which/Where）提出问题，这类问题占整个数据集的10.5%。图3使用泛指疑问代词的问答对段落举例Figure3Theexampleofusinggeneralinterrogativepronounstoanswerquestions如图4所示，用指人疑问代词“སུ”（Who）提出问题，这类问题占整个数据集的8.7%。图4使用指人疑问代词的问答对段落举例Figure4Theexampleofusingreferringinterrogativepronounstoanswerquestions如图5所示，用指物疑问代词“ཅི་”（What）的复合形式“ཅི་ཞིག་”（What）提出问题，这类问题占整个数据集的40.4%。图5使用指物疑问代词的问答对段落举例Figure5Theexampleofusingdemonstrativeinterrogativepronounstoanswerquestions除了1.2节中提到的五个单一疑问代词和相关常用的复合疑问代词的用法之外，本次问题创建过程中，我们发现还有一部分常用的疑问代词较为常见，分别为“དུ”（几）“གམ་ངམ་དམ་ནམ་བམ་མམ་འམ”（吗？）“ག་ཚོད”（多少），在本次数据集中占14.1%，使用频率较高。其中，疑问助词中的“ནམ”（When）同时表示时间疑问代词，与表1中的When相对应。对疑问代词的总结归纳会使得我们后期的研究更具有针对性和高效性。如图6所示，用疑问词“ག་ཚོད”（多少）提出问题。图6使用其他疑问词的问答对段落举例Figure6Theexampleofusingotherinterrogativestoanswerquestions",
    "数据质量": "初始语料获取的过程中，首先使用正则匹配算法对原始文本进行去噪处理，针对网页文本杂乱无序、不规范等特点做进一步处理，将网页中的一些冗余标签替换成空白符，并删除网页文本数据中的一些无用字符，得到纯文本形式的原始文本。同时，邀请了5位藏语专业人员对数据进行下一步筛选和审查，对于审核结果不达标的数据，进行重新编写或者将它们从数据库中删除。在语法校对上，我们根据《实用藏文文法教程》‎[8]中提供的助词、格助词、从格助词等的使用规则，修改数据集的语法和拼写错误。例如，拼写错误有“སློབ་སྤྱང་”、“ག་ཚད”、“གངདག”等，其正确写法为“སློབ་སྦྱོང་”（学习）、“ག་ཚོད”（多少）、“གང་དག”（哪些）；语法错误有“གང་ཀྱི་”“སུ་གིས”等，其正确写法为“གང་གི་”（哪个）、“སུ་ཡི”（谁的）；不符合藏文语境的有“གང་ལས་རིགས་”“ཅི་ཞིག་ལས་ཀ་སྤེལ་”等，其正确写法为“ལས་རིགས་གང་དག་”（哪些职业）、“ལས་ཀ་ཅི་ཞིག་སྤེལ་”（从事什么工作）。在代词的使用上，我们将所有的代词替换为当前语句的主语。例如，“ཁོང་དགུང་ལོ་ག་ཚོད་སྟེང་སློབ་ཆེན་ནས་སློབ་མཐར་ཕྱིན།”（他在几岁时大学毕业？）,根据当前文本替换代词之后得到“དགེ་རྒན་ཆེན་མོ་ཚེ་རིང་ཐར་དགུང་ལོ་ག་ཚོད་སྟེང་སློབ་ཆེན་ནས་སློབ་མཐར་ཕྱིན།”（才让太教授在几岁时大学毕业？）。最后，本文以藏文音节为单位统计了数据集中文章、段落、问题的平均长度和平均每段所包含的问题，如表2所示。下载表2数据集中文章和问题长度及平均每段的问题分布数项目大小（音节为单位）数据集所有音节数505,668文章数631段落数903段落最大问题数25段落最小问题数1平均文章长度（以音节为单位）566.89平均每段文本包含的问题数2",
    "数据价值": "藏文作为我国重要的少数民族文字，在西藏、青海、四川等藏族聚居地区被广泛使用‎。但是由于缺乏大规模公开的标记语料库，使得一些藏文信息处理任务还处于起步阶段，例如，藏文机器阅读理解任务‎[9]、藏文实体关系抽取‎[10]、藏文知识图谱的构建等任务。因此，本数据集的发布，对于促进藏文信息处理的发展具有重要的价值。本数据集可以用于评价机器理解自然语言的能力，也可用于训练藏文机器阅读理解的模型，具有较高的科研价值和社会应用价值。",
    "引用格式": "孙媛; 旦正错; 刘思思; 赵小兵. 面向机器阅读理解的藏文数据集TibetanQA[DS/OL]. Science Data Bank, 2022. (2022-01-30). DOI: 10.11922/sciencedb.j00001.00351."
}