{
    "类目名称": "国家科学数据中心联合专刊",
    "名称": "IDADP-葡萄病害识别研究图像数据集",
    "资源信息链接地址": "http://www.icgroupcas.cn/website_bchtk/tuku_putao.htmlhttp://www.doi.org/10.11922/sciencedb.j00001.00311",
    "摘要": "摘要：构建可供机器学习建模使用的图像数据集对于实现高效的农业病虫害识别至关重要。本数据集收集整理了白粉病、霜霉病等7种葡萄病害图像数据，共计3622张，约697 MB。本数据集可为葡萄病害识别研究领域提供宝贵的基础数据资源，同时可作为大数据环境下机器学习建模的标准图库，对促进农业病害图像识别研究的发展具有重要的实际应用价值。",
    "关键词": "IDADP；葡萄病害；图像识别；机器学习；训练样本",
    "参考引用": [
        {
            "名称": "段长青, 刘崇怀, 刘凤之, 等. 新中国果树科学研究70年: 葡萄[J]. 果树学报, 2019, 36(10): 1292–1301. DOI:10.13925/j.cnki.gsxb.Z05. [DUAN C Q, LIU C H, LIU F Z, et al. Fruit scientific research in New China in the past 70 years: grape[J]. Journal of Fruit Science, 2019, 36(10): 1292–1301. ",
            "资源信息链接地址": "10.13925/j.cnki.gsxb.Z05. [DUAN C Q, LIU C H, LIU F Z, et al. Fruit scientific research in New China in the past 70 years: grape"
        },
        {
            "名称": "LECUN Y, BENGIO Y, HINTON G. Deep learning[J]. Nature, 2015, 521 (7553): 436444. DOI:10.1038/nature14539.",
            "资源信息链接地址": "http://xueshu.baidu.com/s?wd= Deep learning"
        },
        {
            "名称": "中国科学院合肥智能机械研究所 智能认知研究组. 葡萄病害图像数据库[DB/OL]. 农业病虫害研究图库. http://www.icgroupcas.cn/website_bchtk/tuku_putao.html. [Intelligent Cognition Group, Hefei Institute of Intelligent Machines, Chinese Academy of Sciences. Image Database of Grape Diseases [DB/OL]. Image Database for Agricultural Diseases and Pests Research. http://www.icgroupcas.cn/website_bchtk/tuku_putao.html.]",
            "资源信息链接地址": "http://xueshu.baidu.com/s?wd= 葡萄病害图像数据库[DB/OL]. 农业病虫害研究图库. http://www.icgroupcas.cn/website_bchtk/tuku_putao.html. [Intelligent Cognition Group, Hefei Institute of Intelligent Machines, Chinese Academy of Sciences. Image Database of Grape Diseases "
        },
        {
            "名称": "陈雷, 袁媛. 大田作物病害识别研究图像数据集[J/OL]. 中国科学数据, 2019, 4(4). (2019-06-11). DOI:10.11922/csdata.2019.0008.zh. [CHEN L, YUAN Y. An image dataset for field crop disease identification[J/OL]. China Scientific Data, 2019, 4(4). (2019-06-11). ",
            "资源信息链接地址": "10.11922/csdata.2019.0008.zh. [CHEN L, YUAN Y. An image dataset for field crop disease identification"
        }
    ],
    "作者": [
        {
            "姓名": "袁媛",
            "机构": [
                "中国科学院合肥物质科学研究院，智能机械研究所，合肥 230031",
                "Institute of Intelligent Machines, HFIPS, Hefei 230031, P.R. China",
                "国家基础学科公共科学数据中心，北京 100190",
                "National Basic Science Data Center, Beijing 100190, P.R. China"
            ],
            "贡献": "主要承担工作：本数据集原始数据的采集、整理与相关软件工具的研发。",
            "简介": "（1981—），女，安徽省肥东县人，博士，副研究员，研究方向为计算机视觉方法及在农业病虫害图像识别中的应用。"
        },
        {
            "姓名": "陈雷",
            "机构": [
                "中国科学院合肥物质科学研究院，智能机械研究所，合肥 230031",
                "Institute of Intelligent Machines, HFIPS, Hefei 230031, P.R. China",
                "国家基础学科公共科学数据中心，北京 100190",
                "National Basic Science Data Center, Beijing 100190, P.R. China"
            ],
            "贡献": "主要承担工作：本数据集平台的规划、建设和维护。",
            "简介": "（1981—），男，安徽省巢湖市人，博士，副研究员，研究方向为机器学习理论方法及在大数据环境下的应用。"
        }
    ],
    "基金": "国家自然科学基金面上项目（31871521、32071901）；国家基础学科公共科学数据中心“面向农业图像理解的机器学习数据集”（NBSDC-DB-20）。",
    "数据集名称": "IDADP-葡萄病害识别研究图像数据集",
    "数据作者": "袁媛（yuanyuan@iim.ac.cn）；陈雷（chenlei@iim.ac.cn）",
    "时间范围": "2018–2021年",
    "空间范围": "中国境内",
    "数据量": "697 MB",
    "数据格式": "*.JPG",
    "数据组成": "本数据集共有7种葡萄病害图像，每种病害对应一个文件夹，包括葡萄白粉病、葡萄花叶病毒病、葡萄黑霉病、葡萄灰霉病、葡萄溃疡病、葡萄霜霉病和葡萄酸腐病。每个文件夹中包含该病害图像以流水号命名的原始JPG文件，以及介绍该病害基本信息与防治方法的intro.txt文件。本数据集共有JPG图像3622张。",
    "引用格式": "袁媛, 陈雷. IDADP-葡萄病害识别研究图像数据集[DS/OL]. Science Data Bank, 2021. (2021-11-29). DOI: 10.11922/sciencedb.j00001.00311."
}