{
    "类目名称": "其他数据论文",
    "名称": "2000–2019年京津冀地区500 m分辨率植被覆盖度数据集",
    "资源信息链接地址": "http://www.sciencedb.cn/dataSet/handle/977",
    "摘要": "摘要：京津冀在我国有着重要的地理位置，该地区处于东北亚，是中国环渤海的心脏地带。植被覆盖度的动态监测对保护和改善生态环境具有重要意义，本文利用2000–2019年的MOD13A1数据，运用MRT、ERDAS和ARCGIS软件通过波段提取、最大值合成法和像元二分模型法，得到京津冀地区近20年植被覆盖度数据集。本数据集可用于京津冀地区植被覆盖度时空格局演变分析、与影响因子的相关性分析、生态环境的变化等方面的研究。",
    "关键词": "京津冀；植被覆盖度；MODIS",
    "参考引用": [
        {
            "名称": "熊俊楠, 彭超, 程维明, 等. 基于MODIS-NDVI的云南省植被覆盖度变化分析[J]. 地球信息科学学报, 2018(12): 1830-1840.",
            "资源信息链接地址": "http://xueshu.baidu.com/s?wd= 基于MODIS-NDVI的云南省植被覆盖度变化分析"
        },
        {
            "名称": "熊俊楠, 彭超, 范春捆, 等. 基于MODIS时序数据的汶川地震灾区植被覆盖变化监测[J]. 应用基础与工程科学学报, 2018, 26(01): 60-69.",
            "资源信息链接地址": "http://xueshu.baidu.com/s?wd= 基于MODIS时序数据的汶川地震灾区植被覆盖变化监测"
        },
        {
            "名称": "祝聪, 彭文甫, 张丽芳, 等. 2006–2016年岷江上游植被覆盖度时空变化及驱动力[J].生态学报, 2019, 39(05):1583-1594.",
            "资源信息链接地址": "http://xueshu.baidu.com/s?wd= 2006–2016年岷江上游植被覆盖度时空变化及驱动力"
        },
        {
            "名称": "苏慧敏, 郭浩, 夏照华, 等. 基于MODIS数据的北京市植被覆盖度动态监测[J]. 中国水土保持, 2019 (02): 41-43,55.",
            "资源信息链接地址": "http://xueshu.baidu.com/s?wd= 基于MODIS数据的北京市植被覆盖度动态监测"
        },
        {
            "名称": "李玉虎, 滕佳华, 马文涛. 京津冀地区植被覆盖度时空演变特征分析[J]. 北京测绘, 2019, 33(11): 1302-1307.",
            "资源信息链接地址": "http://xueshu.baidu.com/s?wd= 京津冀地区植被覆盖度时空演变特征分析"
        },
        {
            "名称": "宋鹏飞, 季民, 李刚. 山东省近10年植被覆盖度变化与气候因子相关性分析[J]. 测绘通报, 2018(12): 109-113.",
            "资源信息链接地址": "http://xueshu.baidu.com/s?wd= 山东省近10年植被覆盖度变化与气候因子相关性分析"
        },
        {
            "名称": "白丹丹. 基于MODIS数据的北京市绿色植被覆盖度监测与分析[J]. 环境与可持续发展, 2018, 43(04): 131-135.",
            "资源信息链接地址": "http://xueshu.baidu.com/s?wd= 基于MODIS数据的北京市绿色植被覆盖度监测与分析"
        },
        {
            "名称": "郭瑞霞, 尚夏明, 李煜. 基于MODIS-NDVI的甘肃省会宁县植被覆盖度变化监测[J]. 甘肃科技, 2019, 35(01): 42-45.",
            "资源信息链接地址": "http://xueshu.baidu.com/s?wd= 基于MODIS-NDVI的甘肃省会宁县植被覆盖度变化监测"
        },
        {
            "名称": "李卓, 孙然好, 张继超, 等. 京津冀城市群地区植被覆盖动态变化时空分析[J]. 生态学报, 2017, 37(22): 7418-7426.",
            "资源信息链接地址": "http://xueshu.baidu.com/s?wd= 京津冀城市群地区植被覆盖动态变化时空分析"
        },
        {
            "名称": "王静, 周伟奇, 许开鹏, 等. 京津冀地区城市化对植被覆盖度及景观格局的影响[J]. 生态学报, 2017, 37(21): 7019-7029.",
            "资源信息链接地址": "http://xueshu.baidu.com/s?wd= 京津冀地区城市化对植被覆盖度及景观格局的影响"
        },
        {
            "名称": "王亚娟, 赵艳玲, 焦利鹏, 等. 济宁市2005–2016年植被覆盖度变化及影响因素[J]. 济南大学学报(自然科学版), 2018, 32(03): 171-177.",
            "资源信息链接地址": "http://xueshu.baidu.com/s?wd= 济宁市2005–2016年植被覆盖度变化及影响因素"
        }
    ],
    "作者": [
        {
            "姓名": "曾庆双",
            "机构": [
                "中国科学院空天信息创新研究院",
                "Aerospace Information Research Institute, Chinese Academy of Sciences",
                "中国科学院大学电子电气与通信工程学院",
                "School of Electronic, Electrical and Communication Engineering, Chinese Academy of Sciences"
            ],
            "贡献": "主要承担工作：基础数据的收集，数据处理，数据论文撰写。",
            "简介": "（1993—），女，河北省廊坊市人，硕士研究生，研究方向为遥感大数据处理。"
        },
        {
            "姓名": "张连翀",
            "机构": [
                "中国科学院空天信息创新研究院",
                "Aerospace Information Research Institute, Chinese Academy of Sciences"
            ],
            "贡献": "主要承担工作：数据汇集和整理，编写的建议。",
            "简介": "（1985—），男，河北省张家口人，博士，助理研究员，研究方向为遥感大数据服务。"
        },
        {
            "姓名": "冯莉莉",
            "机构": [
                "河北工程大学",
                "Hebei University of Engineering"
            ],
            "贡献": "主要承担工作：有关数据集的处理与数据质量的检查。",
            "简介": "（1986—），女，吉林省四平市人，博士，讲师，研究方向为生态遥感。"
        }
    ],
    "基金": "中国科学院“地球大数据科学工程”A类战略性先导科技专项“陆地观测数据资源汇聚与整理”（XDA19020201）。",
    "数据集名称": "2000–2019年京津冀地区500 m分辨率植被覆盖度数据集",
    "数据作者": "曾庆双（zengqingshuang19@mails.ucas.ac.cn）",
    "时间范围": "2000–2019年",
    "空间范围": "地理范围包括43°19′3″N–34°54′40″N，113°9′16″E–120°48′30″E。地理区域范围包括北京市、天津市、河北省。",
    "空间分辨率": "500 m",
    "数据量": "98.2 MB",
    "数据格式": "*.tif",
    "时间分辨率": "月数据",
    "数据组成": "本数据集包括2000–2019年近20年的京津冀地区植被覆盖度数据，每一年数据包含4个文件。其中（1）tif是影像数据；（2）tif.ovr是金字塔数据；（3）tif.aux.xml是附加到栅格的辅助文件，与栅格文件位于同一位置，用于存储无法存储在栅格文件本身中的任何辅助信息；（4）tfw是关于TIFF影像坐标信息的文本文件。",
    "数据采集和处理方法": "1.1数据来源本文所采用的是MODIS产品中时间分辨率为16d、空间分辨率为500m的MOD13A1数据（https://ladsweb.modaps.eosdis.nasa.gov/search/）。美国成功发射了主要搭载着中分辨率成像光谱仪（ModerateResolutionImagingSpectroradiometer，MODIS）传感器的互相配合的Terra卫星和Aqua卫星，MODIS数据波谱范围很宽，有36个波段，波段不连续且全光谱覆盖，传感器每隔1–2天就可以获得从可见光到热红外波段（0.4–14.4μm）的地球海陆空的重复观察数据，探测器轨道为近极地圆形轨道，与太阳同步。其地面分辨率有250m、500m以及1000m等规格，扫描宽度是2330km。美国国家航空航天局（NationalAeronauticsandSpaceAdministration，NASA）对MODIS数据免费接收并无偿使用。1.2数据处理由于京津冀地区MOD13A1数据以分幅的形式跨4个图幅（图1），运用数据处理软件MRT（MODISReprojectionTool）对研究区同一时相的所有MOD13A1数据文件进行NDVI波段提取，并按原投影镶嵌再转换为适合京津冀的阿尔伯斯投影（又称双标准纬线等积圆锥投影），输出500m分辨率的tif格式影像。图1MOD13A1影像覆盖图再利用最大值合成法、像元二分模型法得到京津冀地区植被覆盖度数据集，以下通过主要步骤进行说明。（1）通过ERDAS中的Modeler模块建模将原始数据的NDVI的值处理至理论范围，从而获得京津冀所在的4景影像中的NDVI影像。（2）通过ERDAS中的Modeler模块建模来处理影像异常值，得到正确的京津冀NDVI的影像。模型中将大于1的影像值赋值为1，小于-1的影像值赋值为-1，赋值为影像值本身。（3）通过ERDAS中的MosaicTool模块进行最大值合成，求出一年23景数据中每月NDVI的最大值。（4）利用京津冀的边界矢量图通过ERDAS对所得的图像进行裁剪，得到京津冀的植被NDVI影像。（5）利用像元二分模型法计算出京津冀地区的植被覆盖度。该模型假设像元由两部分组成，包括植被覆盖部分和非植被覆盖部分。其中植被覆盖部分的面积比即该像元的植被覆盖度FVC，公式为：（1）式中：NDVIsoil为非植被覆盖像元的NDVI值；NDVIveg为纯植被覆盖像元的NDVI值。由于图像会有噪音的存在，在进行计算过程中不能简单地把每幅影像的最大值和最小值确定为NDVIveg和NDVIsoil。在本研究中选取置信度为2%来设置NDVIsoil和NDVIveg，该方法被广泛应用于估算植被覆盖度[8-11]。（6）再一次通过ERDAS建模来对20幅影像去除无效值，得到正确的京津冀FVC的影像。模型中将小于0的值赋值为0，大于1的值赋值为1，否则赋为原值。（7）最后再ArcGIS中进行裁剪（去除四周多余的阴影）、tif格式转换。",
    "数据描述": "2.1数据组成本数据集为2000–2019年京津冀地区月植被覆盖度的影像（由于原始数据缺失，本数据集中缺少2000年1月份的植被覆盖度影像），其空间分辨率为500m，坐标系为WGS1984，投影类型为Albers投影。中央经线为105度，原点纬度为0度，双标准纬线为北纬25度和北纬47度，总数据量为98.2MB。本数据集包括2000–2019年的京津冀地区植被覆盖度数据，每个月份数据包含4个文件：影像文件、金字塔文件、栅格的辅助文件、影像坐标信息的文本文件。2.2数据样本利用ERDAS和ArcGIS软件通过1.2章节的处理方法，得到2000–2019年京津冀地区月植被覆盖度数据，借鉴他人FVC的划分情况并根据实际计算研究区FVC的情况（结合专家老师的指导意见）将研究区FVC划分为11个等级，部分图层展示如图2所示。下载图2京津冀部分月份的植被覆盖度（a）2019年8月（b）2019年12月（c）2014年8月（d）2014年12月（e）2009年8月（f）2009年12月",
    "数据质量": "从数据产生的每个环节进行质量控制，将下载的MODIS数据进行波段提取NDVI后进行理论数值的处理、异常值去除、填充值的处理等操作，确保数据的准确性。从NDVI到植被覆盖度的计算中，先利用最大值合成法求年最大值，并进行了最大值数据的检验，在像元二分模型法中采取NDVI累计频率为2%和98%来进行计算，提高数据的可靠性。利用本数据集分析的植被覆盖度的增加趋势、显著性水平与李卓等[9]、王静等[10]研究结果一致。",
    "数据价值": "本数据集为2000–2019年京津冀地区月植被覆盖度影像，空间分辨率为500m，可直接用于京津冀地区植被覆盖度时空格局演变的分析、与影响因子的关联分析。本数据集每个月份数据中包含影像数据、影像金字塔数据、栅格的辅助文件、影像坐标信息的文本文件4个文件，方便用户了解影像数据的相关信息。",
    "数据使用和建议": "京津冀地区植被覆盖度数据集保存为TIFF格式，能够在ARCGIS等相关软件中对数据进行读取、编辑以及后续的一系列分析工作。大部分学者在进行植被覆盖度方面的研究时基本从时间、空间的变化以及与影响因子的相关性分析等方面展开研究，本文可作为京津冀地区植被覆盖度研究的基础数据集，应用于植被覆盖度时空格局演变特征、与影响因子关联分析等研究。",
    "引用格式": "曾庆双, 张连翀, 冯莉莉. 2000–2019年京津冀地区500 m分辨率植被覆盖度数据集[DB/OL]. Science Data Bank, 2020. (2020-08-18). DOI: 10.11922/sciencedb.977."
}