{
    "类目名称": "卫星遥感数据即得即用（RTU）产品集",
    "名称": "全球30米分辨率火烧迹地产品",
    "资源信息链接地址": "ftp://bigrs-info.com/GABAM/burned area/2015/\t\t\thttp://www.sciencedb.cn/dataSet/handle/976",
    "摘要": "摘要：火烧迹地是全球变化和碳循环等研究领域的一个重要参量。在全球高精度样本库基础上，基于Landsat 8时序卫星数据和火烧迹地敏感光谱参量，利用机器学习算法生产并发布全球30米分辨率火烧迹地产品。全球30米分辨率火烧迹地产品能够有效反映面积较小的燃烧斑块，同时在火烧迹地位置确定和面积量算上具有优势，可应用于全球火灾监测和评估、碳排放计算、生态环境保护等领域。",
    "关键词": "Landsat 8；火烧迹地；全球；机器学习",
    "参考引用": [
        {
            "名称": "HAWBAKER T J, VANDERHOOF M K, BEAL Y J, et al. Mapping burned areas using dense time-series of Landsat data[J]. Remote Sensing of Environment, 2017, 198: 504-522.",
            "资源信息链接地址": "http://xueshu.baidu.com/s?wd= Mapping burned areas using dense time-series of Landsat data"
        },
        {
            "名称": "GORELICK N, HANCHER M, DIXON M, et al. Google earth engine: Planetary-scale geospatial analysis for everyone[J]. Remote Sensing of Environment, 2017, 202: 18-27.",
            "资源信息链接地址": "http://xueshu.baidu.com/s?wd= Google earth engine: Planetary-scale geospatial analysis for everyone"
        },
        {
            "名称": "KEY C H, BENSON N C. The Normalized Burn Ratio (NBR): A Landsat TM Radiometric Measure of Burn Severity[M]. United States Geological Survey, Northern Rocky Mountain Science Center: Bozeman, MT, USA, 1999.",
            "资源信息链接地址": "http://xueshu.baidu.com/s?wd= The Normalized Burn Ratio (NBR): A Landsat TM Radiometric Measure of Burn Severity"
        },
        {
            "名称": "STROPPIANA D, BOSCHETTI M, ZAFFARONI P, et al. Analysis and Interpretation of Spectral Indices for Soft Multicriteria Burned-Area Mapping in Mediterranean Regions[J]. IEEE Geoscience and Remote Sensing Letters, 2009, 6: 499-503.",
            "资源信息链接地址": "http://xueshu.baidu.com/s?wd= Analysis and Interpretation of Spectral Indices for Soft Multicriteria Burned-Area Mapping in Mediterranean Regions"
        },
        {
            "名称": "PINTY B, VERSTRAETE M M. GEMI: A non-linear index to monitor global vegetation from satellites[J]. Vegetatio, 1992, 101: 15-20.",
            "资源信息链接地址": "http://xueshu.baidu.com/s?wd= GEMI: A non-linear index to monitor global vegetation from satellites"
        },
        {
            "名称": "TRIGG S, FLASSE S. An evaluation of different bi-spectral spaces for discriminating burned shrub-savannah[J]. International Journal of Remote Sensing, 2001, 22: 2641-2647.",
            "资源信息链接地址": "http://xueshu.baidu.com/s?wd= An evaluation of different bi-spectral spaces for discriminating burned shrub-savannah"
        },
        {
            "名称": "MARTÍN M. Cartografía e Inventario de Incendios Forestales en la Península Ibérica a Partir de Imágenes NOAA-AVHRR[M]. Departmento de Geografía. Alcalá de Henares, Universidad de Alcalá: Madrid, Spain, 1998.",
            "资源信息链接地址": "http://xueshu.baidu.com/s?wd= Cartografía e Inventario de Incendios Forestales en la Península Ibérica a Partir de Imágenes NOAA-AVHRR"
        },
        {
            "名称": "HUETE A. A soil-adjusted vegetation index (SAVI) [J]. Remote Sensing of Environment, 1988, 25: 295-309.",
            "资源信息链接地址": "http://xueshu.baidu.com/s?wd= A soil-adjusted vegetation index (SAVI) "
        },
        {
            "名称": "WILSON E H, SADER S A. Detection of forest harvest type using multiple dates of Landsat TM imagery[J]. Remote Sensing of Environment, 2002, 80: 385-396.",
            "资源信息链接地址": "http://xueshu.baidu.com/s?wd= Detection of forest harvest type using multiple dates of Landsat TM imagery"
        },
        {
            "名称": "LONG T F, ZHANG Z M, HE G J, et al. 30 m Resolution Global Annual Burned Area Mapping Based on Landsat Images and Google Earth Engine[J]. Remote Sensing, 2019, 11: 489-519.",
            "资源信息链接地址": "http://xueshu.baidu.com/s?wd= 30 m Resolution Global Annual Burned Area Mapping Based on Landsat Images and Google Earth Engine"
        }
    ],
    "作者": [
        {
            "姓名": "张兆明",
            "机构": [
                "中国科学院空天信息创新研究院",
                "Aerospace Information Research Institute, Chinese Academy of Sciences",
                "海南省地球观测重点实验室，海南 三亚",
                "Hainan Provincial Key Laboratory of Earth Observation, Hainan Sanya"
            ],
            "贡献": "主要承担工作：研究思路与研究方案设计、算法研究、论文撰写。",
            "简介": "（1980—），男，河南省郑州市人，博士，高级工程师，研究方向为遥感数据智能处理与信息挖掘。"
        },
        {
            "姓名": "唐朝",
            "机构": [
                "中国科学院空天信息创新研究院",
                "Aerospace Information Research Institute, Chinese Academy of Sciences",
                "中国科学院大学电子电气与通信工程学院",
                "School of Electronic, Electrical and Communication Engineering  , School of Electronic, Electrical and Communication Engineering, University of Chinese Academy of Sciences"
            ],
            "贡献": "主要承担工作：产品生产、精度验证。",
            "简介": "（1996—），男，浙江省湖州市人，硕士研究生，研究方向为遥感数据智能处理与信息挖掘。"
        },
        {
            "姓名": "何国金",
            "机构": [
                "中国科学院空天信息创新研究院",
                "Aerospace Information Research Institute, Chinese Academy of Sciences",
                "海南省地球观测重点实验室，海南 三亚",
                "Hainan Provincial Key Laboratory of Earth Observation, Hainan Sanya"
            ],
            "贡献": "主要承担工作：总体指导，研究思路与研究方案设计。",
            "简介": "（1968—），男，福建省武平县人，博士，研究员，研究方向为遥感数据智能处理与信息挖掘。"
        },
        {
            "姓名": "龙腾飞",
            "机构": [
                "中国科学院空天信息创新研究院",
                "Aerospace Information Research Institute, Chinese Academy of Sciences",
                "海南省地球观测重点实验室，海南 三亚",
                "Hainan Provincial Key Laboratory of Earth Observation, Hainan Sanya"
            ],
            "贡献": "主要承担工作：算法研究、程序编写。",
            "简介": "（1986—），男，湖北省武汉市人，博士，助理研究员，研究方向为遥感数据智能处理与信息挖掘。"
        },
        {
            "姓名": "魏明月",
            "机构": [
                "中国科学院空天信息创新研究院",
                "Aerospace Information Research Institute, Chinese Academy of Sciences",
                "中国科学院大学电子电气与通信工程学院",
                "School of Electronic, Electrical and Communication Engineering  , School of Electronic, Electrical and Communication Engineering, University of Chinese Academy of Sciences"
            ],
            "贡献": "主要承担工作：数据处理、精度验证。",
            "简介": "（1997—），女，河南省郑州市人，硕士研究生，研究方向为遥感数据智能处理与信息挖掘。"
        }
    ],
    "基金": "国家自然科学基金（61731022）；国家重点研发计划课题（2016YFA0600302）；中国科学院A类战略性先导科技专项（XDA19090300）。",
    "数据集名称": "全球30米分辨率火烧迹地产品",
    "数据作者": "何国金（hegj@aircas.ac.cn）",
    "时间范围": "2015年1月至2015年12月",
    "空间范围": "60°S–80°N，180°W–180°E",
    "空间分辨率": "30 m",
    "数据量": "5.39 GB",
    "数据格式": "*.TIF",
    "数据组成": "数据集包含经纬度10度乘以10度分块的数据文件，文件格式为TIF格式，共504个文件。",
    "数据采集和处理方法": "1.1数据来源主要利用Landsat8卫星OLI传感器数据。按照该卫星的运行计划，可以覆盖60°S–80°N的所有陆地区域。制作年度全球火烧迹地产品，需要利用当年获取的全部Landsat8OLI数据，以尽可能减少漏分现象，同时需要利用前一年获取的全部Landsat8OLI数据，去除前一年发生且未恢复的火烧迹地，制作一期全球火烧迹地产品需要利用约40万景Landsat8OLI影像，数据量超过300TB，在产品生产时利用了GoogleEarthEngine（简称GEE）云平台上的Landsat8OLI地表反射率[2]。1.2数据处理方法利用Landsat8地表反射率数据的质量标识建立云和云阴影掩膜，去除云和云阴影影响。在全球高精度样本库基础上，基于Landsat8时序卫星数据和火烧迹地敏感光谱参量〔波段反射率、归一化燃烧指数（NormalizedBurnedRatio，NBR）[3]，归一化差值植被指数（NormalizedDifferenceVegetationIndex，NDVI）[4]，全球环境监测指数（GlobalEnvironmentalMonitoringIndex，GEMI）[5]，中红外燃烧指数（Mid-InfraredBurnIndex，MIRBI）[6]，火烧迹地指数（BurnedAreaIndex，BAI）[7]，修正的土壤调节植被指数（Soil-AdjustedVegetationIndex，SAVI）[8]和归一化差值湿度指数（NormalizedDifferenceMoistureIndex，NDMI）[9]等〕，利用机器学习算法（随机森林模型）进行样本训练和学习，得到火烧迹地识别规则和疑似火烧迹地种子点。对疑似火烧迹地种子点进行一系列过滤和优化，得到确定的火烧迹地种子点。具体的过滤和优化参量及判别式包括：（1）两年（2014、2015年）间最大的NDVI值大于0.2；（2）两年（2014、2015年）间最大的NDVI值（NDVI2）与当年（2015年）火烧概率最大时的NDVI值（NDVI1）的差值大于0.2，即NDVI2−NDVI1>0.2；（3）上一年（2014）最小NBR值（NBR2）与当年（2015年）火烧概率最大时的NBR值（NBR1）的差值大于0.1，即NBR2−NBR1>0.1；（4）当年（2015年）火烧概率最大的日期（t1，儒略日）大于两年（2014、2015年）间NDVI最大的日期（t2，儒略日），即t1>t2，或者t2−t1>100。从种子点开始按8连通原则进行区域生长，吸收周围火烧概率大于50%的候选点，得到火烧迹地。更详细的解释和说明参见文献[2]。总体技术流程如图1所示。图1火烧迹地提取技术流程",
    "数据描述": "火烧迹地数据产品利用经纬度投影，分辨率为0.00025°（约30米），以10°×10°分块，GeoTiff格式存储，以分块图像左上角像素的经纬度作为文件名，像素值中以1代表火烧迹地像元，空值代表非火烧迹地像元。例如文件名为S10E020.TIF的分块文件代表左上角像素坐标为南纬10度、东经20度的火烧迹地数据文件（图2）。图2S10E020火烧迹地块示例",
    "数据质量": "利用随机分层抽样的方式对全球火烧迹地产品进行精度验证和评估。为确保精度验证的全面性和代表性，精度验证样区的选择兼顾不同地表覆盖类型和火行为特征。依据MODIS地表覆盖类型产品将全球概括为7个地表类型：BroadleavedEvergreen（常绿阔叶林），BroadleavedDeciduous（落叶阔叶林），Coniferous（针叶林），MixedForest（混交林），Shrub（灌丛），Rangeland（草地），和Agriculture（农田）。同时根据GFED4（GlobalFireEmissionDatabase4，第四版本的全球火烧排放数据库）2015年的火烧迹地密度数据将全球均匀划分为5个密度级，最终在全球范围内选择了80个验证样区，这些样区覆盖了全部的地表类型。精度验证利用的数据源主要包括Landsat8、GF1、CBERS4和美国MTBS（MonitoringTrendsinBurnSeverity，火烧强度趋势监测）火烧迹地产品。其中中国境内的验证样区使用GF1数据，南美区域使用CBERS4，美国区域使用MTBS和Landsat8，全球其他区域使用Landsat8。对于Landsat8数据，验证样区的大小为185km×185km；对于CBERS4数据，验证样区的大小为120km×120km；对于GF1数据，验证样区的大小为100km×100km。通过收集验证样区2015年整年的时序卫星数据，进行正射校正等处理。然后目视寻找2015年内新增的火烧迹地，确定火烧前后的卫星影像对。基于卫星影像对手动选择火烧迹地和非火烧迹地样本点，利用支持向量机分类器进行分类，最终得到2015年火烧迹地验证的参考数据。在每个验证样区分别进行验证，然后得到全球火烧迹地精度验证结果，选用误分率（CommissionError）、漏分率（OmissionError）和整体精度（OverallAccuracy）3个指标来定量表征火烧迹地信息提取的精度，最终得到2015年全球火烧迹地产品的误分率、漏分率和整体精度分别为13.17%、30.13%和93.92%[10]。",
    "数据价值": "火烧迹地是资源环境监测、全球变化和碳循环研究等领域的一个重要参数，全球30米分辨率火烧迹地产品能够有效反映面积较小的燃烧斑块，同时在火烧迹地位置确定和面积量算上具有优势，可应用于全球火灾监测和评估、碳排放计算、生态环境保护等领域。",
    "引用格式": "张兆明, 唐朝, 何国金, 等. 全球30米分辨率火烧迹地产品[DB/OL]. Science Data Bank, 2020. (2020-04-15). DOI: 10.11922/sciencedb.976."
}