{
    "类目名称": "卫星遥感数据即得即用（RTU）产品集",
    "名称": "吴起县黄土高原退耕还林区时间序列正射产品",
    "资源信息链接地址": "ftp://124.16.184.141/csdata/Yanan-GF1WFV/http://www.sciencedb.cn/dataSet/handle/968",
    "摘要": "摘要：针对2013–2018年黄土高原退耕还林区（陕西省延安市吴起县及其周边地区）的130景高分一号宽幅卫星遥感数据，以Landsat 8全色正射镶嵌影像作为参考影像，通过影像自动匹配方法获取影像控制点，采用L1范数约束的最小二乘法对影像自带RPC模型进行修正，然后基于修正后的RPC模型和DEM数据对原始影像进行正射校正，得到吴起县及其周边地区的时间序列正射产品。影像数据包含可见光及近红外波段，空间分辨率为16 m，平面几何精度优于2个像元。本数据集将持续更新，可为深入研究黄土高原地区退耕还林还草成效及其生态、经济效应等提供数据支撑。",
    "关键词": "黄土高原；退耕还林；吴起县；正射影像；时间序列",
    "参考引用": [
        {
            "名称": "李鹏飞. 黄土高原土壤含水量对退耕还林（草）的响应[D]. 陕西杨凌: 西北农林科技大学, 2017.",
            "资源信息链接地址": "http://xueshu.baidu.com/s?wd= 黄土高原土壤含水量对退耕还林（草）的响应"
        },
        {
            "名称": "CHEN Y, WANG K, LIN Y, et al. Balancing green and grain trade[J]. Nature Geoscience, 2015, 8(10): 739.",
            "资源信息链接地址": "http://xueshu.baidu.com/s?wd= Balancing green and grain trade"
        },
        {
            "名称": "梁海斌, 薛亚永, 安文明, 等. 黄土高原不同退耕还林植被土壤干燥化效应[J]. 水土保持研究, 2018, 25(4): 77-85.",
            "资源信息链接地址": "http://xueshu.baidu.com/s?wd= 黄土高原不同退耕还林植被土壤干燥化效应"
        },
        {
            "名称": "白应飞. 延安市退耕还林工程效益调查分析[J]. 南方农业, 2019 (20): 31.",
            "资源信息链接地址": "http://xueshu.baidu.com/s?wd= 延安市退耕还林工程效益调查分析"
        },
        {
            "名称": "李蕴琪, 韩磊, 朱会利, 等. 基于土地利用的延安市退耕还林前后生态服务价值变化[J]. 西北林学院学报, 2020, 35(1): 203-211.",
            "资源信息链接地址": "http://xueshu.baidu.com/s?wd= 基于土地利用的延安市退耕还林前后生态服务价值变化"
        },
        {
            "名称": "LONG T F, JIAO W L, HE G J, et al. A fast and reliable matching method for automated georeferencing of remotely-sensed imagery[J]. Remote sensing, 2016, 8(1): 56.",
            "资源信息链接地址": "http://xueshu.baidu.com/s?wd= A fast and reliable matching method for automated georeferencing of remotely-sensed imagery"
        },
        {
            "名称": "LOWE DG. Distinctive image features from scale-invariant keypoints[J]. International journal of computer vision, 2004, 60(2): 91-110.",
            "资源信息链接地址": "http://xueshu.baidu.com/s?wd= Distinctive image features from scale-invariant keypoints"
        },
        {
            "名称": "LONG T F, JIAO W L, HE G J. RPC Estimation via L1-Norm-Regularized Least Squares (L1LS)[J]. IEEE Transactions on Geoscience and Remote Sensing, 2015, 53(8): 4554-4567.",
            "资源信息链接地址": "http://xueshu.baidu.com/s?wd= RPC Estimation via L1-Norm-Regularized Least Squares (L1LS)"
        }
    ],
    "作者": [
        {
            "姓名": "龙腾飞",
            "机构": [
                "中国科学院空天信息创新研究院",
                "Aerospace Information Research Institute, Chinese Academy of Sciences",
                "海南省地球观测重点实验室",
                " Key Laboratory for Earth Observation of Hainan Province"
            ],
            "贡献": "主要承担工作：数据收集、算法设计和数据处理。",
            "简介": "（1986—），男，湖北省武汉市人，博士，助理研究员，研究方向为遥感图像智能处理。"
        },
        {
            "姓名": "何国金",
            "机构": [
                "中国科学院空天信息创新研究院",
                "Aerospace Information Research Institute, Chinese Academy of Sciences",
                "海南省地球观测重点实验室",
                " Key Laboratory for Earth Observation of Hainan Province"
            ],
            "贡献": "主要承担工作：总体思路与方案设计。",
            "简介": "（1968—），男，福建省龙岩市人，博士，研究员，研究方向为遥感信息智能服务。"
        },
        {
            "姓名": "焦伟利",
            "机构": [
                "中国科学院空天信息创新研究院",
                "Aerospace Information Research Institute, Chinese Academy of Sciences",
                "海南省地球观测重点实验室",
                " Key Laboratory for Earth Observation of Hainan Province"
            ],
            "贡献": "主要承担工作：数据处理流程设计。",
            "简介": "（1965—），女，辽宁省凤城市人，正高级工程师，研究方向为遥感图像处理与工程应用。"
        }
    ],
    "基金": "国家自然科学基金项目（61731022、61701495）；中国科学院Ａ类战略性先导科技专项（XDA19090300）。",
    "数据集名称": "吴起县黄土高原退耕还林区时间序列正射产品",
    "数据作者": "何国金（hegj@radi.ac.cn）",
    "时间范围": "2013–2018年",
    "空间范围": "地理范围包括34°56′26″N–38°45′5″N，105°31′54″E–110°24′19″E。地理区域范围包括延安市吴起县及其周边地区。",
    "空间分辨率": "16 m",
    "数据量": "258 GB",
    "数据格式": "*.tif, *.jpg, *.xml, *.txt",
    "数据组成": "本数据集包括130景数据，每景影像存放在独立文件夹中，以传感器名称、景中心经纬度及成像日期命名。每个文件夹内包括4个文件：正射影像文件，格式为tif；元数据文件，格式为xml；缩略图文件，格式为jpg；精度评价文件，格式为txt。",
    "数据采集和处理方法": "1.1数据源高分一号（GF-1）卫星于2013年4月26日在酒泉卫星发射中心成功发射，是国家高分辨率对地观测系统重大专项中的首颗卫星。高分一号卫星宽视场（Widefieldofview，WFV）传感器的主要载荷技术指标如表1所示。GF-1WFV原始数据由中国遥感卫星地面站接收、中国资源卫星应用中心分发，影像数据自带有理函数模型（RPC模型）参数，但由于自带RPC模型存在一定误差，无法直接用于正射影像的生产。影像的覆盖范围及时相信息如图1和表2所示。数据集覆盖范围约135842.3平方公里，其中吴起县约3791.5平方公里。下载表1GF-1卫星WFV传感器主要载荷技术指标GF-1WFV技术指标指标范围波段范围/μmB1:0.45–0.52B2:0.52–0.59B3:0.63–0.69B4:0.77–0.89空间分辨率/m16幅宽/km800（4台相机组合）轨道周期/d4图1GF-1WFV时间序列影像覆盖范围下载表2GF-1WFV影像获取时间年度日期2013年5.3,5.10,6.28,7.2,8.3,9.13,10.19,10.23,11.20,11.24,11.29,12.3,12.11,12.27,12.312014年1.4,1.8,1.12,1.16,1.20,4.8,4.28,5.7,5.11,5.19,5.19,6.8,6.17,6.21,6.29,7.24,7.27,7.28,7.31,8.1,10.14,10.14,10.21,11.2,11.3,11.11,11.19,11.28,12.2,12.22,12.26,12.302015年1.8,1.11,1.12,2.9,2.14,2.21,3.6,3.14,4.16,4.28,5.15,5.18,5.23,6.8,7.11,8.5,8.17,8.25,8.25,9.6,9.14,10.12016年1.15,1.28,2.9,2.29,5.17,10.8,11.2,11.14,12.292017年1.14,1.19,1.22,1.27,2.4,2.12,3.1,4.2,4.23,4.27,5.6,5.26,7.6,7.30,8.3,8.8,8.16,9.29,10.20,11.2,11.14,11.22,11.30,12.4,12.5,12.8,12.212018年1.10,1.11,2.4,2.24,2.28,3.12,3.13,3.29,4.3,4.18,4.19,5.17,5.25,5.30,6.28,7.26,8.24,9.21,10.8,10.25,10.29,11.2,11.6,11.18,11.221.2数据处理以Landsat8全色正射镶嵌影像（空间分辨率为15m）作为参考影像，利用影像自动匹配方法[6]从参考影像提取地面控制点，并利用地面控制点对影像自带RPC模型进行修正，然后基于修正后的RPC模型和DEM数据对原始影像进行正射校正，最后采用自动匹配方法从正射校正结果和参考影像采集检查点进行精度评价。本数据集采用的DEM数据为SRTMDEMV3数据，空间分辨率约为30m。数据处理流程如图2所示。图2高分一号WFV数据正射校正处理流程1.2.1影像自动匹配影像自动匹配是高效获取地面控制点的有效方法。为保证采集到的控制点在空间上分布均匀，我们将高分一号WFV原始影像划分为256×256的规则格网，然后在每个格网内利用SIFT算法[7]自动匹配一个控制点。另一方面，通过划分格网也可得到大小合适的影像块，从而提高SIFT匹配算法的速度和成功率[6]。借助待匹配影像的初始RPC模型，参考影像块的范围可以根据待匹配影像块的影像坐标近似计算得到。此外，我们还可以将参考影像块重采样成与待校正影像块相近的分辨率，从而让SIFT匹配更加稳健。1.2.2RPC模型优化有理函数模型将像点坐标表示为以相应地面点空间坐标为自变量的有理多项式的比值。为了提高方程的数值稳定性，对两个像平面坐标和三个地面空间坐标进行平移和缩放，标准化为−1.0～1.0之间。基本方程为如下形式：（1）其中和是像素在像平面上的行列值标准化后的结果，是物方点空间坐标标准化后的结果，坐标的标准化通过下式计算：，（2）其中和是两个像平面坐标的平移量，和是两个像平面坐标的缩放比例；类似的，，和是三个地面坐标的平移量，、和是三个地面坐标的缩放比例。为普通多项式（），最高不超过三次，如下式所示：（3）其中，多项式系数称为有理函数系数（RPC参数）。采用L1范数约束的最小二乘法[8]对初始RPC参数进行改正，得到修正后的RPC模型。1.2.3正射校正利用修正后的RPC模型和DEM数据，按WGS84坐标系UTM49带投影和16m分辨率建立输出正射影像的规则格网，然后计算输出影像格网中的每一点对应于原始高分一号WFV影像的像素坐标：根据输出影像左上角点的投影坐标及影像的空间分辨率计算输出格网点的投影坐标，并将投影坐标转换为地理坐标（经纬度），再利用修正后的RPC模型和DEM数据将经纬度和高程计算为对应的原始影像像平面坐标。一般地，计算得到的像平面点的坐标值不为整数，则需采用双三次卷积法插值得到相应灰度值填充到输出影像格网中。",
    "数据描述": "本数据集包括陕西省延安市地区2013–2018年共计130景高分一号卫星宽视场（WFV）正射影像数据，其空间分辨率为16m，坐标系为WGS1984，投影方式为UTM49N，总数据量约为258GB。每景影像存放在独立文件夹中，以传感器名称、景中心经纬度及成像日期命名，文件夹内包括正射影像文件、元数据文件、缩略图文件、精度评价文件4个文件。延安市吴起县附近2013年8月和2015年8月的影像如图3所示。(a)(b)图32013年和2018年吴起县GF-1WFV影像(a)2013年8月3日(b)2018年8月24日",
    "数据质量": "以Landsat8全色正射影像为参考，采用自动匹配方法对每景正射影像采集100个左右均匀分布的检查点，计算每景影像所有检查点的均方根误差（RMSE）以得到该景影像的平均平面误差，然后对130景影像的平面误差进行直方图统计，结果如图4所示。由图4可知，大多数景的平面误差在1个像元以内，且所有影像的平面误差均小于2个像元。检查点的均方根误差的计算公式为：（4）其中，为检查点的个数；和分别为第个检查点的像平面坐标；和分别为第个检查点的地面坐标和投影在校正后影像上的像平面坐标，可由公式计算得到。（5）其中，和为校正后影像左上角点所在的地面坐标，和为校正后影像方向和方向的地面采样间距。图4GF-1WFV时间序列正射影像精度报告",
    "数据价值": "本数据集是延安市吴起县地区2013–2018年较完整的即得即用的高分卫星影像时间序列。本产品为多光谱数据，云量少、定位精度高，可直接用于植被指数计算、目视判别、影像自动分类或变化检测等遥感分析应用。本数据集包含影像数据、元数据、缩略图和精度评价报告，便于用户了解数据的属性及质量信息。本数据集可为深入研究黄土高原地区退耕还林还草成效及其生态、经济效应等提供数据支撑。",
    "数据使用和建议": "延安市吴起县地区时间序列正射影像数据集保存为GeoTIFF格式，包含4个波段，能够在ENVI、PCI、ArcGIS和QGIS等遥感和GIS主流软件中读取和操作。后续本数据集将会定期补充新的时序产品，为延安地区退耕还林还草的遥感监测提供基础数据支撑。",
    "引用格式": "龙腾飞, 何国金, 焦伟利. 吴起县黄土高原退耕还林区时间序列正射产品[DB/OL]. Science Data Bank, 2020. (2020-04-06). DOI: 10.11922/sciencedb.968."
}