{
    "类目名称": "高亚洲冰、雪和环境专题",
    "名称": "1971–2014年慕士塔格–公格尔地区冰川高程变化数据集",
    "资源信息链接地址": "http://www.sciencedb.cn/dataSet/handle/573",
    "摘要": "摘要：在气候变化的影响下，冰川变化将显著影响区域水循环和水资源，而冰川高程变化是反映该过程的关键指标。慕士塔格–公格尔地区位于东帕米尔高原，是我国重要冰川作用区之一。该区域不仅是目前国际冰川研究热点区域，而且是中巴经济走廊穿越区，其研究重要性日益增长。本文基于地形图、SRTM DEM和ASTER立体像对数据获取1971–2014年慕士塔格–公格尔地区冰川高程变化数据集。本数据集大致空间范围在38°N–39°N，74°40′E–75°40′E内，覆盖434条冰川，冰川总面积为998.8 km2，存储为GeoTIFF格式（32位浮点型），空间分辨率为30 m。为尽可能消除DEM空间匹配误差和由不同空间分辨率引起的误差，利用数据间的误差与地形因子之间的关系进行校正，同时估算了SRTM C波段对冰雪的穿透深度，提高了结果的精度。非冰川区残差统计分析表明，本数据集冰川高程变化误差为0.02～0.07 m a-1。本数据集可以作为帕米尔高原山地冰川冰量变化的本底调查资料，为该区域山地冰川物质平衡研究提供基础数据支撑。另外，本数据集与气候、水文等数据进行综合分析，可以揭示冰川–气候–水文之间的定量联系，深化冰川对气候变化响应机理及影响的科学认识，进一步了解该地区冰川变化的水资源效应。",
    "关键词": "帕米尔；慕士塔格；公格尔；冰川高程变化；DEM",
    "参考引用": [
        {
            "名称": "KARIMI N, FAROKHNIA A, SHISHANGOSHT S, et al. Elevation changes of Alamkouh glacier in Iran since 1955, based on remote sensing data[J]. International Journal of Applied Earth Observation and Geoinformation, 2012, 19: 45-58.",
            "资源信息链接地址": "http://xueshu.baidu.com/s?wd= Elevation changes of Alamkouh glacier in Iran since 1955, based on remote sensing data"
        },
        {
            "名称": "BOLCH T, PIECZONKA T, BENN D I. Multi-decadal mass loss of glaciers in the Everest area (Nepal Himalaya) derived from stereo imagery[J]. The Cryosphere, 2011, 5: 349-358.",
            "资源信息链接地址": "http://xueshu.baidu.com/s?wd= Multi-decadal mass loss of glaciers in the Everest area (Nepal Himalaya) derived from stereo imagery"
        },
        {
            "名称": "ZEMP M, HOELZLE M, HAEBERLI W. Six decades of glacier mass balance observations: a review of the worldwide monitoring network[J]. Annals of Glaciology, 2009, 50: 101-111.",
            "资源信息链接地址": "http://xueshu.baidu.com/s?wd= Six decades of glacier mass balance observations: a review of the worldwide monitoring network"
        },
        {
            "名称": "BRUN F, BERTHIER E, WAGNON P, et al. A spatially resolved estimate of High Mountain Asia glacier mass balances from 2000 to 2016[J]. Nature Geoscience, 2018, 10: 668–673.",
            "资源信息链接地址": "http://xueshu.baidu.com/s?wd= A spatially resolved estimate of High Mountain Asia glacier mass balances from 2000 to 2016"
        },
        {
            "名称": "PAUL F, BOLCH T, KÄÄB A, et al. The glaciers climate change initiative: Methods for creating glacier area, elevation change and velocity products[J]. Remote Sensing of Environment, 2015, 162: 408-426.",
            "资源信息链接地址": "http://xueshu.baidu.com/s?wd= The glaciers climate change initiative: Methods for creating glacier area, elevation change and velocity products"
        },
        {
            "名称": "徐春海, 李忠勤, 王飞腾, 等. 基于LiDAR、SRTM DEM的祁连山黑河流域十一冰川2000–2012年物质平衡估算[J]. 自然资源学报, 2017, 32(1): 88-100.",
            "资源信息链接地址": "http://xueshu.baidu.com/s?wd= 基于LiDAR、SRTM DEM的祁连山黑河流域十一冰川2000–2012年物质平衡估算"
        },
        {
            "名称": "LI G, LIN H, YE Q H. Heterogeneous decadal glacier downwasting at the Mt. Everest (Qomolangma) from 2000 to ~2012 based on multi-baseline bistatic SARinterferometry[J]. Remote Sensing of Environment, 2018, 206: 36–349.",
            "资源信息链接地址": "http://xueshu.baidu.com/s?wd= Heterogeneous decadal glacier downwasting at the Mt. Everest (Qomolangma) from 2000 to ~2012 based on multi-baseline bistatic SARinterferometry"
        },
        {
            "名称": "GARDELLE J, BERTHIER E, ARNAUD Y. Slight mass gain of Karakoram glaciers in the early twenty-first century [J]. Nature Geoscience, 2012, 5: 322-325.",
            "资源信息链接地址": "http://xueshu.baidu.com/s?wd= Slight mass gain of Karakoram glaciers in the early twenty-first century "
        },
        {
            "名称": "WU K P, LIU S Y, JIANG Z L, et al. Recent glacier mass balance and area changes in the Kangri Karpo Mountains from DEMs and glacier inventories [J]. The Cryosphere, 2018, 12: 103-121.",
            "资源信息链接地址": "http://xueshu.baidu.com/s?wd= Recent glacier mass balance and area changes in the Kangri Karpo Mountains from DEMs and glacier inventories "
        },
        {
            "名称": "ZHANG Z, LIU S Y, WEI J F, et al. Mass change of glaciers in Muztag Ata-Kongur Tagh, eastern Pamir, China from 1971/76 to 2013/14 as derived from remote sensing data[J]. PLOS ONE, 2016, 11: e0147327.",
            "资源信息链接地址": "http://xueshu.baidu.com/s?wd= Mass change of glaciers in Muztag Ata-Kongur Tagh, eastern Pamir, China from 1971/76 to 2013/14 as derived from remote sensing data"
        },
        {
            "名称": "刘时银, 姚晓军, 郭万钦, 等. 基于第二次冰川编目的中国冰川现状[J]. 地理学报, 2015, 70(1): 3-16.",
            "资源信息链接地址": "http://xueshu.baidu.com/s?wd= 基于第二次冰川编目的中国冰川现状"
        },
        {
            "名称": "GARDELLE J, BERTHIER E, ARNAUD Y, et al. Region-wide glacier mass balances over the Pamir-Karakoram-Himalaya during 1999-2011[J]. The Cryosphere, 2013, 7: 1263-1286.",
            "资源信息链接地址": "http://xueshu.baidu.com/s?wd= Region-wide glacier mass balances over the Pamir-Karakoram-Himalaya during 1999-2011"
        },
        {
            "名称": "GARDNER A S, MOHOLDT G, COGLEY J G, et al. A reconciled estimate of glacier contributions to sea level rise: 2003 to 2009[J]. Science, 2013, 340: 852-857.",
            "资源信息链接地址": "http://xueshu.baidu.com/s?wd= A reconciled estimate of glacier contributions to sea level rise: 2003 to 2009"
        },
        {
            "名称": "KÄÄB A, TREICHLER D, NUTH C, et al. Brief Communication: Contending estimates of 2003-2008 glacier mass balance over the Pamir–Karakoram–Himalaya[J]. The Cryosphere, 2015, 9: 557-564.",
            "资源信息链接地址": "http://xueshu.baidu.com/s?wd= Brief Communication: Contending estimates of 2003-2008 glacier mass balance over the Pamir–Karakoram–Himalaya"
        },
        {
            "名称": "HOLZER N, VIJAY S, YAO T, et al. Four decades of glacier variations at Muztagh Ata (eastern Pamir): a multi-sensor study including Hexagon KH-9 and Pléiades data[J]. The Cryosphere, 2015, 9: 2071–2088.",
            "资源信息链接地址": "http://xueshu.baidu.com/s?wd= Four decades of glacier variations at Muztagh Ata (eastern Pamir): a multi-sensor study including Hexagon KH-9 and Pléiades data"
        },
        {
            "名称": "张震, 刘时银, 魏俊锋, 等. 新疆帕米尔跃动冰川遥感监测研究[J]. 冰川冻土, 2016, 38(1): 11-20.",
            "资源信息链接地址": "http://xueshu.baidu.com/s?wd= 新疆帕米尔跃动冰川遥感监测研究"
        },
        {
            "名称": "NUTH C, KÄÄB A. Co-registration and bias corrections of satellite elevation datasets for quantifying glacier thickness change [J]. The Cryosphere, 2011, 5: 271-290.",
            "资源信息链接地址": "http://xueshu.baidu.com/s?wd= Co-registration and bias corrections of satellite elevation datasets for quantifying glacier thickness change "
        },
        {
            "名称": "GARDELLE J, BERTHIER E, ARNAUD Y. Impact of resolution and radar penetration on glacier elevation changes computed from DEM differencing[J]. Journal of Glaciology, 2012, 58(208): 419-422.",
            "资源信息链接地址": "http://xueshu.baidu.com/s?wd= Impact of resolution and radar penetration on glacier elevation changes computed from DEM differencing"
        },
        {
            "名称": "国家质量监督检验检疫总局, 国家标准化管理委员会. GB/T 1234.1-2008 国家基本比例尺地图编绘规范 第一部分：1:25 000 1:50000 1:100 000 地形图编绘规范[S]. 北京: 中国标准出版社, 2008.",
            "资源信息链接地址": "http://xueshu.baidu.com/s?wd= GB/T 1234.1-2008 国家基本比例尺地图编绘规范 第一部分：1:25 000 1:50000 1:100 000 地形图编绘规范"
        },
        {
            "名称": "RODR GUEZ E, MORRIS C S, BELZ J E. A Global Assessment of the SRTM Performance[J]. Photogrammetric Engineering & Remote Sensing, 2006, 72(3): 249-260.",
            "资源信息链接地址": "http://xueshu.baidu.com/s?wd= A Global Assessment of the SRTM Performance"
        },
        {
            "名称": "KOLECKA N, KOZAK J. Assessment of the Accuracy of SRTM C- and X-Band High Mountain Elevation Data: a Case Study of the Polish Tatra Mountains[J]. Pure and Applied Geophysics, 2013, 171(6): 897-912.",
            "资源信息链接地址": "http://xueshu.baidu.com/s?wd= Assessment of the Accuracy of SRTM C- and X-Band High Mountain Elevation Data: a Case Study of the Polish Tatra Mountains"
        },
        {
            "名称": "TOUTIN T. ASTER DEMs for geomatic and geoscientific applications: a review[J]. International Journal of Remote Sensing, 2008, 29(7): 1855-1875.",
            "资源信息链接地址": "http://xueshu.baidu.com/s?wd= ASTER DEMs for geomatic and geoscientific applications: a review"
        }
    ],
    "作者": [
        {
            "姓名": "张震",
            "机构": [
                "安徽理工大学测绘学院",
                "School of Geomatics, Anhui University of Science and Technology",
                "云南大学国际河流与生态安全研究院",
                "Institute of International Rivers and Eco-Security, Yunnan University"
            ],
            "贡献": "主要承担工作：DEM提取与配准、数据分析。 ",
            "简介": "（1988—），男，安徽省阜阳市人，博士，讲师，研究方向为冰川遥感。"
        },
        {
            "姓名": "刘时银",
            "机构": [
                "云南大学国际河流与生态安全研究院",
                "Institute of International Rivers and Eco-Security, Yunnan University",
                "中国科学院西北生态环境资源研究院冰冻圈科学国家重点实验室",
                "State Key Laboratory of Cryospheric Science, Northwest Institute of Eco-Environment and Resources, Chinese Academy of Sciences"
            ],
            "贡献": "主要承担工作：数据处理流程的设计。 ",
            "简介": "（1963—），男，河南省信阳市人，博士，研究员，研究方向为冰川变化。"
        },
        {
            "姓名": "魏俊锋",
            "机构": [
                "湖南科技大学资源环境与安全工程学院",
                "School of Resource Environment and Safety Engineering, Hunan University of Science and Technology"
            ],
            "贡献": "主要承担工作：DEM提取与配准。 ",
            "简介": "（1985—），男，湖北省天门市人，博士，讲师，研究方向为冰川遥感。"
        }
    ],
    "基金": "国家自然科学基金项目（41701087，41671066）；科技部科技基础性工作专项项目（2013FY111400）；云南大学引进人才项目（YJRC3201702）；国际合作项目（131C11KYSB20160061-4）。",
    "数据集名称": "1971–2014年慕士塔格–公格尔地区冰川高程变化数据集",
    "数据作者": "刘时银（shiyin.liu@ynu.edu.cn）",
    "时间范围": "1971–2014年",
    "空间范围": "北纬38°–39°，东经74°40′–75°40′",
    "空间分辨率": "30 m",
    "数据量": "15.5 MB",
    "数据格式": "*.tif (GeoTIFF, 32 bit float)",
    "数据组成": "本数据集包括1个压缩文件，文件名为MAKT.zip，包含3个文件，分别:\t\t\t1. 1971T_1999S.tif是1971–1999年冰川高程变化；\t\t\t2. 1999S_2014A.tif是1999–2014年冰川高程变化；\t\t\t3. 1971T_2014A.tif是1971–2014年冰川高程变化。",
    "数据采集和处理方法": "1.1数据源及预处理研究采用1971年和1976年地形图DEM、2000年SRTM1弧秒的DEM、2013年和2014年ASTER立体像对数据（表1）。地形图DEM是通过国家测绘局提供的数字化等高线生成的，国家测绘局将原北京1954坐标系转换为西安80坐标系，本研究使用国家测绘局提供的三角点，利用七参数法再转换为WGS1984坐标系，并将黄海高程基准转为EGM96[9-10]。下载表1慕士塔格–公格尔地区冰川高程变化数据集所采用的数据数据时间最优分辨率（m）/比例尺目的1971年地形图（3幅）1971-101∶50000提取DEM和冰川边界1976年地形图（11幅）1976-111∶50000提取DEM和冰川边界SRTM2000-0230提取DEMTerraASTER2013-06-1115提取DEMTerraASTER2014-07-2315提取DEMLandsatETM+2000-09-1115提取冰川边界LandsatOLI2014-10-0315提取冰川边界中国第一次冰川编目数据（修订版）1963/提取冰川边界中国第二次冰川编目数据2009/提取冰川边界SRTMDEM是由2000年2月获取的覆盖地球80%以上陆地表面的雷达数据生成的，数据有C波段和X波段两种，其中C波段数据目前公开有1弧秒（SRTM1）和3弧秒（SRTM3）两种。本研究主要使用SRTM1代表1999年消融期末的高程。由于X波段数据只能覆盖研究区的20%，本研究将此作为辅助数据估算C波段对冰雪的穿透深度。假设X波段对冰雪没有穿透[9-10]，利用1.2小节中DEM校正流程，以冰川中值海拔高度划分积累区和消融区，得到C波段在积累区平均穿透为2.41m，消融区平均穿透为0.79m。通过对比与SRTM采集时间相近的LandsatETM+影像（2000年2月7日），可知该时间段冰川表碛区基本没有积雪覆盖，因此可以认为表碛区不需要考虑冰雪穿透的问题。ASTER传感器搭载在Terra卫星上，该传感器的可见光与近红外（VNIR）系统具有立体成图能力，其3N和3B波段影像构成基高比（B/H）为0.6的立体像对。本研究使用2013年和2014年两景覆盖慕士塔格–公格尔地区的ASTER立体像对数据（L1A）在ENVI软件中提取DEM，平面控制来自LandsatOLI影像，高程控制来自地形图，坐标系同样设置为WGS1984/EGM96，空间分辨率设置为30m[10]。1.2数据处理方法和流程不同DEM由于获取和处理过程的不同，存在空间匹配误差和空间分辨率引起的误差，对两者误差的校正流程如图2。采用灰值图像显示DEM数据高程差是一种简单评估不同DEM间空间匹配误差的可视化方法。如果高程差值图与山体阴影图相似，则表示DEM数据间存在空间匹配错位，且冰川区与非冰川区空间匹配误差保持一致。因此，空间匹配误差可以通过非冰川区域的高程偏差进行校正。非冰川区稳定地形的高程偏差（dh）与坡度（α）、坡向（\\(\\phi\\)）存在三角函数关系[17]：\\(\\frac{dh}{\\mathit{tan}\\left(\\alpha\\right)}=a*\\mathit{cos}\\left(b-\\phi\\right)+c\\)（1）\\(c=\\frac{\\stackrel{-}{dh}}{tan\\left(\\stackrel{-}{\\alpha}\\right)}\\)（2）其中\\(\\stackrel{-}{dh}\\)为不同DEM整体高程差异，代表垂直偏移量，\\(\\stackrel{-}{\\alpha}\\)为基准DEM提取的平均坡度。参数a、b、c可以通过回归分析获取。采用公式（3–5）获取不同DEM数据间X、Y、Z方向上的偏移校正量：\\(X=a*sin\\left(b\\right)\\)（3）\\(Y=a*cos\\left(b\\right)\\)（4）\\(Z=c*tan\\left(\\stackrel{-}{\\alpha}\\right)\\)（5）为了尽可能减少空间匹配误差，一般需要经过多次如上述过程进行迭代。本研究设定为当dh的标准差减小幅度小于2%或者偏移量小于0.5m即可完成迭代。此外，本研究还根据高程偏差的5%和95%分位数剔除异常值的影响。受不同空间分辨率差异的影响，不同DEM数据经过配准后仍存在一定高程差残差。Gardelle的研究[18]表明该残差与基准DEM的最大曲率之间存在相关关系，且非冰川区和冰川区呈现一致性，因此可通过非冰川区高程差残差与最大曲率的线性关系，对冰川区的高程差残差进行校正。本研究利用地形图DEM为基准对SRTMDEM和ASTERDEM利用上述流程进行校正，对于SRTMDEM和ASTERDEM的差值则使用SRTMDEM为基准。图2DEM校正主要流程示意图[17-18]",
    "数据描述": "1971–2014年慕士塔格–公格尔地区冰川高程变化数据集分为三个文件存储：一是2000年SRTMDEM与1971年、1976年的地形图DEM的差值，代表1971–1999年冰川高程变化值（单位ma-1），命名为1971T_1999S.tif；二是2013年、2014年的ASTERDEM与2000年SRTMDEM的差值，代表1999–2014年冰川高程变化值（单位ma-1），命名为1999S_2014A.tif；三是2013年、2014年的ASTERDEM与1971–1976年地形图DEM的差值，代表1971–2014年冰川高程变化值（单位ma-1），命名为1971T_2014A.tif。数据结果显示如图3。（a）（b）（c）图3慕士塔格–公格尔地区冰川高程变化（a）1971–1999年冰川高程变化；（b）1999–2014年冰川高程变化；（c）1971–2014年冰川高程变化",
    "数据质量": "根据前人的研究，地形图在山区和高山区高程精度优于8～14m[19]，SRTMDEM数据平均高程精度优于16m（90%置信区间），但随地形波动[20-21]。ASTER立体像对生成的DEM平面精度优于±15m，高程精度介于±15～25m之间[22]。冰川高程变化的误差（E）可以用非冰川区高程残差的平均值（Em）和标准差（σ）计算[2]：\\(E=\\sqrt{{{E}_{m}}^{2}+{\\sigma}^{2}/N}\\)（6）式中N为空间去相关处理后的像元个数，本研究将所有DEM空间分辨率统一为30m，取空间去相关距离为600m[2]。由表2可知，两期DEM的高程差误差在0.65～1.08m之间，年变化误差在0.02～0.07ma-1。下载表2校正前后DEM数据误差特征及冰川高程变化误差区域类型校正前（m）校正后（m）NE（m）年变化误差（ma-1）EmσEmσ慕士塔格SRTM-TOPO−11.1318.79−0.9117.3263290.940.04ASTER-SRTM−12.4138.09−0.7627.3818780.990.07ASTER-TOPO−19.2434.24−0.2228.8422130.650.02公格尔SRTM-TOPO−9.1321.50−0.9919.2769541.020.04ASTER-SRTM−9.6254.37−0.8231.0819121.080.07ASTER-TOPO−7.6749.450.3438.3423890.850.02SRTM1数据是未经空洞填补的数据产品，在本研究区存在一定空洞，ASTER立体像对受云、雪等影响存在匹配精度差的区域，因此本数据集具有一定数量的空洞，但空洞所占比例较少，对研究结果影响可以忽略不计。",
    "数据价值": "基于ASTER立体相对数据、SRTMDEM、地形图获取了1971–2014年慕士塔格和公格尔地区的冰川高程变化数据集。本数据结果可以估算冰川物质平衡，冰川物质平衡与径流时空变化特征及其对气候变化的响应过程，可以揭示冰川–气候–水文之间的定量联系，深化冰川对气候变化响应机理及影响的科学认识，进一步了解该地区冰川变化的水资源效应。",
    "数据使用和建议": "1971–2014年慕士塔格–公格尔地区冰川高程变化数据存储格式为GeoTiff格式。ArcGIS、SuperMap、ENVI、ERDAS等常用的GIS与遥感软件均可支持该数据的读取和操作。冰川高程年变化值以影像的像元值表示，单位为ma-1，空间分辨率为30m。受积雪覆盖影响，图像的饱和问题（尤其在积累区）给光学立体像对提取的DEM带来一定的不确定性，因此在使用时可以针对积累区部分做进一步处理。",
    "引用格式": "张震, 刘时银, 魏俊锋. 1971–2014年慕士塔格–公格尔地区冰川高程变化数据集[DB/OL]. Science Data Bank, 2018. (2018-05-26). DOI: 10.11922/sciencedb.573."
}