{
    "类目名称": "地球大数据科学工程",
    "名称": "2002–2019年中国境外水电站项目信息数据集",
    "资源信息链接地址": "http://www.sciencedb.cn/dataSet/handle/855",
    "摘要": "摘要：“一带一路”区域国家拥有丰富的水资源，然而由于资金和技术水平的限制，广大“一带一路”区域发展中国家的水资源利用水平较低。与此同时，电力短缺也是这些国家面临的普遍问题之一。中国拥有雄厚的资金和丰富的水电项目建设经验，可为“一带一路”国家的水资源开发提供高效的解决方案。“一带一路”倡议提出5年以来，水电项目建设合作已成为各方开展能源合作新的重要内容。本文通过网络爬虫技术、“一带一路”网、“一带一路”能源合作网、各大企业官网以及商务部数据库尽可能全面收集数据，编制了2002–2019年（起始建设年份）“一带一路”能源水电站信息数据集。本数据集共收集到110个水电站项目，包含大（1）型、大（2）型、中型、小（1）型、小（2）型5大类型水电站，数据集内容包括水电站名称、项目名称、所在国家、所在地区、央企集团、二级单位、中国建设的起始年份、终止建设年份、水电站类型、装机容量、合作方式、定位的准确性等内容。本数据有利于为“一带一路”沿线水电站项目建设提供中长期的前景预测，有利于为政府部门和投资者提供全面和准确的资料。",
    "关键词": "一带一路；水电站项目；能源合作；水电站类型",
    "参考引用": [
        {
            "名称": "刘哲, 高艺, 王玉生, 等. “一带一路”电力互联互通浅析[J]. 中国工程科学, 2019, 21(04): 76-81.",
            "资源信息链接地址": "http://xueshu.baidu.com/s?wd= “一带一路”电力互联互通浅析"
        },
        {
            "名称": "苏南. 水电:“一带一路”实践成绩斐然[N]. 中国能源报, 2017-05-15 (012).",
            "资源信息链接地址": "http://xueshu.baidu.com/s?wd= 水电:“一带一路”实践成绩斐然"
        },
        {
            "名称": "任敏. 关注品质以人为本——中国水电厄瓜多尔科卡科多辛克雷水电站项目纪实[J]. 国际工程与劳务, 2014(08): 50-51.",
            "资源信息链接地址": "http://xueshu.baidu.com/s?wd= 关注品质以人为本——中国水电厄瓜多尔科卡科多辛克雷水电站项目纪实"
        },
        {
            "名称": "金哲平. 中国水电人在尼罗河上的创举——记承建苏丹麦洛维大坝工程的CCMD联营体[J]. 中国三峡, 2012(05): 32-35.",
            "资源信息链接地址": "http://xueshu.baidu.com/s?wd= 中国水电人在尼罗河上的创举——记承建苏丹麦洛维大坝工程的CCMD联营体"
        },
        {
            "名称": "贾科华. 中国水电: 已承建超七成海外工程[J]. 四川水力发电, 2019, 38(01): 77.",
            "资源信息链接地址": "http://xueshu.baidu.com/s?wd= 中国水电: 已承建超七成海外工程"
        },
        {
            "名称": "梁才, 高国伟, 等. “一带一路”跨国电网互联发展趋势、挑战及推进策略研究[J]. 全球能源互联网, 2018, 1(S1): 228-233.",
            "资源信息链接地址": "http://xueshu.baidu.com/s?wd= “一带一路”跨国电网互联发展趋势、挑战及推进策略研究"
        },
        {
            "名称": "郑家彬. “一带一路”框架下中俄能源合作分析[D]. 上海: 上海师范大学, 2018.",
            "资源信息链接地址": "http://xueshu.baidu.com/s?wd= “一带一路”框架下中俄能源合作分析"
        },
        {
            "名称": "中国电力——“走出去”正当时[J]. 中国科技奖励, 2017(08): 48-51.",
            "资源信息链接地址": "http://xueshu.baidu.com/s?wd=[J]."
        },
        {
            "名称": "王杏茹. 境外投资建设水电站项目运营和维护管理模式初探[J]. 水利建设与管理, 2012, 32(12): 68-69, 58.",
            "资源信息链接地址": "http://xueshu.baidu.com/s?wd= 境外投资建设水电站项目运营和维护管理模式初探"
        },
        {
            "名称": "赵珊. 柬埔寨甘再水电站项目管理研究[D]. 西安: 西北大学, 2013.",
            "资源信息链接地址": "http://xueshu.baidu.com/s?wd= 柬埔寨甘再水电站项目管理研究"
        },
        {
            "名称": "张昆, 马静洲, 吴泽斌, 等. 基于老挝南立1-2水电站的境外投资项目浅析[J]. 水利经济, 2015, 33(05): 53-56, 79.",
            "资源信息链接地址": "http://xueshu.baidu.com/s?wd= 基于老挝南立1-2水电站的境外投资项目浅析"
        },
        {
            "名称": "代彭梁, 陈伟民, 王嵬. 卡洛特水电站环境监测方案策划与实践[J]. 人民长江, 2018, 49(S2): 47-48.",
            "资源信息链接地址": "http://xueshu.baidu.com/s?wd= 卡洛特水电站环境监测方案策划与实践"
        },
        {
            "名称": "鲜恩伟, 张国栋, 冯**. “一带一路”沿线国家水电工程征地移民工作探讨——以柬埔寨桑河二级水电站为例[J]. 四川水利, 2019, 40(01): 26-30.",
            "资源信息链接地址": "http://xueshu.baidu.com/s?wd= “一带一路”沿线国家水电工程征地移民工作探讨——以柬埔寨桑河二级水电站为例"
        },
        {
            "名称": "邓颂霖, 张利, 樊亮. 境外水电开发项目中水情测报系统建设与维护[J]. 人民长江, 2018, 49(S2): 200-202.",
            "资源信息链接地址": "http://xueshu.baidu.com/s?wd= 境外水电开发项目中水情测报系统建设与维护"
        }
    ],
    "作者": [
        {
            "姓名": "尹富杰",
            "机构": [
                "东华理工大学测绘工程学院，南昌 330013",
                "Faculty of Geomatics, East China University of Technology, Nanchang 330013, P. R. China"
            ],
            "贡献": "主要承担工作：数据搜集、论文撰写。",
            "简介": "（1994—），男，福建宁德人，硕士研究生，研究方向为工程环境遥感监测。"
        },
        {
            "姓名": "邬明权",
            "机构": [
                "中国科学院空天信息创新研究院遥感科学国家重点实验室，北京 100101",
                "State Key Laboratory of Remote Sensing Science, Aerospace Information Research Institute, Beijing 100101, P. R. China"
            ],
            "贡献": "主要承担工作：总体技术路线设计与指导。",
            "简介": "（1983—），男，湖南株洲人，副研究员，硕导，研究方向为重大工程遥感与农业遥感。"
        },
        {
            "姓名": "肖建华",
            "机构": [
                "东华理工大学测绘工程学院，南昌 330013",
                "Faculty of Geomatics, East China University of Technology, Nanchang 330013, P. R. China"
            ],
            "贡献": "主要承担工作：数据搜集、质量控制。",
            "简介": "（1994—），男，江西赣州人，硕士研究生，研究方向为工程环境遥感监测。"
        },
        {
            "姓名": "牛铮",
            "机构": [
                "中国科学院空天信息创新研究院遥感科学国家重点实验室，北京 100101",
                "State Key Laboratory of Remote Sensing Science, Aerospace Information Research Institute, Beijing 100101, P. R. China"
            ],
            "贡献": "主要承担工作：技术支持与指导。",
            "简介": "（1965—），男，北京市人，研究员，博导，研究方向为全球变化遥感研究。"
        }
    ],
    "基金": "中国科学院A类战略性先导科技专项（XDA19030304）；中国科学院青年创新促进会（2017089）。",
    "数据集名称": "2002–2019年“一带一路”沿线水电站项目信息数据集",
    "数据作者": "邬明权（wumq@aircas.ac.cn）",
    "时间范围": "2002–2019",
    "空间范围": "地理区域包括亚洲、非洲、欧洲、大洋洲、北美洲、南美洲，其中包括老挝、越南、巴基斯坦、印度尼西亚、埃塞俄比亚、巴西、阿根廷等40个国家。",
    "数据量": "149 KB",
    "数据格式": "*.xlsx",
    "数据组成": "数据集为一张excel表格，包含110个水电站信息记录，每个记录包含13（中英文）个字段，主要包括水电站名称、项目名称、所在国家、所在地区、央企集团、二级单位、中国建设的起始年份、终止建设年份、水电站类型、装机容量、合作方式、定位的准确性等信息。",
    "数据采集和处理方法": "本数据集首先通过网络爬虫技术，在各大官网上收集“一带一路”水电站名称，依据名称通过各大新闻报道查询水电站相关信息，包括相关企业、建设年份、终止年份、装机容量、所在国家与地区等信息，由此制作“一带一路”沿线水电站名录。然后根据水电站装机容量将水电站分为五类，汇总各类型电站在各大洲的分布情况。数据处理流程如图1所示。图1数据集收集流程1.1数据获取本文通过网络爬虫技术搜索“一带一路”水电站，获取与境外水电站相关的新闻报道，识别出中国参与建设的水电站项目。通过新闻报道的方式收集存在收集不全、信息缺失等情况，就需要在一些官方网站上搜集信息，如“一带一路”网、“一带一路”能源合作网、中国能建网站、中国电建网站等；还可以通过相关微博及微信公众号来获取信息，如“一带一路”高参，来获取项目名称、所在地区、所在国家、装机容量、建设年份等信息。1.2数据分类数据收集后，在Excel表中进行汇总。通过水电站的装机容量，依据中国水电站分类标准将搜集到的水电站分为以下5类：（1）大（1）型水电站这类型水电站的装机容量大于1200MW，依托于地理位置优势而建，主要分布于非洲、南美洲等地区大河流域的干流，主要是以电网发电、经济运行等为任务，又具有防汛、灌溉、航运等综合功能的水电站，例如埃塞俄比亚吉布3水电站、安哥拉卡库洛卡巴萨水电站、巴基斯坦达苏水电站、苏丹麦洛维水电站、马来西亚巴贡水电站、阿根廷基塞水电站等。（2）大（2）型水电站这类型水电站电站装机容量在300–1200MW之间，主要分布于东南亚大河流域干流和支流，同样兼具防汛、灌溉等功能的多功能类电站，例如巴基斯坦尼鲁姆–杰卢姆水电站、缅甸瑞丽江一级（Shweli）水电站、印尼巴丹托鲁水电站、柬埔寨桑河二级水电站、尼日利亚宗格鲁水电站等。（3）中型水电站这类型水电站装机容量在50–300MW之间，主要位于具备中型水能资源地区，解决当地缺电、缺运输能力问题，兼具发电、灌溉等任务，例如老挝东萨宏水电站、印尼佳蒂格德水电站、柬埔寨达岱水电站、尼泊尔上塔木尔河水电站、哈萨克斯坦玛依纳水电站等。（4）小（1）型水电站这类型水电站装机容量在10–50MW之间，主要位于“一带一路”沿线缺少电力国家的较小河流，相较于大中型水电站，其在建造成本、建造周期、建造技术上都有很大优势，例如尼泊尔上马相迪A水电站、尼泊尔库里卡尼Ⅲ水电站、越南小中河水电站、白俄罗斯维捷布斯克水电站、哈萨克斯坦图尔古松水电站等。（5）小（2）型水电站这类型水电站装机容量在10MW以下，是以分布式为主的能源类型，能够避免大型水电站生态移民等问题，有助于优化能源结构、降低碳排放，例如巴布亚新几内亚哈吉湖水电站。",
    "数据描述": "2.1数据组成本数据集收集了2002–2019年中国境外水电站项目名录，比较系统的整理了“一带一路”倡议提出前后中国境外水电站建设的情况，能够客观地反映“一带一路”倡议对于中国境外重大工程的推动作用。本数据集为一个excel文件，总数据量为149KB，包含110条水电站项目信息。2.2数据分布目前，共收集到110个水电站，其中大（1）型水电站17座，大（2）型水电站24，中型水电站47座，小（1）型水电站20，小（2）型水电站1座，分布于全球五大洲（图2）。水电站主要集中分布在亚洲和非洲，其中亚洲最多，有62座，主要以中型水电站和大（2）型水电站为主，大（1）型水电站主要分布于非洲和南美洲，小型水电站则主要分布于亚洲、非洲。由于非洲大部分国家长期受到缺电影响，再加上非洲水资源丰富，所以以大中型水电站为主，小型水电站有增长的趋势。亚洲“一带一路”沿线多为发展中国家，对于电力需求大，且河流众多，河网稠密，所以大中型水电站都有分布，且数量占比较大。图2“一带一路”沿线水电站统计分布图2.3历年开工数量变化情况根据名录统计分析，自2002年以来中国在境外承建的水电项目发展迅速（图3）。2002–2005年，只有14个水电站项目，主要分布于东南亚，南亚、西亚以及东非地区；2006–2012年，水电项目由原来的14个增长至46个，中亚、西非和南美等一些国家相继出现水电站项目；从2013年开始，中国提出“一带一路”倡议，各国积极响应合作，开工数量有了跳跃式的增长，2013–2018年，水电站项目以平均每年10个的速度增加，欧洲、南美洲以及非洲地区水电项目增长迅速，类型更加多元化，以装机容量较小为代表的小型水电相继出现，分布区域也沿经济廊道开始向欧洲、大洋洲等地区拓展。图3各类型水电站历年开工/签约数量变化图2.4数据缺失信息目前数据集信息存在缺失情况，110水电站中有1个水电站暂时缺少装机容量信息，为老挝南巴尤水电站，所以未对其进行分类统计；有9个水电站央企集团和二级单位信息不全，分别为巴西圣西芒水电站、老挝南莫II水电站、喀麦隆Ngoila水电站、民主刚果英加水坝三期、尼日利亚蒙贝拉水电站、巴西伊利亚水电站、巴西朱比亚水电站、巴布亚新几内亚哈吉湖水电站、洪都拉斯阿雷纳水电站、尼泊尔上塔木尔河水电站。2.5数据样例本数据集的数据存储于一个excel表格中，2002–2019年中国境外水电站名录，共有110个记录。主要包括水电站名称、水电站所在国家、所在地区、央企集团、二级单位、装机容量等13项（中英文）重要信息。表1为部分示例。下载表1中国一带一路沿线部分水电站名录主要信息表所在地区所在国家水电站名称项目名称央企集团二级单位中国建设的起始年份水电站类型终止建设年份装机容量（MW）合作方式定位准确性东非苏丹苏丹麦洛维水电站苏丹麦洛维水电站土建工程项目中国电建集团中国水利水电第七工程局有限公司2003年7月开工大（1）型水电站2010年10月发电1250承建1级东南亚马来西亚马来西亚巴贡水电站马来西亚巴贡水电站土建项目中国电建集团中国水利水电第七工程局有限公司2003年5月开工大（1）型水电站2010年10月发电2400联合承建1级南亚巴基斯坦巴基斯坦尼鲁姆-杰卢姆水电站尼鲁姆-杰卢姆水电项目中国能建集团中国葛洲坝集团2008年1月开工大（2）型水电站2018年并网发电969承建1级南亚巴基斯坦巴基斯坦卡洛特水电站巴基斯坦卡洛特水电站项目中国长江三峡集团三峡发展公司、中国机械设备进出口股份有限公司2016年1月开工大（2）型水电站尚未完工，预计2021年竣工720贷款+承建1级东南亚缅甸缅甸太平江一级水电站缅甸太平江一级水电站项目大唐集团中国水利水电第十四工程局有限公司2008年7月开工中型水电站2010年6月竣工240投资1级南亚尼泊尔尼泊尔库里卡尼3水电站尼泊尔库里卡尼3水电站项目中国电建集团中国水利水电第十一工程局有限公司2012年6月签订合同小（1）型水电站2018年4月竣工14承建3级中非刚果（布）刚果（布）利韦索水电站刚果（布）利韦索水电项目中国能建集团中国葛洲坝集团公司2012年6月开工小（1）型水电站2017年5月竣工19.2承建1级",
    "数据质量": "为了提高数据的真实性和可靠性，本文数据所涉及的数据均通过“一带一路”网、“一带一路”能源合作网、中国外交部网站、商务部公共项目服务网、相关国家大使馆经济商务参赞处网站、以及相关企业官网（如中国电建官网、中国能建官网、中国长江三峡集团官网、哈尔滨电气国际工程有限责任公司官网等）进行多次核查，所以本文的数据整体真实、可靠。",
    "数据价值": "境外水电站建设是我国“一带一路”能源合作的重要组成部分。本研究采用网络爬虫、遥感和GIS技术，编制了目前中国较为全面带地理定位数据的境外水电站名录，包括大（1）型水电站、大（2）型水电站、中型水电站、小（1）型水电站、小（2）型水电站等110水电站，涵盖我国境外水电站名称、水电站项目名称、水电站所在国家、所在地区、央企集团、二级单位、水电站类型、装机容量等重要信息，有利于为“一带一路”海外能源项目建设提供中长期的前景预测，为政府部门决策提供可靠的资料，为我国企业“走出去”提供参考、降低风险。",
    "引用格式": "尹富杰, 邬明权, 肖建华, 牛铮. 2002–2019年中国境外水电站项目信息数据集[DB/OL]. Science Data Bank, 2019. (2019-10-20). DOI: 10.11922/sciencedb.855."
}