{
    "类目名称": "中国生态系统研究网络（CERN）专题",
    "名称": "2002–2016年鼎湖山典型森林生态系统土壤含水量数据集",
    "资源信息链接地址": "http://dhf.cern.ac.cn/meta/detail/FC012002\t\t\thttp://www.sciencedb.cn/dataSet/handle/667",
    "摘要": "摘要：土壤水分是森林生态系统物质和能量循环的关键载体，对森林生态系统水文过程与水量平衡、养分循环、森林生产力形成及生态服务功能的发挥等具有重要作用。土壤水分含量是中国生态系统研究网络（CERN）陆地生态系统水环境长期定位观测的重要指标。马尾松针叶林（Pinus massoniana coniferous forest）、马尾松针阔叶混交林（mixed Pinus massoniana /broad-leaved forest）和季风常绿阔叶林（monsoon evergreen broad-leaved forest）是鼎湖山国家级保护区内分布的典型森林类型，长期以来受到严格的保护。依托鼎湖山森林生态系统定位研究站（鼎湖山站），依据CERN陆地水环境观测规范、质量保证与质量控制规范，分别于上述林型内设立标准观测样地，并开展森林土壤水分含量的长期定位观测、数据汇交、质控以及科研与示范工作。本数据集整理了鼎湖山站2002–2016年马尾松针叶林、马尾松针阔叶混交林和季风常绿阔叶林3种典型森林类型土壤含水量长期观测数据。以期为深入探究气候变化与植被覆盖变化影响下的森林生态系统结构与功能等相关议题提供本底资料，为该地区的森林经营管理及生态系统服务功能评价提供基础支撑。",
    "关键词": "鼎湖山；土壤含水量；中子仪；长期观测",
    "参考引用": [
        {
            "名称": "刘效东, 乔玉娜, 周国逸. 土壤有机质对土壤水分保持及其有效性的控制作用[J]. 植物生态学报, 2011, 35(12): 1209-1218.",
            "资源信息链接地址": "http://xueshu.baidu.com/s?wd= 土壤有机质对土壤水分保持及其有效性的控制作用"
        },
        {
            "名称": "袁国富, 唐登银, 孙晓敏, 等. 陆地生态系统水环境观测规范[M]. 北京: 中国环境科学出版社, 2007.",
            "资源信息链接地址": "http://xueshu.baidu.com/s?wd= 陆地生态系统水环境观测规范"
        },
        {
            "名称": "Zhou G, Wei X, Wu Y, et al. Quantifying the hydrological responses to climate change in an intact forested small watershed in Southern China[J]. Global Change Biology, 2011, 17(12): 3736-3746.",
            "资源信息链接地址": "http://xueshu.baidu.com/s?wd= Quantifying the hydrological responses to climate change in an intact forested small watershed in Southern China"
        },
        {
            "名称": "袁国富, 张心昱, 唐新斋, 等. 陆地生态系统水环境观测质量保证与质量控制[M]. 北京: 中国环境科学出版社, 2012.",
            "资源信息链接地址": "http://xueshu.baidu.com/s?wd= 陆地生态系统水环境观测质量保证与质量控制"
        },
        {
            "名称": "张倩媚. 中国生态系统定位观测与研究数据集·森林生态系统卷·广东鼎湖山站：1998–2008[M]. 北京: 中国农业出版社, 2011.",
            "资源信息链接地址": "http://xueshu.baidu.com/s?wd= 中国生态系统定位观测与研究数据集·森林生态系统卷·广东鼎湖山站：1998–2008"
        },
        {
            "名称": "张倩媚, 张德强, 李跃林, 等. 鼎湖山森林生态系统智慧型野外台站建设[J]. 生态科学, 2015, 34(03): 139-145.",
            "资源信息链接地址": "http://xueshu.baidu.com/s?wd= 鼎湖山森林生态系统智慧型野外台站建设"
        },
        {
            "名称": "吕贻忠, 李保国. 土壤学[M]. 北京: 中国农业出版社, 2006.",
            "资源信息链接地址": "http://xueshu.baidu.com/s?wd= 土壤学"
        },
        {
            "名称": "徐文婷, 葛结林, 熊高明, 等. 2001年亚热带典型常绿落叶阔叶混交林物种组成数据集[J/OL]. 中国科学数据, 2017, 2(1). DOI: 10.11922/csdata.180.2016.0108.",
            "资源信息链接地址": "http://xueshu.baidu.com/s?wd= 2001年亚热带典型常绿落叶阔叶混交林物种组成数据集"
        },
        {
            "名称": "唐新斋, 袁国富, 朱治林, 等. 2005～2014年CERN野外台站气象观测场土壤含水量数据集[J/OL]. 中国科学数据, 2017, 2(1). DOI: 10.11922/csdata.170.2016.0101.",
            "资源信息链接地址": "http://xueshu.baidu.com/s?wd= 2005～2014年CERN野外台站气象观测场土壤含水量数据集"
        }
    ],
    "作者": [
        {
            "姓名": "刘佩伶",
            "机构": [
                "华南农业大学，林学与风景园林学院，广州 510642",
                "College of Forestry and Landscape Architecture, South China Agricultural University, Guangzhou 510642, P.R. China"
            ],
            "贡献": "主要承担工作：数据分析和论文撰写。",
            "简介": "（1996—），女，广东人，硕士研究生，研究方向为森林生态水文。"
        },
        {
            "姓名": "张倩媚",
            "机构": [
                "中国科学院华南植物园，广州 510650",
                "South China Botanical Garden, Chinese Academy of Sciences, Guangzhou 510650, P.R. China"
            ],
            "贡献": "主要承担工作：数据前期处理与质量控制。",
            "简介": "（1970—），女，广东人，高级工程师，研究方向为森林生态学。"
        },
        {
            "姓名": "刘效东",
            "机构": [
                "华南农业大学，林学与风景园林学院，广州 510642",
                "College of Forestry and Landscape Architecture, South China Agricultural University, Guangzhou 510642, P.R. China",
                "中国科学院华南植物园，广州 510650",
                "South China Botanical Garden, Chinese Academy of Sciences, Guangzhou 510650, P.R. China"
            ],
            "贡献": "主要承担工作：数据质量控制。",
            "简介": "（1988—），男，河南人，讲师，研究方向为森林培育与森林生态。"
        },
        {
            "姓名": "刘世忠",
            "机构": [
                "中国科学院华南植物园，广州 510650",
                "South China Botanical Garden, Chinese Academy of Sciences, Guangzhou 510650, P.R. China"
            ],
            "贡献": "主要承担工作：数据采集与质量控制。",
            "简介": "（1970—），男，广东人，高级工程师，研究方向为森林生态学。"
        },
        {
            "姓名": "褚国伟",
            "机构": [
                "中国科学院华南植物园，广州 510650",
                "South China Botanical Garden, Chinese Academy of Sciences, Guangzhou 510650, P.R. China"
            ],
            "贡献": "主要承担工作：数据采集与质量控制。",
            "简介": "（1976—），男，广东人，高级工程师，研究方向为环境生态学。"
        },
        {
            "姓名": "张德强",
            "机构": [
                "中国科学院华南植物园，广州 510650",
                "South China Botanical Garden, Chinese Academy of Sciences, Guangzhou 510650, P.R. China"
            ],
            "贡献": "主要承担工作：项目组织与管理。 ",
            "简介": "（1963—），男，广东人，正高级工程师，研究方向为土壤生态学。"
        },
        {
            "姓名": "孟泽",
            "机构": [
                "中国科学院华南植物园，广州 510650",
                "South China Botanical Garden, Chinese Academy of Sciences, Guangzhou 510650, P.R. China"
            ],
            "贡献": "主要承担工作：数据采集与质量控制。",
            "简介": "（1970—），男，湖南人，技术员。"
        }
    ],
    "基金": "中国生态系统研究网络（CERN）鼎湖山森林生态系统定位研究站国家科技基础条件平台，国家科技部（CRERN）广东鼎湖山森林生态系统国家野外科学观测研究站运行服务项目。",
    "数据集名称": "2002–2016年鼎湖山典型森林生态系统土壤含水量数据集",
    "数据作者": "张倩媚（zqm@scib.ac.cn），刘效东（liuxd@scib.ac.cn）",
    "时间范围": "2002年1月至2016年6月",
    "空间范围": "北纬23°09′21\"–23°11′30\"，东经112°30′39\"–112°33′41\"，鼎湖山国家级自然保护区，中国",
    "数据格式": "*.xlsx",
    "数据量": "1.07 MB，8005条记录",
    "数据组成": "数据集由1个数据文件组成，数据量8005条，包含用中子仪法测定的马尾松针叶林、马尾松针阔叶混交林、季风常绿阔叶林的土壤体积含水量数据。",
    "数据采集和处理方法": "1.1数据采集样地描述鼎湖山站长期观测场地依据典型区域–观测场–观测样地的基本原则设立，数据集中涉及土壤含水量观测项目的样地包括辅助观测场马尾松林样地（塘鹅岭）、站区调查点针阔林I号样地（旱坑）、辅助观测场针阔林II号样地（飞天燕）和综合观测场季风林样地（三宝峰）。其中1978年建立于旱坑的针阔混交林I号样地因路途偏远，不方便观测；1999年在上山公路边重新建立代表鼎湖山演替中期阶段的针阔混交林II号样地。各样地相关信息介绍在表1–3中。下载表1样地林型参数序号样地名称辅助观测场马尾松林样地站区调查点针阔林I号样地辅助观测场针阔林II号样地综合观测场季风林样地1海拔/m50–150200–300100–200230–3502坡向SESESENE3坡度/(°)15–2530–4530–4525–354林龄/a50–6070–8070–80＞4005郁闭度/%70＞90＞90＞956土壤类型薄中赤红壤厚薄赤红壤厚薄赤红壤水化赤红壤下载表2样地土壤理化性质[5]林型土层深度/cm土壤质地名称土壤孔隙度/%土壤田间持水量/%土壤完全持水量/%土壤有机质/(g/kg)土壤容重/(g·cm-3)粒级2–0.05mm/%粒级0.05–0.002mm/%粒级<0.002mm/%马尾松林0–10壤土39.626.145.226.31.543.042.512.510–20壤土38.525.838.511.81.735.348.314.320–40壤土39.38.91.631.650.316.040–60粉(砂)壤土39.77.71.628.352.317.360–80粉(砂)壤土39.86.51.327.553.317.2混交林Ⅱ号0–10粉(砂)壤土42.325.353.745.21.212.565.819.710–20粉(砂)壤土39.226.549.621.11.312.067.718.320–40粉(砂)壤土47.713.21.210.068.719.340–60粉(砂)壤土44.510.31.410.567.220.3季风林0–10粉(砂)壤土56.334.659.549.30.918.861.317.810–20粉(砂)壤土53.832.850.221.41.315.663.019.320–40粉(砂)壤土49.614.51.321.558.318.240–60粉(砂)壤土44.79.91.622.557.518.060–80粉(砂)壤土40.28.31.329.153.315.5[5]下载表3土壤含水量观测样方简介序号样地林型水分观测设施布置图及其编码说明1马尾松林样地总面积约8000m2，单位样方为10×10m，5m为缓冲带；中子管分布于松林样地内，从下到上依此是1、2、3号管，编号如下：DHFFZ01CTS_01_01、02、032针阔混交林（I号）样地面积为1200m2，II级样方10×10m，中子管分布在样方外的左下方，从下坡到上坡编号如下：DHFZQ01CTS_01_01、02、033针阔混交林（II号）样地面积10000m2，II级样方20×20m，由于地形原因，将样地西北角的II级样方移至样地东北角边。中子管分布于针阔混交林II号样地内，从下到上依此是1、2、3号管，编号如下：DHFFZ02CTS_01_01、02、034季风林样地面积为2500m2，II级样方10×10m，7根中子管分别在山坡的上中下部分布，在样地内及边缘，编号如下：DHFZH01CTS_01_01、02、03、04、05、06、071.2观测仪器设施采用CERN网络统一购置并配备的中子仪和中子管仪器设施（CNC503B，北京超能科技公司），人工定期测定各林型各土层土壤体积含水量（%）。1.3数据来源鼎湖山站多年来致力于智慧台站的打造，积极推进野外监测数据的自动监测、采集和传输，大大提高了站内监测数字化运行的覆盖范围，加快数据采集的速度[6]。本数据集为从1999年开始，进行上述3种不同林型土壤含水量的野外观测。但前期数据（1999–2001年）由于采样层次不一致，采样时间不完善，缺失数据较多，因此本数据集从2002年2月开始，到2016年6月为止。采用中子仪法定期人工测量森林土壤含水量，记录中子仪读数并换算成土壤体积含水量（%）。每月一次测量辅助观测场马尾松林土壤水分、站区调查点针阔林I号样地土壤水分和辅助观测场针阔林Ⅱ号土壤水分；每5天一次测量综合观测场季风常绿阔叶林土壤水分；其中每15cm土壤厚度为一层进行测量，分别测定15cm、30cm、45cm、60cm、75cm和90cm这6个土壤厚度的土壤含水量，由于实际观测中深土层土壤条件（如石块）所限，部分测点90cm数据缺失。1.4数据加工、处理方法与过程用中子仪测定土壤含水量是利用中子源放进土壤中时，在源周围的土壤中所形成慢中子数量和土壤含水量大小有密切的关系这一特点来实施观测的[2]。具体的方法是把一个快速中子源和慢中子探测器置于套管中，埋入土内。其中的中子源以很高的速度放射出中子，当这些快中子与水中的氢原子碰撞时，就会改变运动的方向，并失去一部分能量而变成慢中子。土壤水越多，氢愈多，产生的慢中子也就越多，慢中子被探测器量出，经过校正可求出土壤水的含量[7]。与烘干法相比，中子仪是一种间接的土壤水分观测方法。中子仪观测的是土壤体积含水量，便于直接将含水量换算为毫米度量的单位。中子仪观测的一般程序主要包括读取标准读数、中子仪读数、数据输出3个步骤。VWC=m(R/Rw)＋c（1）式中，VWC为土壤体积含水量（%）；R是土壤中的中子计数率；Rw是水体中的中子计数率；m和c均为常数，取值分别为12.272和-1.2683。",
    "数据描述": "鼎湖山典型森林生态系统土壤含水量数据集主要包含的指标见表4。下载表4土壤体积含水量指标生态站代码年月日样地代码样地名称测管代码15cm含水量/%30cm含水量/%45cm含水量/%60cm含水量/%75cm含水量/%90cm含水量/%备注字符型数值型数值型数值型字符型字符型字符型数值型数值型数值型数值型数值型数值型字符型",
    "数据质量": "3.1质量管理体系CERN长期生态监测是一项野外台站之间的联网共同监测计划[4]，野外台站对各项生态指标进行长期观测，数据的管理和质量控制则由专业分中心和综合中心负责。为了保证数据质量进而实现有效共享，CERN形成了严谨的质量管理体系，通过计划、执行和评估三个步骤，采取前端控制和后端质控的管理模式，对数据进行审核、检验和评估。具体的质量管理流程和组织职责如图1所示。图1CERN三级质量管理组织的质量管理流程与职责[4]3.2数据产生过程质量保证和质量控制数据产生过程涉及观测场地管理、场地维护、采样、现场观测、室内分析、自动检测以及数据录入过程，为了实现数据质量管理的目标和任务，CERN制定严格的控制措施，如长期观测场地要根据生态类型和长期观测目的保证其典型性；制定专门的场地维护管理制度和维护程序；采样过程中，制定周密的采样计划，明确采样程序并进行样品的监管等等。数据产生过程中，质量管理责任人显得非常重要，他们把控着数据产生过程的各个环节。因此鼎湖山站历来重视科研人员的培养及其业务素质的提高，自1999年进入国家试点站以来，鼎湖山站先后派遣年轻科研人员到国外相关大学或研究机构学习和进修，同时鼓励科研人员积极参加国内外的重要学术活动；派遣技术支撑人员积极参加CERN及CNERN（国家生态系统观测研究网络）各分中心的业务培训，重点掌握与常规监测相关的设备操作与维护、野外监测技术与方法等，确保野外台站各项监测任务的顺利进行。3.3数据检验与评估CERN主要从数据的完整性、准确性、一致性等方面检验原始观测数据是否满足监测规范，通过数据评估判断数据质量控制组织结构、管理措施等各个环节是否合理以及数据是否适合共享和使用。鼎湖山站分析数据误差及处理办法主要是将多年数据进行比对，删除异常值或标注说明。数据集中缺少的数据以空格表示，数据缺少的原因是土层较薄导致中子管入土深度不够或仪器维修。将烘干法和中子仪法测出的土壤含水量数据进行对比，发现数据差异大、存在不合理时，及时发现并纠正测量方法中存在的问题，如重新标定中子仪曲线等，确保数据的有效性。",
    "数据价值": "土壤含水量体现系统的水分状况，反映森林生态系统的土壤理化性状、植被、林内小气候等一系列森林生态因子。一个地区土壤含水量数据是森林生态水文学研究者快速了解该区域森林生态系统的水文特征的重要参考资料。为了响应数据共享的理念，促进科学发展，本研究公开发表了2002–2016年鼎湖山森林生态系统土壤含水量的数据，建立了便捷查询的数据集。不仅为研究鼎湖山土壤水分含量特征及变化规律的科研人员提供基础数据，而且为相关的森林生态系统土壤水专著的撰写提供素材[8]。本数据集可应用于气候、生态、农业生产、水资源管理等相关领域，也可以考虑在不同的典型区域、典型陆地生态系统之间开展多台站数据联网分析，结合数据中心长期定位观测到的生物、土壤等相关数据[9]，全方位分析不同生态因子的长时间变化规律以及相互之间的耦合机制，为研究不同典型区域的森林生态系统结构与功能的演替变化提供重要资料。使用本数据集时需要注意由于台站仪器故障、土壤采样的深度不够等原因导致的数据缺失问题。",
    "数据使用和建议": "本数据集可通过鼎湖山站数据资源服务网站（http://dhf.cern.ac.cn/meta/detail/FC012002）查看元数据信息，登录后可直接下载数据。或通过ScienceDataBank在线服务网址（http://www.sciencedb.cn/dataSet/handle/667）获取数据服务。",
    "引用格式": "刘佩伶, 张倩媚, 刘效东, 等. 2002–2016年鼎湖山典型森林生态系统土壤含水量数据集[DB/OL]. Science Data Bank, 2018. (2018-10-26). DOI: 10.11922/sciencedb.667."
}