{
    "类目名称": "地球大数据科学工程",
    "名称": "2007–2019年中国海外铁路项目信息数据集",
    "资源信息链接地址": "http://www.sciencedb.cn/dataSet/handle/887",
    "摘要": "摘要：随着我国铁路建设技术的成熟和国外市场的开拓，中国在海外承建的重大铁路互联互通工程快速增长，特别是“一带一路”倡议提出以来，我国企业在“一带一路”沿线区域建设的铁路项目增加明显，但目前还没有集中的铁路项目信息记录。本数据集通过网络爬虫技术、中国拟在建项目网、商务部项目数据库及相关国家大使馆经济商务参赞处网站、“一带一路”相关公众号、海外铁路项目建设企业官网等，编制了2007–2019年中国企业海外铁路建设项目数据集。本数据集搜集了2007年以来中国企业在海外建设的铁路项目，地理范围包括“一带一路”沿线国家及世界其他国家和地区。本数据集共收录了86个铁路项目，项目信息包括各个铁路项目的名称、所在国家和大洲（地区）、铁路类型、建设企业、铁路线路长度、设计时速、预计签约/开工时间、预计完成时间（工期）、项目金额以及合作方式（投资、承建、收购）等信息。本数据集有利于国家相关部门更直观地掌握海外铁路项目信息，为推动与相关国家开展互联互通铁路领域合作提供决策支持。",
    "关键词": "海外铁路项目；一带一路；互联互通；铁路类型；数据集",
    "参考引用": [
        {
            "名称": "房秋晨. 基础设施互联互通是“一带一路”建设的优先领域[J]. 建筑, 2017 (11): 12-13.",
            "资源信息链接地址": "http://xueshu.baidu.com/s?wd= 基础设施互联互通是“一带一路”建设的优先领域"
        },
        {
            "名称": "科技部国家遥感中心. 全球生态环境遥感监测2018年度报告[M]. 北京: 测绘出版社, 2019: 1-106.",
            "资源信息链接地址": "http://xueshu.baidu.com/s?wd= 全球生态环境遥感监测2018年度报告"
        },
        {
            "名称": "周潇君, 严登才. “一带一路”视角下国际工程项目征地实施风险——以巴基斯坦卡洛特水电站征地工作为例[J]. 湘潭大学学报(哲学社会科学版), 2016(07): 53-59.",
            "资源信息链接地址": "http://xueshu.baidu.com/s?wd= “一带一路”视角下国际工程项目征地实施风险——以巴基斯坦卡洛特水电站征地工作为例"
        },
        {
            "名称": "杜斌, 沈明轩, 郭仔翔, 等. “一带一路”背景下FIDIC合同文件在国际工程项目管理中的应用探讨[J]. 科技创新导报, 2018, 15(22): 140-142.",
            "资源信息链接地址": "http://xueshu.baidu.com/s?wd= “一带一路”背景下FIDIC合同文件在国际工程项目管理中的应用探讨"
        },
        {
            "名称": "BEGIMAI A. “一带一路”背景下中吉乌铁路建设项目面临的问题[J]. 中国商论, 2019 (09): 69-71.",
            "资源信息链接地址": "http://xueshu.baidu.com/s?wd= “一带一路”背景下中吉乌铁路建设项目面临的问题"
        },
        {
            "名称": "刘辰瑶, 王昌尧. 中国在海外修建的安哥拉最长铁路通车[J]. 城市轨道交通研究, 2015, 18(03): 109.",
            "资源信息链接地址": "http://xueshu.baidu.com/s?wd= 中国在海外修建的安哥拉最长铁路通车"
        },
        {
            "名称": "李淑华. 中国交建承建的“一带一路”旗舰项目——马来西亚东海岸铁路项目开工[J].施工企业管理, 2017 (09): 120.",
            "资源信息链接地址": "http://xueshu.baidu.com/s?wd= 中国交建承建的“一带一路”旗舰项目——马来西亚东海岸铁路项目开工"
        },
        {
            "名称": "杨舟, 罗俊铭. 中泰铁路一期工程12月21日开工[J]. 城市轨道交通研究, 2018, 21(01): 142.",
            "资源信息链接地址": "http://xueshu.baidu.com/s?wd= 中泰铁路一期工程12月21日开工"
        },
        {
            "名称": "“一带一路”重大工程项目亮相涉及铁路、能源等数百项[J]. 起重运输机械, 2015 (04): 107.",
            "资源信息链接地址": "http://xueshu.baidu.com/s?wd=[J]."
        },
        {
            "名称": "世界银行. 世界银行公开数据[EB/OL]. [2019-07-26]. https://data.worldbank.org.cn/.",
            "资源信息链接地址": "http://xueshu.baidu.com/s?wd= 世界银行公开数据[EB/OL]. "
        }
    ],
    "作者": [
        {
            "姓名": "肖建华",
            "机构": [
                "东华理工大学测绘工程学院，南昌 330013",
                "Faculty of Geomatics, East China University of Technology, Nanchang 330013, P. R. China"
            ],
            "贡献": "主要承担工作：数据搜集处理、论文撰写。",
            "简介": "（1994—），男，江西赣州人，硕士研究生，研究方向为工程环境遥感监测。"
        },
        {
            "姓名": "邬明权",
            "机构": [
                "中国科学院空天信息创新研究院遥感科学国家重点实验室，北京 100101",
                "State Key Laboratory of Remote Sensing Science, Aerospace Information Research Institute, Chinese Academy of Sciences, Beijing 100101, P.R. China"
            ],
            "贡献": "主要承担工作：总体技术路线设计与指导。",
            "简介": "（1983—），男，湖南株洲人，副研究员，硕导，研究方向为重大工程遥感与农业遥感。"
        },
        {
            "姓名": "尹富杰",
            "机构": [
                "东华理工大学测绘工程学院，南昌 330013",
                "Faculty of Geomatics, East China University of Technology, Nanchang 330013, P. R. China"
            ],
            "贡献": "主要承担工作：数据搜集与质量控制。",
            "简介": "（1994—），男，福建宁德人，硕士研究生，研究方向为工程环境遥感监测。"
        },
        {
            "姓名": "牛铮",
            "机构": [
                "中国科学院空天信息创新研究院遥感科学国家重点实验室，北京 100101",
                "State Key Laboratory of Remote Sensing Science, Aerospace Information Research Institute, Chinese Academy of Sciences, Beijing 100101, P.R. China"
            ],
            "贡献": "主要承担工作：技术支持与指导。",
            "简介": "（1965—），男，北京市人，研究员，博导，研究方向为全球变化遥感研究。"
        }
    ],
    "基金": "中国科学院A类战略性先导科技专项（XDA19030304）；中国科学院青年创新促进会（2017089）。",
    "数据集名称": "2007–2019年中国海外铁路项目信息数据集",
    "数据作者": "邬明权（wumq@aircas.ac.cn）",
    "时间范围": "2007–2019年",
    "空间范围": "地理范围包括56°10′92″N–35°31′89″S，73°99′37″W–149°11′11″E，覆盖亚洲、欧洲、非洲、大洋洲、北美洲与南美洲，涉及到的国家包括：孟加拉国、坦桑尼亚、埃塞俄比亚、吉布提、尼日利亚、肯尼亚、安哥拉、越南、柬埔寨、塞内加尔、苏丹、南苏丹、伊朗、印度尼西亚、白俄罗斯、埃及、塔吉克斯坦、阿尔及利亚、沙特阿拉伯、塞拉利昂、乍得、赞比亚、玻利维亚、马来西亚、菲律宾、巴西、阿根廷、尼泊尔、缅甸、塞尔维亚、泰国、格鲁吉亚、美国、印度、巴基斯坦、黑山、以色列、哈萨克斯坦、澳大利亚、俄罗斯、乌克兰、土耳其、摩洛哥、老挝、几内亚 、阿联酋、乌兹别克斯坦。",
    "数据量": "21 KB；86条",
    "数据格式": "*.xlsx",
    "数据组成": "数据集包括1个Excel数据文件，主要内容包括：各个铁路项目的名称、所在国家和大洲（地区）、国家类型、铁路类型、建设企业、铁路线路长度、设计时速、预计签约/开工时间、预计完成时间（工期）、项目金额以及合作方式（投资、承建、收购）等14项信息。",
    "数据采集和处理方法": "1.1数据采集方法本数据集收集的中国海外铁路项目信息包括项目名称、铁路项目所在国家和大洲（地区）、国家类别、铁路类型、建设企业、铁路线路长度（km）、设计时速（km/h）、预计签约/开工时间、预计完成时间（工期）、项目金额以及合作方式（投资、承建、收购）等。首先通过网络爬虫技术获取中国企业在海外承建、投资和收购的铁路项目相关信息。由于网络爬虫技术爬取的项目信息存在部分精确度不高和信息不全面的缺点，所以把获取的铁路项目信息逐一在中国一带一路网、中国外交部网站、中国拟在建项目网、中国国际贸易促进委员会网站、商务部公共项目服务网——中国投资指南网、以及相关国家大使馆经济商务参赞处网站、“一带一路”高参公众号、海外铁路项目建设企业官网及相关媒体新闻报道（新华丝路网、央视网、人民网等）等进行查询核验，对错误及缺失的信息进行修正和完善，尽可能保证铁路项目信息的准确度和全面性。1.2数据处理流程首先需确定本数据集中铁路项目所需要的各类信息，通过网络爬虫技术获取中国企业在海外承建、投资和收购的铁路项目相关报道信息，从中归纳总结出一般性铁路项目所包含的信息，以此确定项目名录准备搜集汇总的各类信息。项目名录信息包含如项目所在国家和大洲（地区）、国家类别、铁路类型、建设企业、铁路线路长度、设计时速、预计签约/开工时间、预计完成时间（工期）、项目金额等。其中项目所在国家类别依据世界银行和联合国贸易和发展会议（UNCTAD）公布的世界国家经济发展数据划分为发达国家、发展中国家、最不发达国家和新兴经济体4个类别，铁路类型按铁路时速和城市轨道交通类型划分为普/快速铁路、高速铁路、轻轨、地铁4大类型；确定项目名录所需的各项内容后，根据爬虫获取的已有项目信息，按项目名录内容填充在Excel表格中，然后在“一带一路”项目官方网站、海外铁路项目建设企业官网、主流媒体资讯报道等权威平台上逐一对爬虫获取的已有项目信息进行查询核验和补充缺失信息，对爬虫获取的项目信息错误地方进行订正，尽可能补充完善项目缺失信息，同时也保证数据名录信息的准确性，项目数据集搜集过程如图1所示。图1项目数据集搜集过程示例图1.3数据分类方法依据世界银行[10]、联合国贸易和发展会议（UNCTAD）公布的世界国家经济发展数据将项目所在国家按经济发展程度高低分为发展中国家、最不发达国家、发达国家和新兴经济体国家。按铁路时速和城市轨道交通类型把铁路项目类型分为以下四类：（1）普/快速铁路普/快速铁路一般是指按照中国铁路标准建设的设计速度在250km/h以下的客/货运铁路，这类铁路多在长途领域客货共线以满足多种需要。例如，亚吉铁路项目、阿卡铁路项目、阿根廷贝尔格拉诺货运铁路改造项目、圣马丁货运铁路改造一期项目、几内亚达比隆港至圣图矿区专用铁路等。（2）高速铁路高速铁路列车行驶速度多在250km/h以上，部分时速200km/h的线路也属于高速铁路。为保证列车在轨道上安全高速行驶，其基础设施设计标准比一般普/快速铁路高，这类铁路主要是客运列车专线铁路。例如，印度尼西亚雅加达–万隆高铁项目、孟加拉国达卡至吉大港高速铁路项目、沙特阿拉伯麦麦高速铁路项目、土耳其安伊高铁等。（3）轻轨轻轨主要服务于城市轨道交通，是城市轨道建设的一种重要形式。城市轻轨以其运量大、速度快、污染小、安全性高等优点，近年来在轨道交通建设中得到迅猛发展，有效改善了城市交通拥挤的状况。例如，亚的斯亚贝巴城市轻轨线路项目、越南河内吉灵至河东城市轻轨2A号线、巴基斯坦拉合尔橙线轨道项目、以色列特拉维夫轻轨红线项目等。（4）地铁地铁主要是以地下运行为主的城市轨道交通，部分还有在路上铺设的高架铁路，其具有专有、无平交、车厢数多、载客量大等特点，是现在大中城市的主要交通工具。例如，马来西亚吉隆坡捷运地铁、莫斯科地铁项目、乌克兰基辅市地铁4号线项目。",
    "数据描述": "本数据集共收集汇总海外铁路项目86个，分布在世界6大洲47个国家。按国家经济发展程度进行分类，发达国家共有5个，发展中国家有15个，新兴经济体国家有9个，最不发达国家有18个；按铁路时速和城市轨道交通类型进行分类，普速铁路项目达60个，高速铁路10个，轻轨项目13个，地铁项目3个；最后将搜集的铁路项目信息在Excel表格中进行汇总。Excel文件包含14列，每一列的属性包括序号、大洲、国家、国家类型、地区、铁路类型、铁路项目名称、建设企业、线路长度（km）、设计时速（km/h）、预计签约/开工时间、预计完成时间、项目金额、合作方式（投资、承建、收购），部分信息示例如图2。图2中国海外铁路项目名录部分信息",
    "数据质量": "为确保本数据集的准确性和可靠性，涉及的铁路项目信息通过与“一带一路”项目资讯相关官方平台（如中国“一带一路”网、中国外交部网站、中国国际贸易促进委员会网站、商务部公共项目服务网及相关国家大使馆经济商务参赞处网站等）进行多平台检查验证，其中国家类型是依据世界银行和联合国贸易和发展会议（UNCTAD）公布的世界国家经济发展数据进行分类，所以本数据集质量整体可靠、真实。",
    "数据价值": "基础设施互联互通作为“一带一路”建设的优先领域，是各项合作扎实推进的重要基础和支撑。本数据集采用网络爬虫技术结合“一带一路”项目相关官方平台，对2007–2019年中国企业在海外承建、投资和收购的铁路项目信息进行了搜集和汇总，编制形成中国目前较为全面、详细、系统的海外铁路项目信息名录。涉及的铁路类型包括普速铁路、高速铁路、轻轨、地铁等86个铁路项目，共分布于6大洲的47个国家。本数据集有利于国家相关部门更直观地掌握海外铁路项目信息，为推动与相关国家开展互联互通铁路领域合作提供决策支持，同时也可为“一带一路”项目相关研究报告提供数据支撑。国家相关部门可通过项目信息（如铁路项目类型、建设工期状况、建设企业等）进一步分析我国企业在相关国家铁路项目建设状况、存在的问题、铁路项目需求特点等，为相关企业总结“走出去”建设经验；同时通过分析我国企业在相关国家已建及未来规划建设铁路项目，可了解其铁路交通设施建设需求状况，为后续我国企业开拓相关国家铁路项目市场提供导向。",
    "数据使用和建议": "该数据集包含1个Excel文件。数据集文件名为“中国海外铁路项目信息汇总”，数据集所搜集的时间在2007–2019年，共统计86个海外铁路项目。Excel文件包含14列，每一列的属性包括铁路名称、项目名称、所在国家和大洲（地区）、国家类别、铁路类型、建设企业、铁路线路长度（km）、设计时速（km/h）、预计签约/开工时间、预计完成时间（工期）、项目金额以及合作方式（投资、承建、收购）等。虽然通过多种项目资讯渠道获取，仍然不可避免存在部分数据缺失问题。用户可以筛选出自己需要的铁路项目信息数据，用于项目建设进度监测和生态环境变化研究。需要注意的是，本数据集中部分铁路项目信息存在空缺现象，其主要是由于在现有多种信息获取渠道中（“一带一路”项目官方网站及主流媒体资讯报道、中国拟在建项目网、海外铁路项目建设企业官网等多种信息获取渠道）未查询到此项信息。针对此现象，数据集使用者如需要此项铁路项目信息，建议利用更加丰富、权威的信息渠道获取该空缺信息。同时，数据集使用者还可根据研究需要对数据集中铁路项目信息进行再次验证，使精度满足研究需要。另外，由于本数据集由网络爬虫结合人工网络信息搜集获取，所以获取的铁路项目并不全面，有待后续其他学者进行补充更新。如需空间位置信息，请向通信作者提供包含用途和用户信息的申请，经我单位审核后提供。",
    "引用格式": "肖建华, 邬明权, 尹富杰, 牛铮. 2007–2019年中国海外铁路项目信息数据集[DB/OL].Science Data Bank, 2019. (2019-09-09). DOI: 10.11922/sciencedb.887."
}