{
    "类目名称": "地球大数据科学工程",
    "名称": "2018年海南岛不透水层分布图",
    "资源信息链接地址": "http://www.sciencedb.cn/dataSet/handle/835",
    "摘要": "摘要：随着经济水平的迅速提高和人口的大幅度增长，城市生态环境变化明显，扩展速度加快。不透水层作为城市生态环境研究中的一项重要指标，对生态环境变化以及城市发展等具有重要意义。本数据集在研究遥感影像地物光谱特征的基础上，分析不透水层提取方法。将改进的归一化差值不透水面指数方法和垂直不透水层指数方法相结合，基于Matlab提取不透水层，得到海南岛不透水层分布图。本数据反映了2018年海南岛的不透水层分布状况，也为海南岛的城市发展规划决策提供了研究基础。",
    "关键词": "不透水层；不透水面指数；海南岛",
    "参考引用": [
        {
            "名称": "李德仁, 罗晖, 邵振峰. 遥感技术在不透水层提取中的应用与展望[J]. 武汉大学学报(信息科学版), 2016, 41(05): 569-577, 703.",
            "资源信息链接地址": "http://xueshu.baidu.com/s?wd= 遥感技术在不透水层提取中的应用与展望"
        },
        {
            "名称": "JR ARNOLD C L, GIBBONS C J. Impervious Surface Coverage: The Emergence of a Key Environmental Indicator[J]. Journal of the American Planning association, 1996, 62(2): 243-258.",
            "资源信息链接地址": "http://xueshu.baidu.com/s?wd= Impervious Surface Coverage: The Emergence of a Key Environmental Indicator"
        },
        {
            "名称": "DENG C, WU C. BCI: A Biophysical Composition Index for Remote Sensing of Urban Environments[J]. Remote Sensing of Environment, 2012, 127: 247-259.",
            "资源信息链接地址": "http://xueshu.baidu.com/s?wd= BCI: A Biophysical Composition Index for Remote Sensing of Urban Environments"
        },
        {
            "名称": "崔秋洋, 潘云, 杨雪. 基于Landsat 8遥感影像的北京市平原区不透水层盖度估算[J]. 首都师范大学学报(自然科学版), 2015, 36(02): 89-92.",
            "资源信息链接地址": "http://xueshu.baidu.com/s?wd= 基于Landsat 8遥感影像的北京市平原区不透水层盖度估算"
        },
        {
            "名称": "WENG Q. Remote Sensing of Impervious Surfaces in the Urban Areas: Requirements, Methods, and Trends[J]. Remote Sensing of Environment, 2012, 117: 34-49.",
            "资源信息链接地址": "http://xueshu.baidu.com/s?wd= Remote Sensing of Impervious Surfaces in the Urban Areas: Requirements, Methods, and Trends"
        },
        {
            "名称": "金晶, 王斌, 张立明. 基于线性光谱混合分析的城市不透水层分布估算[J]. 复旦学报(自然科学版), 2010, 49(02): 197-208, 273-274.",
            "资源信息链接地址": "http://xueshu.baidu.com/s?wd= 基于线性光谱混合分析的城市不透水层分布估算"
        },
        {
            "名称": "王宪凯, 孟庆岩, 刘莹, 等. 2004–2015年三亚市不透水面分布数据集[DB/OL]. Science Data Bank, 2018. (2019-01-02). DOI: 10.11922/sciencedb.721.",
            "资源信息链接地址": "http://xueshu.baidu.com/s?wd= 2004–2015年三亚市不透水面分布数据集"
        },
        {
            "名称": "徐涵秋. 利用改进的归一化差异水体指数(MNDWI)提取水体信息的研究[J]. 遥感学报, 2005 (05): 589-595.",
            "资源信息链接地址": "http://xueshu.baidu.com/s?wd= 利用改进的归一化差异水体指数(MNDWI)提取水体信息的研究"
        },
        {
            "名称": "杜云艳, 周成虎. 水体的遥感信息自动提取方法[J]. 遥感学报, 1998 (04): 264-269.",
            "资源信息链接地址": "http://xueshu.baidu.com/s?wd= 水体的遥感信息自动提取方法"
        },
        {
            "名称": "徐涵秋. 一种快速提取不透水面的新型遥感指数[J]. 武汉大学学报(信息科学版), 2008(11): 1150-1153, 1211.",
            "资源信息链接地址": "http://xueshu.baidu.com/s?wd= 一种快速提取不透水面的新型遥感指数"
        },
        {
            "名称": "田玉刚, 徐韵, 杨晓楠. 一种提取城市多种不透水层的垂直不透水层指数[J]. 测绘学报, 2017, 46(04): 468-477.",
            "资源信息链接地址": "http://xueshu.baidu.com/s?wd= 一种提取城市多种不透水层的垂直不透水层指数"
        }
    ],
    "作者": [
        {
            "姓名": "李青雯",
            "机构": [
                "中国科学院空天信息创新研究院，北京 100094",
                "Aerospace Information Research Institute, Chinese Academy of Sciences, Beijing 100101, P. R. China"
            ],
            "贡献": "主要承担工作：负责Landsat TM影像不透水层自动化提取算法研究等。",
            "简介": "（1998—），女，河南省人，硕士研究生，研究方向为遥感图像处理。"
        },
        {
            "姓名": "闫冬梅",
            "机构": [
                "中国科学院空天信息创新研究院，北京 100094",
                "Aerospace Information Research Institute, Chinese Academy of Sciences, Beijing 100101, P. R. China"
            ],
            "贡献": "主要承担工作：本数据集的生产和质量控制的整体技术流程设计。",
            "简介": "（1973—），女，山西省人，博士，研究员，研究方向为遥感图像处理与应用、空间大数据挖掘与分析。"
        },
        {
            "姓名": "令健梅",
            "机构": [
                "北京林业大学，北京 100083",
                "Beijing Forestry University, Beijing 100083, P. R. China"
            ],
            "贡献": "主要承担工作：负责2018年研究区Landsat-8影像数据预处理、及实地验证与考察、精度分析等。",
            "简介": "（1992—），女，甘肃省人，硕士研究生，研究方向为林业信息工程。"
        },
        {
            "姓名": "黄青青",
            "机构": [
                "中国科学院空天信息创新研究院，北京 100094",
                "Aerospace Information Research Institute, Chinese Academy of Sciences, Beijing 100101, P. R. China"
            ],
            "贡献": "主要承担工作：负责2018年研究区Landsat-8影像数据采集、整理及实地验证与考察。",
            "简介": "（1982—），女，湖南省人，博士，助理研究员，研究方向为遥感图像处理与应用。"
        }
    ],
    "基金": "海南省重点研发计划（ZDYF2018001）",
    "数据集名称": "2018年海南岛不透水层分布图",
    "数据作者": "李青雯（lqwncut@163.com）",
    "时间范围": "2018年",
    "空间范围": "海南岛（19°20′N–20°10′N，108°21′E–111°03′E）",
    "空间分辨率": "30 m",
    "数据量": "767 KB",
    "数据格式": "*.rar",
    "数据组成": "数据集共包括1个数据文件，即MP_hainan.rar，是海南岛2018年不透水层分布图，数据量767 KB。",
    "数据采集和处理方法": "1.1区域范围海南省位于中国大陆最南端，与广东省接壤，北部为琼州海峡，西部为北部湾，东部为南海和台湾省，东南和南部与菲律宾、文莱和马来西亚相邻。海南省的管辖范围包括海南岛和西沙群岛，南沙群岛，中沙群岛及其海域的岛屿和礁石。海南省跨越18°10'–20°10'N，108°37'–111°03'E，全省土地面积3.5万平方公里，海域面积约200万平方公里。其中，海南岛面积3.39万平方公里是仅次于台湾岛的中国第二大岛屿。海南岛是典型的热带季风气候区，雨量充沛。年降水量在1000–2600mm之间，年平均降水量为1639mm。有明显的多雨季和少雨季。地势中间高四周低，为穹形山体，具有明显的梯级结构，其中位于中南部的五指山为海南岛的最高峰。1.2基础数据准备本文主要研究不透水层的提取方法，并完成不透水层分布图。美国航空航天局于2013年2月11日发射的Landsat8陆地资源卫星上有两个传感器，分别是OLI陆地成像仪（OperationalLandImager）和TIRS热红外传感器（ThermalInfraredSensor）。Landsat8波段设置如表1所示。Landsat8数据中的卷云波段为本文的云掩膜提供了良好的数据支持，同时，TIRS热红外传感器提供了更精细的热红外波段信息，能够满足本文的波段需求和分辨率需求。因此，最终选择Landsat8陆地资源卫星作为遥感数据源。下载表1Landsat8波段设置传感器波段波长范围/μm信噪比空间分辨率/mOLI1-COASTAL/AEROSOL0.43–0.45130302-Blue0.45–0.51130303-Green0.53–0.59100304-Red0.64–0.6790305-NIR0.85–0.8890306-SWIR11.57–1.65100307-SWIR22.11–2.29100308-PAN0.50–0.6880159-Cirrus1.36–1.385030TIRS10-TIRS110.60–11.190.4K10011-TIRS211.50–12.510.4K1001.3数据处理1.3.1数据预处理由于遥感影像数据在获取和传输的过程中，存在几何畸变和辐射失真等现象。本文对Landsat8数据进行了几何精校正、辐射定标和大气校正，使处理后的数据更加真实地反映地物光谱信息。1.3.2掩膜（1）水体掩膜图像掩膜是用选定的图像、图形或物体、对待处理的图像（全部或局部）进行遮挡来控制图像处理的区域或处理过程。因为提取的不透水层信息受到了水体的干扰，因此对经过指数法提取出的不透水层进行水体掩膜处理。水体由于对太阳光有很强的吸收能力，所以水体的反射率在可见光波长总体上具有较低的反射率，并且波长越长，反射率越小。水体在蓝光波段具有相对较强的反射率，这也是海水呈现出蓝色的主要原因，而水体在近红外波段和中红外波段反射率较低。本数据中水体掩膜中的水体提取，采用徐涵秋[8]在Mcfeeters构建的归一化差异水体指数（NDWI）基础上，提出的改进的归一化差异水体指数（MNDWI）。（2）云掩膜遥感影像中的云是无法避免的，而云层覆盖的区域，遥感卫星采集的反射值是由两部分组成的，其中一部分是太阳辐射经过云层发射的值，另一部分是太阳辐射经过地物反射后再次穿透云层的反射值，因此云层会影响地物在各波段的反射率，干扰不透水层的提取，需要对各景遥感影像的不透水层提取结果进行云掩膜。由于ENVI中已经有较为成熟的云自动检测工具，采用ENVI生成云掩膜文件。1.3.3改进的归一化差值不透水面指数法（1）归一化差值不透水面指数法（NDISI）在遥感影像中不同地物具有不同的反射光谱，可以通过光谱特征来识别地物。由不透水层构成的地物具有以下光谱特征：在热红外波段具有较高的反射率，在近红外波段具有较低的反射率。由于在热红外波段和近红外波段中，土壤、水体、裸地等地物的光谱特征与不透水层相似，需要加入更多波段信息来区分不透水层与土壤、水体、裸地等地物。通过分析发现，水体[9]在可见光波段中的绿光波段具有较高的反射率，利用徐涵秋提出的改进的归一化差异水体指数（MNDWI）来识别水体，进而区分不透水层与水体。MNDWI指数的表达式如式（1）所示。其中Green为绿光波段，MIR为中红外波段。同时，利用植被在近红外波段具有较高反射率的特性，通过扩大强辐射与弱辐射的差异进一步有效提取不透水层。具体来说，归一化差值不透水面指数就是将不透水层的强反射波段作为分子，弱反射波段作为分母，进行比值运算，来增大强反射波段与弱反射波段的差距，进而达到增强不透水层信息，抑制其他地物信息的效果。不透水层信息则可以用复合波段组成的NDISI指数[10]如式（2）表示。式（2）中，NIR、MIR和TIR分别为影像的近红外、中红外和热红外波段；MNDWI为改进的归一化差异水体指数。（2）改进的归一化差值不透水面指数法对于NDISI，式（2）中通过比值运算增强了热红外波段信息，减弱了水体、近红外和中红外波段的信息，有效地区分了不透水层与土壤、水体、裸地，但没有考虑植被对不透水层提取的影响。而海南岛处于热带地区，常年覆盖大量植被，使得植被成为海南岛不透水层提取中重要的考虑因素。在用NDISI提取海南岛不透水层时，发现存在植被误提取的现象。因此需要引入植被指数进行波段组合，更精确地提取不透水层。综合多种植被指数后，本文选取了归一化植被指数NDVI来描述植被信息。同时，由于前期进行了水体掩膜处理，而NDISI中的MNDWI波段是用来区分不透水层和水体的。因此，可以去除不必要的MNDWI波段，引入必要的NDVI波段，组成新的指数。改进后的归一化差值不透水面指数（M_NDISI）如式（3）所示。式中NDVI如式（4）所示。M_NDISI方法通过波段运算得到植被指数（NDVI）。然后将热红外波段和NDVI波段进行0–255级拉伸，通过波段运算得到M_NDISI。最后，选择合适阈值，提取出不透水层。1.3.4垂直不透水层指数方法（1）指数构建基于不透水层在蓝波段和近红外波段的光谱值差异较小，而土壤和植被在蓝波段和近红外波段的光谱值差异较大的特性，田玉刚提出了基于垂直不透水层指数[11]的不透水层提取方法。选择蓝波段和近红外波段构建PII指数如式（5）所示。、为蓝光和近红外波段的光谱值；、分别为蓝光和近红外波段系数；为常数。、、可通过参照线方程求出。设PII的参照线方程为，则像元在二维平面上的点到参照线的相对垂直距离用式（6）表示。式（6）中，、为参照线方程的斜率与截距；、分别为像元在蓝波段、近红外波段的光谱值。因此，当PII的系数取式（7）时，其等值线的斜率与参照线相同。参照线如图1所示，位于参照线上的点，参照线与轴之间的区域为的区域，参照线与ｙ轴之间的区域为的区域。图1样本点到参照线的距离示意图（2）参数估计在5景Landsat8遥感影像组成的海南岛研究区中，分别选择100个纯净的土壤样本和100个不透水层样本，并获取各样本蓝波段和近红外波段的光谱值，对两者进行最小二乘拟合。由于自然地物的复杂性，样本具有一定的离散度，所以需要通过样本的标准差来调整拟合的土壤线和不透水层线。最终，PII指数的参照线由平移后的土壤线和不透水层线的角平分线构成。土壤样本在垂直于土壤线方向具有标准差，设标准差为，同时假设不透水层样本在垂直于不透水层线方向的标准差为。然后分别按标准差平移后，通过运算得到两者的角平分线作为PII的参照线。假设原始土壤线方程为，不透水层线方程为，调整后的土壤线方程为，调整后的不透水层线方程为，令、，经过计算可得式（8）。将、代入式（7）即可得到PII系数。PII方法的流程为先在图像研究区内均匀选取少量纯净土壤样本和不透水层样本，获得各样本的蓝波段和近红外波段的光谱值，进而得到土壤拟合线和不透水层拟合线，再得到不透水层参照线，并通过数学方法构建不透水层指数。之后，利用波段运算得到Landsat影像上各像元点的计算结果值。最后，选择合适阈值，提取出不透水层。1.3.5不透水层制图分别对经过M_NDISI方法和PII方法提取的不透水层进行拼接，得到两种方法的海南岛不透水层数据图。由于海南岛有大面积的山体，会造成大面积的阴影，阴影地区的光谱无法很好地反映地物特征，造成通过M_NDISI方法提取的不透水层，出现山体阴影误提取的现象。由于裸土与不透水层的光谱特征相似，通过PII方法提取的不透水层，出现裸地误提取的现象。因此，采用两种方法结合，将两种不透水层提取结果进行逻辑推导与运算，得到最终的不透水层提取结果，可以有效减少透水层误提取的现象。",
    "数据描述": "对海南岛的5景Landsat8遥感影像进行上述处理，得到将M_NDISI方法和PII方法相结合，提取的海南岛2018年不透水层分布图。如图2所示，其中红色部分为不透水层。图2海南岛2018年不透水层分布图",
    "数据质量": "本数据的精度检验选用高分二号2017年更新的分辨率为1m的融合遥感影像作为参考数据，用目视解译的方法得到不透水层的真实值。在海南岛的Landsat8影像上随机选取1000个像元点，通过统计每个像元点的不透水层目视解译结果和提取结果，得到本文方法的提取精度（表2）。下载表2精度分析提取结果\\目视不透水层透水层合计用户精度（UA）不透水层4296349287.2%透水层5645250889.0%合计4855151000制图精度（PA）88.5%87.8%总体分类精度（OA）88.1%Kappa0.762通过验证，该方法的OA达到88.1%，Kappa系数达到0.762，具有良好的提取效果。该方法较M_NDISI方法和PII方法具有更高的精度，精度对比如表3所示。下载表3精度对比方法\\精度评价OAKappaM_NDISI方法86.3%0.726PII方法86.1%0.722通过对比，可以看出将M_NDISI方法和PII方法的不透水层提取结果进行逻辑推导与运算后得到的提取结果精度，相比M_NDISI方法和PII方法的提取精度有了很大提高。",
    "数据价值": "本数据集以海南岛为研究区，基于2018年的海南岛5景Landsat8遥感数据，得到海南岛的不透水层分布图。通过海南岛的不透水层分布，可以监测海南岛的生态环境变化以及城镇规划和结构，为相关的生态环境研究和社会科学研究提供不透水层分布数据源。本数据集对海南省政策制定、发展规划以及资源利用都有很大意义。",
    "引用格式": "李青雯, 闫冬梅, 令健梅, 黄青青. 海南岛2018年不透水层分布图[DB/OL]. Science Data Bank, 2019. (2019-12-27). DOI: 10.11922/sciencedb.835."
}