{
    "类目名称": "科学大数据工程",
    "名称": "长江中下游典型地区水稻纹枯病生境评价多源数据集",
    "资源信息链接地址": "http://www.sciencedb.cn/dataSet/handle/795",
    "摘要": "摘要：水稻是当今世界最重要的粮食作物之一，而水稻纹枯病是制约水稻高产、优质的重要因素，近年来，水稻病虫害发生频繁，给水稻产量带来严重损失。本数据以长江中下游典型地区为研究区域，基于Landsat-8 OLI、Sentinel-2光学遥感影像数据、MODIS地表温度产品、地面气象站气象数据和水稻纹枯病发病情况调查数据，整理分析形成了与水稻纹枯病生境相关的数据集，包括水稻种植范围及耕作类型数据、水稻生长状况数据、地表温度数据、气象数据等。为大范围水稻病害生境评价等研究提供完整有效的数据支持。",
    "关键词": "遥感；气象；生境；水稻纹枯病",
    "参考引用": [
        {
            "名称": "吴利红, 娄伟平, 姚益平, 等. 水稻农业气象指数保险产品设计——以浙江省为例[J]. 中国农业科学, 2010, 43(23): 4942-4950.",
            "资源信息链接地址": "http://xueshu.baidu.com/s?wd= 水稻农业气象指数保险产品设计——以浙江省为例"
        },
        {
            "名称": "王爱军, 郑爱萍. 水稻纹枯病发病特点及防治措施[J]. 中国稻米, 2018, 24(03): 124-126.",
            "资源信息链接地址": "http://xueshu.baidu.com/s?wd= 水稻纹枯病发病特点及防治措施"
        },
        {
            "名称": "郑树森, 孙昌伟, 孙秘珍. 水稻纹枯病防治技术[J]. 现代农村科技, 2016, (7): 29-29.",
            "资源信息链接地址": "http://xueshu.baidu.com/s?wd= 水稻纹枯病防治技术"
        },
        {
            "名称": "张夕林, 羌烨. 沿江稻区水稻纹枯病暴发流行特点及其防控技术研究[J]. 中国农药, 2016, 2016(6): 74-79.",
            "资源信息链接地址": "http://xueshu.baidu.com/s?wd= 沿江稻区水稻纹枯病暴发流行特点及其防控技术研究"
        },
        {
            "名称": "夏汉炎, 张夕林, 羌烨. 南通地区水稻纹枯病暴发流行特点及其防控技术研究[J]. 世界农药, 2016, 38(4): 57-61.",
            "资源信息链接地址": "http://xueshu.baidu.com/s?wd= 南通地区水稻纹枯病暴发流行特点及其防控技术研究"
        },
        {
            "名称": "KRISS A B, PAUL P A, XU X, et al. Quantification of the relationship between the environment and Fusarium head blight, Fusarium pathogen density, and mycotoxins in winter wheat in Europe[J]. European Journal of Plant Pathology, 2012, 133(4): 975-993.",
            "资源信息链接地址": "http://xueshu.baidu.com/s?wd= Quantification of the relationship between the environment and Fusarium head blight, Fusarium pathogen density, and mycotoxins in winter wheat in Europe"
        },
        {
            "名称": "LAUNAY M, CAUBEL J, BOURGEOIS G, et al. Climatic indicators for crop infection risk: Application to climate change impacts on five major foliar fungal diseases in Northern France[J]. Agriculture, Ecosystems & Environment, 2014, 197(197): 147-158.",
            "资源信息链接地址": "http://xueshu.baidu.com/s?wd= Climatic indicators for crop infection risk: Application to climate change impacts on five major foliar fungal diseases in Northern France"
        },
        {
            "名称": "顾鑫. 气象因子对马铃薯晚疫病病情指数的影响[J]. 中国马铃薯, 2015, 29(05): 298-300.",
            "资源信息链接地址": "http://xueshu.baidu.com/s?wd= 气象因子对马铃薯晚疫病病情指数的影响"
        },
        {
            "名称": "苏荣瑞, 刘凯文, 冯明, 等. 2014年江汉平原水稻稻曲病促病气象条件指数分析[J]. 中国植保导刊, 2015, 35(09): 44-49.",
            "资源信息链接地址": "http://xueshu.baidu.com/s?wd= 2014年江汉平原水稻稻曲病促病气象条件指数分析"
        },
        {
            "名称": "程玲娟, 王金强, 王孝春. 气象因子对水稻纹枯病的影响之探讨[J]. 中国植保导刊, 2012, 32(05): 35-37.",
            "资源信息链接地址": "http://xueshu.baidu.com/s?wd= 气象因子对水稻纹枯病的影响之探讨"
        },
        {
            "名称": "张旭东, 尹东, 万信, 等. 气象条件对甘肃冬小麦条锈病流行的影响研究[J]. 中国农业气象, 2004, 24(4): 26-28.",
            "资源信息链接地址": "http://xueshu.baidu.com/s?wd= 气象条件对甘肃冬小麦条锈病流行的影响研究"
        },
        {
            "名称": "杜晓宇, 欧晓阳. 南充市小麦条锈病流行成因及治理对策[J]. 植物保护, 2004, 30(4): 65-68.",
            "资源信息链接地址": "http://xueshu.baidu.com/s?wd= 南充市小麦条锈病流行成因及治理对策"
        },
        {
            "名称": "SILVA J R M D, DAMÁSIO C V, SOUSA A M O, et al. Agriculture pest and disease risk maps considering MSG satellite data and land surface temperature[J]. International Journal of Applied Earth Observation and Geoinformation, 2015, 38: 40-50.",
            "资源信息链接地址": "http://xueshu.baidu.com/s?wd= Agriculture pest and disease risk maps considering MSG satellite data and land surface temperature"
        },
        {
            "名称": "CAPPAERT M.R, POWELSON M.L. Canopy density and microclimate effects on the development of aerial stem rot of potatoes[J]. Phytopathology, 1990, 80(4): 350-356.",
            "资源信息链接地址": "http://xueshu.baidu.com/s?wd=R, POWELSON M.L. Canopy density and microclimate effects on the development of aerial stem rot of potatoes"
        },
        {
            "名称": "JONES, D G. The Epidemiology of Plant Diseases[M]. Netherlands: Springer, 2006.",
            "资源信息链接地址": "http://xueshu.baidu.com/s?wd= The Epidemiology of Plant Diseases"
        },
        {
            "名称": "BONMAN J M, GARRITY D P. Effects of nitrogen timing and split application on blast disease in upland rice[J]. Plant Disease, 1992, 76(4): 384-389.",
            "资源信息链接地址": "http://xueshu.baidu.com/s?wd= Effects of nitrogen timing and split application on blast disease in upland rice"
        },
        {
            "名称": "MAHAPATRA S, SAHA P, DAS S. Effect of different levels of nitrogen in field on Alternaria blight severity of mustard[J]. Journal of Mycopathological Research, 2014, 52(1): 35-40.",
            "资源信息链接地址": "http://xueshu.baidu.com/s?wd= Effect of different levels of nitrogen in field on Alternaria blight severity of mustard"
        },
        {
            "名称": "NEDKOV R. Orthogonal Transformation of Segmented Images from the Satellite Sentinel-2[J]. Comptes rendus de l'Académie bulgare des sciences: sciences mathématiques et naturelles, 2017, 70(5): 687-692.",
            "资源信息链接地址": "http://xueshu.baidu.com/s?wd= Orthogonal Transformation of Segmented Images from the Satellite Sentinel-2"
        }
    ],
    "作者": [
        {
            "姓名": "田洋洋",
            "机构": [
                "杭州电子科技大学自动化学院",
                "College of Automation, Hangzhou Dianzi University"
            ],
            "贡献": "主要承担工作：实验设计、开展，论文撰写。",
            "简介": "（1994—），女，甘肃省庆阳市人，在读研究生，研究方向为农业遥感与植物病虫害遥感监测预警。"
        },
        {
            "姓名": "张静文",
            "机构": [
                "杭州电子科技大学自动化学院",
                "College of Automation, Hangzhou Dianzi University"
            ],
            "贡献": "主要承担工作：实验设计、开展，数据整理。",
            "简介": "（1997—），女，浙江省台州市人，本科，研究方向为农业遥感及作物病害预测预警。"
        },
        {
            "姓名": "张雪雪",
            "机构": [
                "杭州电子科技大学自动化学院",
                "College of Automation, Hangzhou Dianzi University"
            ],
            "贡献": "主要承担工作：实验设计、开展，数据整理。",
            "简介": "（1993—），女，山东省菏泽市人，在读研究生，研究方向为农业遥感与病虫害预警。"
        },
        {
            "姓名": "彭代亮",
            "机构": [
                "中国科学院遥感与数字地球研究所数字地球重点实验室",
                "Digital Earth Key Laboratory, Institute of Remote Sensing and Digital Earth Chinese Academy of Sciences"
            ],
            "贡献": "主要承担工作：实验设计及开展，论文修改。",
            "简介": "（1980—），男，安徽省安庆市人，博士，副研究员，研究方向为植被生态遥感与全球变化。 "
        },
        {
            "姓名": "陈雷",
            "机构": [
                "中国科学院合肥智能机械研究所",
                "Institute of Intelligent Machines, Chinese Academy of Sciences"
            ],
            "贡献": "主要承担工作：数据需求及数据分析。",
            "简介": "（1981—），男，安徽省巢湖市人，博士，副研究员，研究方向为机器学习方法、新型计算模型。"
        },
        {
            "姓名": "张竞成",
            "机构": [
                "杭州电子科技大学自动化学院",
                "College of Automation, Hangzhou Dianzi University"
            ],
            "贡献": "主要承担工作：实验设计及组织，论文撰写、修改。",
            "简介": "（1984年），男，浙江省杭州市人，博士，副教授，研究方向为农业遥感，植物病虫害遥感监测预警方法。"
        }
    ],
    "基金": "十三五中国科学院信息化专项（XXH13505-03-104）；国家自然科学基金（41671415）；国家重点研发计划政府间国际科技创新合作重点项目（2017YFE0122400）。",
    "数据集名称": "长江中下游典型地区水稻纹枯病生境评价多源数据集",
    "数据作者": "张竞成（zhangjc_rs@163.com）",
    "时间范围": "本数据集包括以下种6种产品：（1）水稻纹枯病病害程度调查数据，2018年7月；（2）卫星地表反射率数据，2018年6月至2018年7月；（3）水稻面积监测数据，2018年7月；（4）影像穗帽变换特征数据，2018年7月；（5）MODIS地表温度产品数据，2018年7月至2018年8月；（6）气象站数据，2018年7月至2018年8月。",
    "空间范围": "研究区一：32°45’N – 32°52’N, 117°30’E – 117°36’E；研究区二：30°54’N – 30°58’N’E, 119°50’E– 119°54’E。",
    "空间分辨率": "（1）光学卫星遥感反射率数据：Sentinel-2:10 m；Landsat-8 OLI: 30 m；（2）水稻面积监测数据：10 m；（3）影像穗帽变换特征数据：10m；（4）MODIS地表温度产品数据：1000 m。",
    "数据量": "124.86 MB",
    "数据格式": "*.img, *.tif, *.shp, *.hdf, *.txt",
    "数据组成": "数据集包括6个数据文件：（1）水稻纹枯病病害程度调查数据数据；（2）卫星地表反射率数据；（3）水稻面积监测数据；（4）影像穗帽变换特征数据；（5）MODIS地表温度产品数据；（6）气象站数据。",
    "数据采集和处理方法": "1.1数据源本数据集所采用的数据包括以下三类：（1）水稻纹枯病病害程度调查数据。调查按照以下规则记录：全株无病记为健康，基部叶片叶鞘发病记为轻度，第三叶片以下各叶鞘或叶片发病及第二叶片以下各叶鞘或叶片发病记为中度，顶叶叶鞘或顶叶发病及全株发病枯死记为重度。（2）光学遥感数据：包括Sentinel-2光学遥感数据和Landsat-8OLI光学遥感数据，Sentinel-2光学遥感数据由欧洲航天局网站（https://scihub.copernicus.eu/）提供，Landsat-8OLI光学遥感数据由中国科学院遥感与数字地球研究所网站（http://ids.ceode.ac.cn/Index.aspx）提供。（3）气象数据：包括MODIS地表温度产品和气象站数据，MODIS地表温度产品由美国地质调查局（UnitedStatesGeologicalSurvey，USGS）网站（http://glovis.usgs.gov/）提供，气象站数据由中国气象数据网站（http://data.cma.cn/）提供的地面气象站日值数据。数据集所用卫星遥感影像和气象站数据如表1、表2所示。下载表1数据集卫星遥感影像列表序号数据源ID时间分辨率（m）1Sentinel-2S2A_MSIL1C_20180606T024651_N0206_R132_T50SNB_20180606T0624022018年6月6日波段2、3、4、8：10米分辨率，波段5、6、7、8A、11、12：20米分辨率，波段1、9、10：60米分辨率2S2A_MSIL1C_20180716T024551_N0206_R132_T50SNB_20180716T0531442018年7月16日3S2B_MSIL2A_20180718T023549_N0206_R089_T50RQV_20180718T0709562018年7月18日4Landsat-8OLILO81190392018166SNC002018年6月15日305MODISMOD11A2MOD11A2.A2018185.h27v05.006.20181971430092018年7月4日10006MOD11A2.A2018185.h28v05.006.20181971428292018年7月4日10007MOD11A2.A2018193.h27v05.006.20182020419362018年7月12日10008MOD11A2.A2018193.h28v05.006.20182020410182018年7月12日10009MOD11A2.A2018201.h27v05.006.20182100410062018年7月20日100010MOD11A2.A2018201.h28v05.006.20182100415222018年7月20日100011MOD11A2.A2018209.h27v05.006.20182182156372018年7月28日100012MOD11A2.A2018209.h28v05.006.20182182158572018年7月28日100013MOD11A2.A2018217.h27v05.006.20182271703502018年8月5日100014MOD11A2.A2018217.h28v05.006.20182271657122018年8月5日1000下载表2气象站数据站点50136-59855气象参数气压、气温、相对湿度、降水、蒸发、风向风速、日照、0cm地温时间范围2018年7月1日至2018年8月31日1.2数据处理方法1.2.1遥感影像预处理及研究区提取卫星遥感技术的发展，为植被检测提供了先进的技术手段。Sentinel-2的L1C级多光谱数据是经过几何精校正的正射影像。为消除大气散射和吸收等影响，首先对Sentinel-2的L1C级多光谱数据进行辐射校正和大气校正，通过欧空局（ESA）发布的插件Sen2cor进行辐射定标和大气校正（气溶胶反演、水蒸气反演、卷云修正），得到L2A级大气底层反射率数据。对Landsat-8OLI数据采用ENVI遥感图像处理软件进行预处理，先对影像进行福射校正，再对经过辐射校正后的影像进行快速大气校正。然后根据研究区的范围裁剪出研究区影像数据。1.2.2基于时相信息的水稻面积提取在此基础上，由于水稻在单个时期容易与影像中的其他作物或植被混淆，因此考虑水稻生长过程的变化特征，运用水稻移栽和拔节阶段光谱时序特性和决策树方法进行水稻面积提取。由于光学卫星数量少、重访周期相对较长、影像受云雨影响大，因此将Sentinel-2和Landsat-8OLI经过重采样处理，优先使用Sentinel-2数据，若研究区域对应的时间无此数据，则使用Landsat-8OLI数据。用光学反射率数据中的近红外波段和红外波段通过归一化植被指数计算公式计算得到归一化植被指数，根据归一化植被指数检测绿色作物的特性，用7月的归一化植被指数实现对水、城市与绿色植被的分类。考虑城市植被及其他绿色植被在6–7月变化较小，而水稻冠层变化显著的特点，利用归一化植被指数和绿波段对植物生长状态的响应特点，经反复对比试验采用6、7月归一化植被指数的差值和绿波段实现水稻与其他绿色植被的分类。决策树方法中各步骤阈值均根据土地分类调查训练数据确定，分类图如图2所示。图2决策树分类图1.2.3基于Sentinel-2影像的穗帽变换作物病害的发生与作物营养和生长情况相关，应用穗帽变换对Sentinel-2数据进行处理，可以提取水稻生长态势及环境信息，用于反映病虫害作物生境状况。穗帽变换是一种特殊的主成分分析，随着植被生长，在绿度图像上的信息增强，土壤亮度上的信息减弱；当植物成熟和逐渐凋落时，其在绿度图像特征减少，在黄度上的信息增强。穗帽变换是指在多维光谱空间中，通过线性变换、光谱空间旋转使植被与土壤的光谱特征得以有效分离。这种变换不仅去除了原始影像各波段之间的冗余信息，而且使变换之后的结果变成了有重要物理意义的参数。一般前3个特征就包含了影像的绝大多数信息，变换后的第1分量表征土壤亮度，反映了土壤光谱信息；第2分量表征绿度，反映了植被光谱信息；第3分量表征地物的水分含量，反映了地物的湿度信息[18]。通过对7月的Sentinel-2反射率数据进行穗帽变换，得到水稻种植区域的绿度指数、湿度指数和亮度指数[18]。",
    "数据描述": "本数据集涵盖与水稻纹枯病生境评价相关的数据，包括水稻纹枯病病害程度调查数据、光学遥感原始影像、光学遥感反射率影像、地物分类影像、水稻生长状况数据、气象数据等。其中水稻纹枯病病害程度调查数据通过矢量化转化为Shapefile格式，其相关属性存储于该数据的属性表中。本数据集以“图像+描述文档”的方式组织存储，包含了影像数据和文本数据，样例如表3所示。表4以农林用地这一类别的一个样本点数据为例，展示了其对应的存储文件列表。下载表3数据样例数据类型数据格式详细描述样例水稻纹枯病病害程度调查数据Shapefile0为健康；1为轻度；2为中度；3为重度，用于水稻纹枯病生境评价、病害检测及预测光学卫星遥感反射率数据IMGSentinel-2：波段2、3、4、8：10米分辨率，波段5、6、7、8A、11、12：20米分辨率，波段1、9、10：60米分辨率；Landsat-8OLI：10米分辨率地物分类数据TIF/IMG10米分辨率0为水；1为城市；2为其他绿色植被；3为水稻，用于作物病害评价、作物产量预测、土地利用现状遥感检测等TIF/IMG10米分辨率，用于检测水稻生长态势及环境信息，反映病虫害作物生境状况绿度指数亮度指数亮度指数MODIS地表温度产品数据HDF1000米分辨率数据集包括LST_Day_1km,QC_Day,Day_view_time,Day_view_angl,LST_Night_1km,QC_Night,Night_view_time,Night_view_angl,Emis_31,Emis_32,Clear_day_cov,Clear_night_cov，用于地表温度变换研究、旱情动态监测研究、热岛强度分析等LST_Day_1km_20180712气象站数据TXT数据文件命名由数据集代码（SURF_CLI_CHN_MUL_DAY）、要素代码（XXX)、项目代码（XXXXX）、年份标识（YYYY）和月份标识（MM）组成。其中，SURF表示地面气象资料，CLI表示地面气候资料，CHN表示中国，MUL表示多要素，DAY表示日值数据。气象参数说明：PRS-10004表示本站气压，TEM-12001表示气温，RHU-13003表示相对湿度，PRE-13011表示降水，EVP-13240表示蒸发，WIN-11002表示风向风速，SSD-14032表示日照，GST-12030-0cm表示0cm地温。下载表4数据文件说明数据类型文件名时间备注实验调查数据Surveydataofricesheathblight2018年7月光学卫星地表反射率数据LS8_O_20180615_023028_000000_119039_GEOTIFF_SNC_L22018年6月15日研究区一S2B_MSIL2A_20180718T023549_N0206_R089_T50RQV_20180718T070956_s2resampled2018年7月18日S2A_MSIL2A_20180606T024651_N0206_R132_T50SNB_20180606T062402_s2resampled2018年6月6日研究区二S2A_MSIL2A_20180716T024551_N0206_R132_T50SNB_20180716T053144_s2resampled2018年7月16日水稻面积监测数据fy_classify,hzh_classify研究区一及研究区二影像穗帽变换特征数据fy_0716_brightness,fy_0716_greenness,fy_0716_wetness,hzh_0718_brightness,hzh_0718_greenness,hzh_0718_wetness研究区一及研究区二MODIS地表温度产品数据MOD11A2.A2018185.h**v**.006.2018197143009.hdf文件夹即为时间h**v**为区域行列号气象站数据SURF_CLI_CHN_MUL_DAY_XXX_XXXXX_YYYY_MMYYYY年MM月",
    "数据质量": "水稻纹枯病病害程度调查数据的等级参考稻纹枯病测报调查规范（GB/T15791-1995）中的严重度分级标准，调查方法经过植保专家的指导，保证本数据来源的质量和可靠性。卫星光学遥感影像经过校正消除大气散射和吸收等影响，实现对数据的质量把控。地物分类数据则是基于Landsat-8OLI与Sentinel-2遥感影像，结合实地调查和影像人工目视解译生成，通过对比高分卫星影像数据与实验调查数据进行质量控制，分类精度达到95%以上。气象站数据与MODIS地表温度数据皆来自相关官方网站，数据均经过质量控制和精度验证。穗帽变换特征直接依据通用公式进行计算，未引入误差。",
    "数据价值": "本数据集可以直接用于水稻病害的生境评价，基于遥感、气象等多因素的病害生境评价可以进一步用于发展病害预警模型，用于对大范围病害发生风险进行空间连续的预测。这种预测的模式由于能够提供病害发生风险的空间细节信息，能够更有效地指导植保防控工作，并有利于发展智慧农田管理等数字农业的新模式，不仅具有科学价值，还具有重要的应用前景。",
    "数据使用和建议": "本数据集包含了水稻纹枯病生境评价多源数据，数据格式包括TIF、Shapefile、HDF、TXT，使用主流的GIS、ENVI等软件均可实现读写。针对数据集的使用有以下几点建议：（1）光学卫星遥感影像。由于光学卫星数量少、重访周期相对较长、影像受云雨影响大，因此可以将Sentinel-2和Landsat-8OLI经过重采样处理，结合两种卫星影像运用。（2）气象数据的使用。气象站数据包含的气象要素多、具有全天候数据，但此数据只体现在气象站“点”上；MODIS温度产品以影像的形式存在，体现在“面”上，但是记录的气象要素较少，所以可以结合两种数据进行病害生境评价。（3）生境评价因子的选择。在评价作物病害生境时，应该选择与对应病害相关的生境评价因子，避免引入病害发生无关的因子。（4）生境评价模型。利用数据集所包含的生境因子，通过对研究区晚稻以1.1km×1.1km的区域尺度进行生境评价，使用多元回归建模方法，建立了生境评价系统，精度为55%。其中也可用Logistic回归、偏最小二乘回归等作为生境评价模型建模方法。",
    "引用格式": "田洋洋, 张静文, 张雪雪, 等. 长江中下游典型地区水稻纹枯病生境评价多源数据集[DB/OL]. Science Data Bank, 2019. (2019-10-08). DOI: 10.11922/csdata.2019.0021.zh."
}