{
    "类目名称": "科学大数据工程",
    "名称": "大田作物病害识别研究图像数据集",
    "资源信息链接地址": "http://www.scidb.cn/journalDetail?dataSetId=633694461276192770&code=5c36e22c13f6b34064283d5e&tID=journalOne&dataSetType=journal&language=zh_CN&lan=2",
    "摘要": "摘要：根据联合国粮农组织报告，每年农业病虫害造成的自然损失率超过37%，农业病虫害识别与防治对于提高农业产量具有重要意义。传统人工识别方法依赖经验，主观因素较大，不够准确。近年来计算机视觉方法逐渐发展，该方法更加客观，并支持实时在线诊断，但需要大规模训练样本的支持。因此，构建可供机器学习建模使用的图像数据集对于实现高效的农业病虫害识别至关重要。为此我们构建了农业病虫害研究图库（IDADP），涵盖农业病虫害图像采集、分类、标记、存储与建模等多方面的内容，面向科研学者与农技人员两大类用户群体提供农业病害在线诊断及相关的技术咨询等服务。本数据集目前包括以水稻、小麦、玉米为主的大田作物的高质量农业病害图像数据约200 GB。与现有大多仅含有3–5幅典型症状图像的农业病害图谱类资源存在本质区别，本图像数据集由高分辨率和高相似度的同类农作物病害原始图像数据构成，每种病害的图像数量有几百乃至上千幅，可作为病害识别建模的训练样本使用。本数据集将为农业病害识别研究领域提供宝贵的基础数据资源，同时可作为大数据环境下机器学习建模的标准图库，对促进农业病害图像识别研究的发展具有重要的实际应用价值。",
    "关键词": "农业病害；大田作物；病害识别；标准图库；训练样本",
    "参考引用": [
        {
            "名称": "吕佩珂. 中国蔬菜病虫原色图谱[M]. 北京: 中国农业出版社, 1992.",
            "资源信息链接地址": "http://xueshu.baidu.com/s?wd= 中国蔬菜病虫原色图谱"
        },
        {
            "名称": "吕佩珂. 中国果树病虫原色图谱[M]. 北京: 华夏出版社, 1993.",
            "资源信息链接地址": "http://xueshu.baidu.com/s?wd= 中国果树病虫原色图谱"
        },
        {
            "名称": "吕佩珂. 中国粮食作物、经济作物、药用植物病虫原色图鉴[M]. 呼和浩特: 远方出版社, 1999.",
            "资源信息链接地址": "http://xueshu.baidu.com/s?wd= 中国粮食作物、经济作物、药用植物病虫原色图鉴"
        },
        {
            "名称": "International C, Wallingford (RU). Crop protection compendium[M]. Berlin: Blackwell Verlag GmbH, 2006.",
            "资源信息链接地址": "http://xueshu.baidu.com/s?wd= Crop protection compendium"
        },
        {
            "名称": "王久兴, 刘介丹, 陈秀敏. 基于. NET的智能蔬菜病虫害诊断与防治专家系统构建[J]. 河北科技师范学院学报, 2013, 27(2): 18-22.",
            "资源信息链接地址": "http://xueshu.baidu.com/s?wd= 基于. NET的智能蔬菜病虫害诊断与防治专家系统构建"
        }
    ],
    "作者": [
        {
            "姓名": "陈雷",
            "机构": [
                "中国科学院合肥智能机械研究所",
                "Institute of Intelligent Machines, Chinese Academy of Sciences"
            ],
            "贡献": "主要承担工作：本数据集平台的规划、建设和维护。",
            "简介": "（1981—），男，安徽省巢湖市人，博士，副研究员，研究方向为机器学习理论方法及在大数据环境下的应用。"
        },
        {
            "姓名": "袁媛",
            "机构": [
                "中国科学院合肥智能机械研究所",
                "Institute of Intelligent Machines, Chinese Academy of Sciences"
            ],
            "贡献": "主要承担工作：本数据集原始数据的采集、整理与相关软件工具的研发。",
            "简介": "（1981—），女，安徽省肥东县人，博士，副研究员，研究方向为计算机视觉方法及在农业病虫害图像识别中的应用研究。"
        }
    ],
    "基金": "中国科学院信息化专项（XXH13505-03-104）；国家自然科学基金面上项目（31871521）。",
    "数据集名称": "大田作物病害识别研究图像数据集",
    "数据作者": "陈雷（chenlei@iim.ac.cn）；袁媛（yuanyuan@iim.ac.cn）",
    "时间范围": "2013–2018年",
    "空间范围": "中国境内",
    "数据量": "200 GB",
    "数据格式": "SQL Server",
    "数据组成": "本数据集共有水稻、小麦和玉米3种大田作物的15种病害图像，每种病害对应一个文件夹。其中水稻病害6个文件夹，包括水稻白叶枯病、水稻稻曲病、水稻稻瘟病、水稻胡麻斑病、水稻纹枯病、水稻细菌性条斑病；小麦病害5个文件夹，包括小麦白粉病、小麦赤霉病、小麦梭条斑花叶病、小麦雪霉叶枯病、小麦叶锈病；玉米病害4个文件夹，包括玉米大斑病、玉米南方锈病、玉米小斑病、玉米锈病。每个文件夹中包含该病害图像以流水号命名的原始JPG文件，以及介绍该病害基本信息与防治方法的intro.txt文件。本数据集共有高质量的jpg图像17624张。",
    "数据采集和处理方法": "本研究中图像采集设备为CanonEOS6D型数码单反相机，配备佳能EF17-40mmf/4LUSM镜头与佳能EF100mmf/2.8LISUSM微距镜头，以及索尼DSC-RX100M3数码相机。拍摄时采用相机的最优画质与最大分辨率5472×3648，其中佳能数码单反相机采用原始的RAW格式，其后在计算机上使用佳能DigitalPhotoProfessional软件将RAW文件转化为JPG图像文件，索尼数码相机直接采用JPG格式进行拍摄。拍摄时采用光圈优先模式，调整适当的光圈使得图像景深足够大，以保障被拍摄的作物器官在画面中有一定的清晰度。在采集作物病害图像时，主要是在露天或大棚的自然光照条件下，拍摄角度使光路尽量垂直于作物器官所在平面，并利用侧面光保证作物器官受光均匀，所拍摄的作物器官占据画面的中央主要位置。",
    "数据描述": "本数据集以图像数据库的形式进行存储与管理。其中第一层图像数据词典以MicrosoftSQLServer的数据表形式存储，数据表的各字段说明以示例如表1所示，其中图像路径是指向存放在计算机硬盘上的原始图像文件的索引，作为数据库的主键。此外还有一些图像数据的关键信息，如拍摄时间、拍摄地点、图像大小等，已经蕴含在图像文件的exif信息中，因此不在数据表中重复表示。本数据集结构设计较简单，便于数据集管理人员的日常维护与农业病害识别研究人员与农技专家等用户的直接使用。下载表1作物病害图像数据词典的数据表字段与示例列1列2列3列4列5作物名称器官名称病虫害名称图像路径备注小麦叶部赤霉病小麦赤霉病\\IMG2015.jpg-小麦叶部白粉病小麦白粉病\\IMG1882.jpg-小麦叶部白粉病小麦白粉病\\IMG1883.jpg-水稻叶部稻瘟病水稻稻瘟病\\DSC18_2083.jpg-水稻穗部稻曲病水稻稻曲病\\IMG17_5657.jpg-第二层是图像基础数据，保存在计算机硬盘上。本数据集按照作物病害名称建立文件夹，共有15个文件夹。其中水稻病害6个文件夹，包括水稻白叶枯病、水稻稻曲病、水稻稻瘟病、水稻胡麻斑病、水稻纹枯病、水稻细菌性条斑病；小麦病害5个文件夹，包括小麦白粉病、小麦赤霉病、小麦梭条斑花叶病、小麦雪霉叶枯病、小麦叶锈病；玉米病害4个文件夹，包括玉米大斑病、玉米南方锈病、玉米小斑病、玉米锈病。每个文件夹中包含该病害图像以流水号命名的原始JPG文件，以及介绍该病害基本信息与防治方法的intro.txt文件，每张图像代表一个数据样本。例如本数据集中水稻白叶枯病有974张图像，则文件夹“水稻白叶枯病”中含有974张JPG图像样本以及1个介绍水稻白叶枯病基本信息与防治方法的intro.txt文件。本数据集中的部分图像样本示例如图1所示。（a）（b）（c）（d）图1大田作物病害识别研究图像数据集中的样本示例（a）水稻稻曲病（b）水稻稻瘟病（c）小麦赤霉病（d）玉米南方锈病",
    "数据质量": "本研究中采集的作物病害图像来源主要有两种方式：一种是人工接种，该方式下所拍摄的作物病害图像完全能够保障分类准确；另一种方式是拍摄各类生产基地的作物病害图像，并没有经过人工接种，病害是自然发生的，因此所拍摄的病害图像后期经过植保专家的实验室分析与鉴定，以保障病害图像的分类准确。同时，图像采集工作由从事农业病害图像识别研究的专业技术人员按照标准操作流程和规范进行，并在后期对所采集的图像进行人工筛选，将不符合要求的文件剔除，保证本数据集中作物病害图像数据来源的质量和可靠性。",
    "数据价值": "本数据集与现有作物病虫害图谱的最主要区别是本数据集中的每种病害图像具有几百乃至上千张，可以通过机器学习方法建立病害识别相关的模型，为作物病害图像研究领域提供基础数据资源。随着本数据集的发展，今后将建设成为国内标准的农业病虫害图像识别研究数据资源，为业内相关研究人员提供统一的训练集与测试集数据，从而使得不同的方法可以在同一数据集下进行比较，推动农业病虫害图像识别研究的发展。",
    "数据使用和建议": "由于作物病害发生是一个复杂的过程，同种病害在不同品种、不同部位上的表现症状也不完全相同，因此使用本数据集的图像数据时可按照具体需求进行二次筛选。同时由于作物病害图像原始数据文件较大，建立在用于机器学习模型训练时根据所选取的框架进行相应的压缩或裁剪。本数据集中的大田作物病害图像没有对病害位置进行人工标记，在构建模型时需要一定数量的无病害的作物图像作为正样本，所需的正样本图像数据可前往IDADP网站下载（http://www.icgroupcas.cn/website_bchtk/index.html），因此正样本数据不单独在本数据集中提供。此外，由于数据版权原因，本文中所上传的图像数据均带有水印，如需获取无水印的原始图像数据需要前往图库网站联系数据库负责人，下载并签署相应的使用协议。",
    "引用格式": "陈雷, 袁媛. 大田作物病害识别研究图像数据集[DB/OL]. Science Data Bank, 2019. (2019-03-20). DOI: 10.11922/sciencedb.745."
}