{
    "类目名称": "科学大数据工程",
    "名称": "黄土高原地区500 m分辨率植被覆盖度数据集",
    "资源信息链接地址": "黄土高原500米分辨率植被覆盖度数据集（2010年）：http://loess.geodata.cn/data/datadetails.html?dataguid=98209523699998&docid=0；\t\t\t黄土高原500米分辨率植被覆盖度数据集（2000年）：http://loess.geodata.cn/data/datadetails.html?dataguid=27840778729871&docid=1。",
    "摘要": "摘要：黄土高原位于我国的生态敏感区，植被覆盖动态变化是该区域植被恢复和生态系统健康状况的重要指标。本数据集包含黄土高原2000年和2010年的逐月植被覆盖度数据，主要基于中国500 m归一化差分植被指数（Normalized Difference vegetation index，NDVI）旬合成产品通过投影、裁剪、合成月数据、像元二分模型计算等过程加工生成。本数据可反映黄土高原退耕还林前和退耕还林10年后植被覆盖度的时空变化情况，主要应用于土壤侵蚀时空动态变换评价、生态环境质量评价等方面。",
    "关键词": "黄土高原；植被覆盖度；NDVI",
    "参考引用": [
        {
            "名称": "赵安周, 刘宪锋, 朱秀芳, 等. 2000～2014年黄土高原植被覆盖时空变化特征及其归因[J]. 中国环境科学2016,36(5): 1568-1578.",
            "资源信息链接地址": "http://xueshu.baidu.com/s?wd= 2000～2014年黄土高原植被覆盖时空变化特征及其归因"
        },
        {
            "名称": "高健健 , 穆兴民, 孙文义. 1981～2012年黄土高原植被覆盖度时空变化特征[J]. 中国水土保持,2016,7:52-56.",
            "资源信息链接地址": "http://xueshu.baidu.com/s?wd= 1981～2012年黄土高原植被覆盖度时空变化特征"
        },
        {
            "名称": "陈效逑, 王恒. 1982～2003年内蒙古植被带和植被覆盖度的时空变化[J]. 地理学报, 2009, 64 (1): 84-94",
            "资源信息链接地址": "http://xueshu.baidu.com/s?wd= 1982～2003年内蒙古植被带和植被覆盖度的时空变化"
        },
        {
            "名称": "CARLSON T N, RIPLEY DAVID A. On the relation between NDVI, fractional vegetation cover, and leaf area index[J]. Remote Sensing of Environment, 1997, 62(3): 241-252.",
            "资源信息链接地址": "http://xueshu.baidu.com/s?wd= On the relation between NDVI, fractional vegetation cover, and leaf area index"
        },
        {
            "名称": "肖强, 陶建平, 肖洋. 黄土高原近10年植被覆盖的动态变化及驱动力分析生态学报, 2016, 36(23): 7594-7602.",
            "资源信息链接地址": "http://xueshu.baidu.com/s?wd=[5]肖强, 陶建平, 肖洋."
        },
        {
            "名称": "吴炳方, 颜长珍, 周为峰. 密云水库上游植被覆盖度的遥感估算[J]. 资源科学, 2004, 26(4): 153-159.",
            "资源信息链接地址": "http://xueshu.baidu.com/s?wd= 密云水库上游植被覆盖度的遥感估算"
        },
        {
            "名称": "陈巧, 陈永富. 应用高分辨率卫星影像监测退耕地植被的覆盖度[J]. 林业科学, 2006, 42(1): 5-9.",
            "资源信息链接地址": "http://xueshu.baidu.com/s?wd= 应用高分辨率卫星影像监测退耕地植被的覆盖度"
        },
        {
            "名称": "魏石磊, 翟亮, 桑会勇, 等. 像元分解模型的植被覆盖度遥感估算[J]. 测绘科学, 2016, 41(1): 139-143.",
            "资源信息链接地址": "http://xueshu.baidu.com/s?wd= 像元分解模型的植被覆盖度遥感估算"
        }
    ],
    "作者": [
        {
            "姓名": "曹晓萍",
            "机构": [
                "西北农林科技大学黄土高原土壤侵蚀与旱地农业国家重点实验室",
                "State Key Laboratory of Soil Erosion and Dryland Farming on the Loess Plateau, Northwest A&F University"
            ],
            "贡献": "主要承担工作：基础数据收集，数据论文撰写。",
            "简介": "（1963—），陕西人，硕士，高级实验师，从事科学数据管理工作。"
        },
        {
            "姓名": "张琴琴",
            "机构": [
                "西北大学",
                "Northwest University"
            ],
            "贡献": "主要承担工作：数据集生产，数据质量控制。",
            "简介": "（1988—），西北大学硕士研究生,现任先中服软件有限公司任技术咨询部售前工程师。"
        },
        {
            "姓名": "杨勤科",
            "机构": [
                "西北大学",
                "Northwest University"
            ],
            "贡献": "主要承担工作：总体方案设计，数据质理控制，数据论文修改。",
            "简介": "（1962—），陕西人，博士，教授，主要研究方向为区域土壤侵蚀评价。"
        },
        {
            "姓名": "展小云",
            "机构": [
                "西北农林科技大学黄土高原土壤侵蚀与旱地农业国家重点实验室",
                "State Key Laboratory of Soil Erosion and Dryland Farming on the Loess Plateau, Northwest A&F University"
            ],
            "贡献": "主要承担工作：数据质理控制，数据论文英文摘要翻译。",
            "简介": "（1983—），山东人，博士，高级实验师。 "
        }
    ],
    "基金": "国家科技基础条件平台建设项目（2005DKA32300），中国科学院“十三五”信息化专项科学大数据工程项目（XXH13505-07）。",
    "数据集名称": "黄土高原地区500 m分辨率植被覆盖度数据集",
    "数据作者": "杨勤科（qkyang@ms.iswc.ac.cn）",
    "时间范围": "2000年，2010年",
    "空间范围": "中国黄土高原地区，地理范围包括33°43′–41°16′N，东经100°54′–114°33′E。",
    "空间分辨率": "500 m",
    "数据量": "467 MB",
    "数据格式": "ESRI grid",
    "数据组成": "数据集共包含23个文件夹，分别为2000年2–12月植被覆盖度fvc0002，fvc0003…fvc0012和2010年12个月植被覆盖度fvc1001，fvc1002…fvc1012。",
    "数据采集和处理方法": "植被生长和演替，受到降水和温度等气候要素的强烈影响，因此植被覆盖度在多年间和年内都有变化。野外考察和已有研究表明，退耕还林以来，植被覆盖度发生了十分明显的变化。为了既能反映年内各月植被覆盖度变化，又能反映退耕还林初期和10年后的植被覆盖度变化，在中国地理空间数据云网站（http://www.gscloud.cn/）下载2000年和2010年旬合成产品归一化差分植被指数（NormalizedDifferencevegetationindex,NDVI），利用像元二分模型计算生成2000年和2010年各月的植被覆盖度，以期反映黄土高原退耕还林以来植被覆盖度的年际和年内变化。1.1基础数据准备黄土高原地区500m分辨率植被覆盖度数据集是由来自TERRA卫星的中国500mNDVI旬合成产品计算得到，产品由MODND1D计算得到，计算方法为取月内每十天最大值。NDVI来源于中国地理空间数据云网站。原始数据缺省2000年1月数据，2000年2月只有下旬数据，因此2000年2月没有平均值合成。用于裁切的黄土高原边界（图1）来源于黄土高原科学数据中心（http://loess.geodata.cn/）。图1黄土高原边界图1.2数据处理数据处理均在ARCGIS环境下进行，分为投影、裁剪、合成月数据、计算4个步骤。1.2.1投影为便于使用，本数据集直接采用全国地图投影的常用投影和参数。投影名称为正轴等积割圆锥投影（Albers），椭球体为Krasovsy，单位为m。在此过程中将输出分辨率设置为500m，重采样方法规定为二次线性（bilinear），这种采样结果数据比较连续，不会出现伪条纹。利用第二次黄土高原科学考察队定义的黄土高原地区边界（图1）进行数据裁切。为了数据的完整，也便于数据应用，裁切时从黄土高原地区边界向外做了5km的缓冲带处理。1.2.2合成月数据对下载的原始NDVI旬合成产品进行滤波、空值填充、去云等必要处理，然后用最大值合成法，将每月三个旬的数据合成为月NDVI数据。其中空值填充采样了常用的邻域均值法。1.2.3植被覆盖度计算利用目前最通用的像元二分模型（式1），基于月NDVI数据，计算逐月植被覆盖度。VFC=(NDVI-NDVIsoil)/(NDVIveg-NDVIsoil)（1）式中VFC为植被覆盖度（%）；NDVIsoil为完全是裸土或无植被覆盖区域的NDVI值；NDVIveg则代表完全被植被所覆盖的像元的NDVI值，即纯植被像元的NDVI值。NDVIsoil和NDVIveg可以是NDVI统计分布累计频率为0.5%和99.5%的值[6,7,8]。黄土高原植被覆盖度偏低，该累计频率的赋值方法对覆盖度计算结果可能会造成一定误差。",
    "数据描述": "黄土高原植被覆盖度数据集命名方式为：fvcyymm，fvc为植被覆盖度，yy代表年份，mm代表月份，如fvc0002为2000年2月植被覆盖度数据。本数据集共包含2000年2–12月和2010年1–12月共23个图层数据，植被覆盖度单位为%。图2是部分图层展示，反映了退耕还林初期的2000年和退耕还林10年后的2010年植物生长枯萎期的12月和生长茂盛期的8月植被覆盖度变化情况。下载图2退耕还林前后12月与8月植被覆盖度变化情况（a）2000年12月（b）2000年8月（c）2010年12月（d）2010年8月",
    "数据质量": "数据处理过程中，采用了统一的基础数据源，原始数据分辨率为0.0051°，中纬度地区相当于平面距离567.7m，所以黄土高原地区换算成平面坐标后设置为500m。将所下载的NDVI数据在计算植被覆盖度前对数据进行如下处理：滤波除噪处理、空值检查和填充处理、去云处理等，直至数据无明显噪音、无空值和伪条纹。从NDVI到植被覆盖度的计算中，采用了NDVI累计频率为0.5%和99.5%，从而提高数据计算的准确度。数据覆盖范围为黄土高原地区（图1），为使数据更精准，在裁切时对黄土高原边界向外做了5km缓冲处理。",
    "数据使用和建议": "本数据已于2016年在国家地球系统科学数据共享服务平台–黄土高原科学数据中心（http://loess.geodata.cn/）发布并提供共享服务。在网站下载本数据解压后可使用支持ESRIgrid文件格式的GIS软件打开、显示、编辑、查看、统计分析等。数据可用于分析退耕还林（草）工程实施以来黄土高原地区、典型流域和土壤侵蚀类型区植被覆盖的时空变化特征，揭示黄土高原退耕还林（草）措施的生态成效。",
    "引用格式": "杨勤科, 张琴琴, 曹晓萍, 展小云. 黄土高原500 m分辨率植被覆盖度数据集（2000年）[DB/OL]. 黄土高原科学数据中心, 2016. DOI: 10.11866/db.loess.2016.02. 杨勤科, 张琴琴, 曹晓萍, 展小云. 黄土高原500 m分辨率植被覆盖度数据集（2010年）[DB/OL]. 黄土高原科学数据中心, 2016. DOI:10.11866/db.loess.2016.03."
}