{
    "类目名称": "其他数据论文",
    "名称": "广东土种志——基于全国第二次土壤普查数据集",
    "资源信息链接地址": "http://vdb3.soil.csdb.cn/front/detail-中南红壤区土壤综合数据库$zn_location_name?id=440000，\t\t\thttp://www.sciencedb.cn/dataSet/handle/460",
    "摘要": "摘要：本数据集来源于1996年科学出版社出版的《广东土种志》。该书第一次较详细、系统、全面介绍了广东省212个土种的归属、名称，面积与分布、主要理化性状、典型剖面特征及其理化分析结果、生产性能及改良培肥途径等，是广东省第二次土壤普查的主要成果之一。本数据集在进行系列标准规范化工作的基础上，构造了一个包括地点与土壤类型分布关系和中国土壤发生分类的分类关系的E-R数据模型，形成了具有16个土类、39个亚类、212个土种、212个典型剖面的700个发生层及物理化学性质的数据产品。本数据集可被广泛用于土地质量评估、环境效应研究、土壤碳储量研究等，对因土种植、因土施肥、因土改良、调整农业结构布局、合理利用土壤资源等均具有非常重要的指导意义。",
    "关键词": "广东土壤；土种志；全国第二次土壤普查；土壤调查",
    "参考引用": [
        {
            "名称": "施建平, 宋歌. 基于Web的中国土种数据库[J]. 土壤, 2016,48（6）: 1246–1252.",
            "资源信息链接地址": "http://xueshu.baidu.com/s?wd= 基于Web的中国土种数据库"
        },
        {
            "名称": "中国土壤学会.中国土种、土属分类研究[M]. 江苏: 江苏科技出版社, 1989.",
            "资源信息链接地址": "http://xueshu.baidu.com/s?wd=中国土种、土属分类研究"
        },
        {
            "名称": "全国土壤普查办公室. 中国土种志[M]. 北京: 农业出版社, 1993.",
            "资源信息链接地址": "http://xueshu.baidu.com/s?wd= 中国土种志"
        },
        {
            "名称": "广东省土壤普查办公室. 广东土种志[M]. 北京: 科学出版社, 1996.",
            "资源信息链接地址": "http://xueshu.baidu.com/s?wd= 广东土种志"
        },
        {
            "名称": "中国国家标准化管理委员会. GB/T 17296-2009 中国土壤分类与代码[S]. 北京: 中国标准出版社, 2009.",
            "资源信息链接地址": "http://xueshu.baidu.com/s?wd= GB/T 17296-2009 中国土壤分类与代码"
        },
        {
            "名称": "全国土壤普查办公室. 中国土壤[M]. 北京: 中国农业出版社, 1998.",
            "资源信息链接地址": "http://xueshu.baidu.com/s?wd= 中国土壤"
        },
        {
            "名称": "全国“土办”. 关于土壤普查省级汇总参考提纲[Z]. 1979.",
            "资源信息链接地址": "http://xueshu.baidu.com/s?wd= 关于土壤普查省级汇总参考提纲"
        },
        {
            "名称": "中国科学院南京土壤研究所.土壤理化分析[M]. 上海: 上海科学技术出版社, 1978.",
            "资源信息链接地址": "http://xueshu.baidu.com/s?wd=土壤理化分析"
        },
        {
            "名称": "SHI X, YU D, WARNER E, et al. Soil Database of 1:1 000 000 Digital Soil Survey and Reference System of the Chinese Genetic Soil Classification System[J]. Soil Survey Horizons, 2004, 45(4): 129–136.",
            "资源信息链接地址": "http://xueshu.baidu.com/s?wd= Soil Database of 1:1 000 000 Digital Soil Survey and Reference System of the Chinese Genetic Soil Classification System"
        },
        {
            "名称": "FAO, IIASA, ISRIC, et al. Harmonized World Soil Database (version 1.2)[DB]. Rome, Italy, 2012.",
            "资源信息链接地址": "http://xueshu.baidu.com/s?wd= Harmonized World Soil Database (version 1.2)"
        },
        {
            "名称": "ISO 28258:2013 Soil quality-Digital exchange of soil-related data[S]. 2013.",
            "资源信息链接地址": "http://xueshu.baidu.com/s?wd=[S]."
        },
        {
            "名称": "中国国家标准化管理委员会. GB/T2260-2007中华人民共和国行政区划代码[S]. 北京: 中国标准出版社, 2007.",
            "资源信息链接地址": "http://xueshu.baidu.com/s?wd= GB/T2260-2007中华人民共和国行政区划代码"
        }
    ],
    "作者": [
        {
            "姓名": "尹春梅",
            "机构": [
                "中国科学院亚热带农业生态研究所",
                "Institute of Subtropical Agriculture, Chinese Academy of Sciences",
                "中国科学院桃源农业生态试验站",
                "Taoyuan Agro-ecology Research Station, Chinese Academy of Sciences, Changde 415700, P. R. China;"
            ],
            "贡献": "主要承担工作：数据录入、数据校正和部分质量控制。 ",
            "简介": "（1982—），女，湖南省长沙市人，硕士，高级工程师，数据信息管理。"
        },
        {
            "姓名": "施建平",
            "机构": [
                "中国科学院南京土壤所",
                "Institute of Soil Science,Chinese Academy of Sciences, Nanjing"
            ],
            "贡献": "主要承担工作：数据库设计、标准规范和质量控制。",
            "简介": "（1954—），女，江苏省南京市人，大学，高级工程师，研究方向为土壤信息管理。"
        },
        {
            "姓名": "潘恺",
            "机构": [
                "中国科学院南京土壤所",
                "Institute of Soil Science,Chinese Academy of Sciences, Nanjing"
            ],
            "贡献": "主要承担工作：土壤信息系统开发和维护。 ",
            "简介": "（1990—），男，江苏省南京市人，硕士。研究方向为土壤信息系统。"
        },
        {
            "姓名": "魏文学",
            "机构": [
                "中国科学院亚热带农业生态研究所",
                "Institute of Subtropical Agriculture, Chinese Academy of Sciences",
                "中国科学院桃源农业生态试验站",
                "Taoyuan Agro-ecology Research Station, Chinese Academy of Sciences, Changde 415700, P. R. China"
            ],
            "贡献": "主要承担工作：数据质量控制。",
            "简介": "（1960—），男，湖南省长沙市人，研究员，博导，研究方向为土壤分子生态。"
        }
    ],
    "基金": "中国科学院信息化专项——土壤学科领域基础科学数据整合与集成应用（XXH12504-1-02），国家自然科学基金青年项目（41201260）。",
    "数据集名称": "广东土种志——基于全国第二次土壤普查数据集",
    "数据作者": "尹春梅（cmyin@isa.ac.cn）",
    "时间范围": "1996年",
    "空间范围": "广东（东经104°29′～112°04′，北纬20°54′～26°23′）",
    "数据格式": "可查询数据库",
    "数据量": "0.62 MB",
    "数据组成": "数据集由9部分数据组成，分别为土类表、土壤亚类表、土种基本信息表、土种典型剖面景观信息表、土种典型剖面发生层信息表、土种典型剖面土壤理化性质表、土种统计剖面土壤理化性质表、县（市）名与土种关系表、县（市）名表，数据量大小为0.62 MB。",
    "数据采集和处理方法": "1.1广东土种的划分1.1.1土种划分的原则土种是土壤分类的基础，是土壤分类系统中的基层分类单元，是发育在相同母质上，具有相类似的发育程度和剖面层次构型比较稳定的土壤实体。广东省划分土种的原则是：（1）相同性：同一土种具有基本相同的母质和性状指标量，其特征土层有相同的发育程度。（2）相似性：同一土种有近似的水热条件，近似的生产性能和生产潜力，其剖面发生层理、剖面构型以及沉积土层的厚度基本相似。（3）相对稳定性：同一土种，其土壤属性在一般耕作和无特大干扰情况下具有相对稳定性。1.1.2土种划分的具体指标广东省在第二次土壤普查中划分土种的主要依据是：土层厚度、土壤结构、养分状况、水热条件、地形母质、土壤质地、酸毒为害以及发生层等特征因素。对于有相似剖面构型和形态特征的不同土种，划分土种时的具体指标为：（1）有机质层厚度：主要用于自然土壤划分。土种的有机质层厚度指标为：厚层（≥20cm）、中层(10～20cm)、薄层（≤10cm）。（2）土层厚度：主要用于自然土壤划分。土种的土层厚度指标为：厚土层（≥80cm）、中土层(40～80cm)、薄土层（≤40cm）。根据上述二项指标划分土种的，如花岗岩母质发育形成的红壤，划分为厚厚（厚有机质、厚土层）麻红壤、厚薄麻红壤等。（3）特征土层部位：按各类特征土层在土体中出现的部位划分不同的土种，如三角洲沉积土田中，其油格（坭）层出现在离表土30cm以内，地势相对低平的称低油格田；出现在30～50cm左右，分布在中沙田区的称中油格田；出现在50cm以下，分布在高沙围田区的称高油格田等。（4）异质土层：按土层中出现的异质土层，如按贝壳层、砂姜层、铁子层、铁盘层等划分不同的土种；水稻土中，底土出现蠔壳的称蠔壳底田，表土层下有铁质管状物的称铁钉格田等。（5）土壤酸碱度：pH≤5.5为酸性，5.5～6.5为微酸性，6.5～7.5为中性，7.5～8.5为微碱性，≥8.5为碱性。（6）特征土层的发育度：以特征土层的发生学性态特征及其属性指标划分不同土种，如以水稻土的W层的发育强度、自成型土类的B层发育特点划分土种等。（7）水稻土的含盐量和咸酸度：①受海水盐分影响的沉积土田，含盐量≤0.25％为轻盐田，0.25％～0.5％为中盐田，≥0.5％为重盐田。②分布于浅海滩或河流出口处，心土层有红树林残体的滨海沉积土田，耕层盐分含量≤0.25％，pH≥5.5为轻咸酸田；盐分含量0.25％～0.5％，pH＝4～5为咸酸田；盐分含量≥0.5％，pH≤4的为重咸酸田。这类土种的定名以pH为主。③历史上为浅海滩与咸淡水出口处，底土埋藏红树林残体，经过长期耕作冲洗，土壤已脱盐而只酸不咸的或季节性轻度含盐的沉积冲积土田，pH＝5～5.5的为轻反酸田（轻矾田），pH＝4～5为反酸田（中矾田），pH≤4的为重反酸田（重矾田）。（8）土壤质地：按土体质地性状差异划分为不同土种。如水稻土中的沙质田、沙坭田、坭田、粘土田；旱地中的（紫）沙地、（赤）沙坭地，（黄）坭地、（红）顽坭地等。1.2数据内容规范化1.2.1土壤分类规范化《广东土种志》的土壤命名，采用全国土办1988年拟定的“中国土壤分类系统”，高级分类单元采用发生学连续命名法；低级分类单元一般采用群众命名法，其中土纲、亚纲、土类都采用与当时全国一致的名称，即土纲以成土过程主要诊断特征命名，分成人为土、铁铝土、初育土、半水成土、水成土、盐碱土等6个土岗；亚纲以成土过程的差异因素命名，分成9个亚纲。土类采用文献习用名，分成水稻土、黄壤、红壤、赤红壤、砖红壤、火山灰土、石灰（岩）土、紫色土、初骨土、石质土、滨海沙土（风沙土）、山地草甸土、潮土、沼泽土、滨海盐土、酸性硫酸盐土等16个土类；本数据集加工过程中增加了与中国土壤分类与代码（GB17296-2009）[5]（简称“国标”）的对照，规范如表1。下载表1广东土壤土类规范广东土壤土类名国标土类名（GB17296-2009）赤红壤赤红壤红壤红壤赤红壤赤红壤滨海沙土风沙土广东土种志中土壤亚类名是在土类名称前冠以成土附加过程的内容命名，共分成36个亚类。本数据集加工过程中增加了与第二次全国土壤普查（简称“二普”）汇总规范《中国土壤发生分类系统（1980）》[6]以及“国标”的对照，数据库中保留原广东土壤亚类名称以便溯源，规范如表2。下载表2广东土壤亚类规范广东土壤亚类名二普亚类名（1980）国标亚类名（GB17296-2009）赤红壤典型赤红壤典型赤红壤黄色赤红壤黄色赤红壤黄色赤红壤潮湿土湿潮土湿潮土固定沙土滨海风沙土滨海风沙土半固定沙土滨海风沙土滨海风沙土1.2.2土种命名广东省的土种命名基本上是采用群众习用名，耕地多用单名法，自然土壤则多用简化的连续命名法，命名方法的共同特点是：水稻土的土种名称都在土名后加田字，如沙质田、赤土田等；旱耕地的土种都在土名后加地字，如红沙坭地、赤坭地等；地带性土壤的土种则一般在其所属的土属名称前加有机质层和土层之厚薄而命名，如麻赤红壤土属分厚中麻赤红壤、薄中麻赤红壤等。但有的性质较单一的土种会与土属同名，如潮沙坭土、黑色石灰土等。1.2.3土种的归属土种的归属，按全国土壤分类定下的原则，对广东省的基层土壤野外普查过程中划分的某些土种进行了一些调整。例如山地薄层土壤中，没有（B）层发育，底层母岩为已风化和半风化形成粗糙母质层的（AC土），都归属于粗骨土；表土≤10cm，底层为未风化的母岩层或母岩碎屑层的（AD土），都归属于石质土；而B层发育不好的A（B）土则归属于相应土类的“性土”等。1.2.4土层及质地符号（1）土层符号：水稻土：耕作层Aa、犁底层Ap、渗育层P、潴育层W、脱潜层Gw、潜育层G、漂洗层E、腐坭层M。旱耕地：旱耕层A11、亚耕层A12、心土层C1、底土层C2。自然土壤：凋落物有机质层Ao、草根或草毡层As、有机质层（表土层）A、母质特征消失层（淀积层）B、母质层C、母岩碎屑层D、坚硬岩石层R。（B）表示没有发育或发育不好的淀积层。（2）土层后缀符号土层后缀符号是表示该土层附加发生的特征，其表示方法是小写英文字母附注在主要土层符号的右下方，污染土层以主要污染物如重金属镉（Cd）、汞（Hg）等元素符号后缀之，具体见表3。下载表3土层后缀符号符号含义符号含义C表示结核形式的积聚mo表示铁锰胶膜Ca(K)石灰板结k表示碳酸钙的积聚Co珊瑚碎屑Sb贝壳层e(E)漂洗特征Na(Z)氯化钠积聚fe铁子、铁盘或其它有害的铁p由耕作或其它耕作活动造成的扰动g反映氧化还原过程所造成的铁锰斑点、斑块w指无论是粘粒含量，还是颜色或结构有所变化的土层，一般修饰B层h有机质在矿质土壤中的自然积聚层q表示次生硅质的累积He坭碳或坭碳层u地下水位升降影响的锈纹t表示粘粒的积聚su表示硫化物的聚集（3）土壤质地分类命名采用国际制，基本符号包括：砂土（S）、壤土（L）、粘土（C）、粉砂（Si），按上述基本质地符号，根据实际情况进行综合命名，具体质地符号详见表4。下载表4质地土层质地土层名称质地土层代号质地土层名称质地土层代号砂土S砂质壤土SL壤土L粉砂质壤土SiL粘土C砂质粘壤土SCL粉砂Si砂质粘土SC壤质粘土LC粉砂质粘土SiC粉砂质粘壤土SiCL壤质砂土LS粘壤土CL1.2.5土种的描述土壤剖面构型：每个土种都有特定剖面构型，其特征土层可以反映其成土的特征特性。如潴育水稻土的土种都具有Aa-Ap-W-C构型；漂洗水稻土的土种都具有Aa-Ap-E-C构型，其特征E层的存在显示其成土环境经常有大量的侧渗水的运动状况。潮土类的土种，不仅反映出它们有一般土壤的A-B-C剖面构型，且在土种描述中，根据其土体质地层次的机械组成及其粉粘比的情况，说明它是属于某质地类型，如潮沙、潮抄坭或潮坭等，以表明其质地特征。各个土种的养分含量，包括全量与速效氮、磷、钾，有机质、微量元素和pH等，同时列出数理统计的主要数值。土种的典型剖面体现该土种的中心概念和“个性”。在每个土种的典型剖面描述中，一般都包含有采样地点、生境条件、地形部位、海拔高度、母质或母土类型、植被和利用方式、剖面层次、土壤结构及主要理化性状数据等。土壤颜色统一用日制标准比色卡校正，土壤质地按国际制订正名称。生产性能综述：这一内容主要包括土种的耕性和宜种性、肥力状况评述、作物生长表现、存在问题、常年产量、耕作制度、利用改良措拖、生产实践经验及其效果等。1.2.6数据所采用土壤理化分析方法本数据集中土壤理化分析方法主要按全国土壤普查办公室印发的《关于土壤普查省级汇总参考提纲》[7]中有关技术规程中要求的分析项目和分析方法、广东省土壤普查办公室编印的《土壤理化分析方法》，并参照中国科学院南京土壤研究所编写的《土壤理化分析》[8]一书中有关项目的测定方法进行。各指标具体分析测试方法见表5。下载表5土壤理化分析方法表指标名称分析方法指标名称分析方法水分105℃烘干法机械组成甲种比重计法（国际制）pH(H2O)电位法（土∶水=1∶2）pH(K2O)IN氯化钾浸提电位法（土∶液=1∶2）容重环刀法浸水容重量筒、浸水测记法有机质丘林法全磷（高氯酸+硫酸消煮）–钼蓝比色法铵态氮扩散法–中和滴定碱解氮扩散法中和滴定全氮凯氏法–特卡托全自动定氮仪测定速效磷碳酸氢钠浸提（土∶液=1∶2）–钼锑抗比色法全钾氢氧化钠碱熔–火焰光度法速效钾1N中性醋酸铵浸提–火焰光度法缓效钾1N硝酸（土∶液=1∶10）浸提-火焰光度法亚铁邻菲罗啉显色法–全自动流动注射分析仪测定总盐量烘干残渣法土壤阳离子交换量醋酸铵法土壤交换性酸（H++Al3+）氯化钾交换–中和滴定法土壤水解性总酸度醋酸钠水解–中和滴定法交换性钾、钠（中性和酸性土壤）1N醋酸铵浸提–火焰光度法交换性钙、镁(中性和酸性土壤)1N醋酸铵浸提–原子吸收光谱法石灰性土壤交换量草酸铵–氯化铵法石灰性土壤交换性钙、镁1N氯化钠浸提–EDTA容量法坚实度浙江农大土化系等单位制造的土壤坚实度计实地测定",
    "数据描述": "2.1数据库结构“土壤学科领域基础科学数据整合与集成应用（XXH12504-1-02）”项目在数据库设计过程中参照国内外有关土壤资源数据库的关系结构[9-11]，建成一个具有空间分布关系和分类层次关系的关系型数据库，可以根据地点和土壤分类进行查询检索。按照“地点–土种”关系对用户进行导航，即通过“省份->县市名->土种名->土种详细信息”的逻辑层层深入，最终找到用户目标土种的详细信息，包括剖面层次、剖面环境、理化属性等。数据集由9张表组成：（1）土类表：收录了广东土壤中的土类名、土纲名、土类描述等信息，数据集录入过程中参照中国土壤分类与代码（GB17296-2009）对土类名称规范化，并保留原始土类名称。（2）亚类表：收录了广东土壤中的亚类名，数据集在录入过程中增加了相应的第二次全国土壤普查《中国土壤发生分类系统（1980）》规范化的亚类名、以及对应的GB17296-2009亚类名。上述两张表描述土壤发生分类与土壤类型关系的分类信息。一个土类有多个亚类，土类与亚类是一对多的关系。一个亚类有多个土种，亚类与土种也是一对多的关系。查询时可按照规范化的土类名称、亚类名称和土种名称依次查询。（3）土种基本信息表：包括土壤类型名称、一般性描述、分布和地形、面积、成土母质、主要特征、有效土体深度、剖面构型、土壤障碍、生产性能、土地利用等，本数据表内容以文字型为主。（4）土种典型剖面景观信息表：一个土种有一个典型剖面，该表收录了典型剖面的采集地点、母质、年均温、年降雨量、积温、无霜期、植被、土地利用和主要特征等其他信息。（5）土种典型剖面发生层表：描述发生层及其特征，一个土种的垂直剖面有多个不同深度的发生层，土种与发生层是一对多的垂直分布关系，本表收录了发生层的土层名称、厚度、开始和结束深度、颜色、质地、结构、紧实度以及根系情况等，在数据集录入过程中增加了土层厚度字段，对发生层的厚度作了更详尽的描述。（6）土种典型剖面理化性质表：收录了典型剖面土壤有机质、全氮、全磷、全钾、速效养分（氮、磷、钾）、颗粒组成、质地、pH等。一个土种有多个发生层，每个发生层有不同的理化性质。在数据集录入过程中增加了对原始数据单位的转换，并保留了原数据单位及其值，以便溯源。（7）土种统计剖面理化性质表：收录了统计剖面土壤有机质、全氮、全磷、全钾、速效养分（氮、磷、钾）、颗粒组成、质地、pH等。一个土种有多个发生层，每个发生层有不同的理化性质。在数据集录入过程中，本表也同样增加了对原始数据单位的转换，并保留了原数据单位及其值，以溯源。（8）县（市）名与土种关系表：一个土种可能分布于不同的县（市），一个县（市）可能存在多个土种。这些构成了土壤类型的水平分布关系。为了描述地点与土种之间多对多的关系，构建了地点与土种关系表。该表包括土种ID、土种名称、县市代码、县市名等字段。（9）县（市）名表：为了方便从广东省各县（市）查询，设计了县市名表，收录了土种分布地点的县（市），并在录入过程中增加了县（市）的行政代码和近似经纬度数据。2.2数据样本目前数据库只做到了按地点（县市名）查询，为了说明数据集的具体特征，以按地点查询为例，列出广东省按县市查询土种信息的典型样本截图，以便使用者溯源定位、理解数据集内涵。例如：（1）查询到广东的县市以及地理分布信息（图1）。（3）选择湛江市，得到广东湛江市分布有的土种基本信息（图2）。（3）再选择固沙土，得到广东湛江市固沙土土种的分布、主要性状、典型剖面景观、发生层以及理化性质（图3）。图1广东县市及地理位置信息图2广东湛江市分布有的土种信息图3广东湛江市固沙土土种的详细信息",
    "数据质量": "3.1数据采录质量保证本数据集的建设是在中国科学院信息化专项“土壤学科领域基础科学数据整合与集成应用”项目的支持下完成的，其中数据库设计、标准规范由项目主持单位中国科学院南京土壤所统一制定，数据集的录入校正由中国科学院亚热带农业生态研究所于2014～2015年完成。根据《广东省土种志》原书数据特征，在数据录入过程中相较于统一设计的数据库模板增减了部分字段，数据完整性和一致性经人工抽查基本无误。在完成过程中，依据原始资料对各数据字段、单位和数值进行了复核并依据法定计量单位进行了校正；建立了数据库设计文档，具备数据字典和关系结构图等完整的文档资料。完成录入的数据集于2015年提交中国科学院南京土壤研究所入库。3.2数据采录质量控制具体措施3.2.1法定计量单位转换典型剖面理化性质表和统计剖面理化性质表中的有机质、全氮、全磷、全钾原始数据，单位为％，录入数据并检查无误后，保留原始数据字段，同时按照法定计量单位增添新的数据字段，将单位更新为法定计量单位g/kg，并录入经过重新计算的数据。3.2.2采样的深度表示原始数据发生层深度用每个发生层最上深度和最下深度（如0～20cm）表示。在录入本数据集的过程中，将数据分解为两列，字段名分别为发生层开始深度和结束深度；同时为了更好地表示发生层的相对厚度和绝对厚度，在数据录入检查无误后，增添土层厚度字段，如发生层开始深度为10cm，结束深度为34cm，则土层厚度为24cm。3.2.3土壤分类的规范化为了与现存的中国土壤分类系统统一，在《广东土种志》中的土类表、亚类表中均增加了与国标（GB/T17296-2009）的对照。3.2.4行政地点的规范化和更新《广东土种志》从数据调查到成书经历了近20年的时间，而该书的出版距今也有20余年的时间了，这期间，我国的行政地点名称和归属有较大变化。为了方便查询并与现在的县市名对应，数据集中增加了老县市名字段，用以表示原书中所述现在已变更的县市名。此外，为了查询方便，增添与土种分布相关的省、市、县行政区划代码（GB/T2260-2007）[12]和市、县近似经纬度。3.2.5数据类型约定数据的基本类型为文本、数字、备注等。依据原始数据，对数据精度进行了设置。由于原始数据有缺失，空值在数据传输中数字型字段易人为形成“0”，故对于数据缺失较多的字段，用文本型“null”表示。",
    "结语": "土壤是一个国家最重要的自然资源，是农业发展的物质基础。土种是基层土壤分类的基本单元，是密切联系生产的纽带，它为因土利用种植、因土配方施肥、因土耕作排灌、因土改土培肥提供科学依据，也可以作为农业结构布局、土壤资源利用和保护、土壤碳/氮储量估算、土壤养分变化动态、土壤系统分类研究的基础数据。本数据集的建立也对充分高效利用土壤资源信息，实现土壤资源信息共享具有重要的现实意义。在第二次全国土壤普查背景下产生的《广东省土种志》，也是目前为止公开出版的最权威、最齐备、最详尽的广东省土壤调查第一手资料。在使用本数据集时需注意：（1）《广东土种志》在编撰过程中，因有些土种面积小，材料不足，故将它们归并于同土属的其它土种，因此本数据集中列出的土种数量与实际的数量相比偏少，而有些土种的面积比其实际统计面积大些。（2）限于原书编撰时编者的经验和水平，对一些土种典型经验总结不够，在论述其生产性能，特别是改良利用措施方面，出现重复或限于理论性的说明，未能充分反映各土种的特点。（3）全国第二次土壤普查后期，对土壤质地分析的要求，全国统一改用国际制，而广东省土壤质地分析数据除省骨干剖面是沿用国际制外，市（地）、县级样本的分析数据是按前期要求采用卡氏制，后为了与全国一致，按“全国土办”要求经计算机统一程序转化成国际制。另外，本数据集除存储在ScienceDataBank（http://www.sciencedb.cn/dataSet/handle/460）外，并在中国土壤数据库网站（http://vdb3.soil.csdb.cn/front/detail-中南红壤区土壤综合数据库$zn_location_name?id=440000）发布，用户不需注册，可直接进入页面查询详细数据信息。",
    "引用格式": "尹春梅. 广东土种志——基于全国第二次土壤普查数据集 [DB/OL]. Science Data Bank, 2017. (2017-07-26). DOI: 10.11922/sciencedb.460."
}