{
    "类目名称": "中巴经济走廊专题",
    "名称": "1961–2017年中巴经济走廊北端东帕米尔高原极端升温过程数据集",
    "资源信息链接地址": "http://www.sciencedb.cn/dataSet/handle/595",
    "摘要": "摘要：中巴经济走廊北端穿越帕米尔高原，周边地形复杂，生态环境脆弱，灾害多样且频发。极端升温引起的冰雪消融是主要的水文气象灾害之一，备受社会和科学界关注。本文基于中巴经济走廊北端东帕米尔高原中国境内3个长序列观测气象站1961–2017年的逐日气温数据，定义并计算了单站升温日、升温过程（初日、终日及持续日数）、过程升温幅度、不同时段升温幅度等升温过程指标，建立了逐站升温过程数据集，并根据极端事件指标，建立了极端升温过程数据集。本数据集可以作为全球变暖背景下中巴经济走廊北端帕米尔高原区域的极端升温事件发生频率和趋势探测分析的材料，为中巴经济走廊帕米尔高原区域的融冰（雪）洪水预警提供数据支撑，应对降低气候变暖背景下中巴经济走廊北端帕米尔高原区域冰雪洪水灾害风险。",
    "关键词": "中巴经济走廊；帕米尔高原；极端升温过程；气象站点",
    "参考引用": [
        {
            "名称": "沈永平, 王国亚. IPCC第一工作组第五次评估报告对全球气候变化认识的最新科学要点[J]. 冰川冻土, 2013, 35 (5): 1068-1076.",
            "资源信息链接地址": "http://xueshu.baidu.com/s?wd= IPCC第一工作组第五次评估报告对全球气候变化认识的最新科学要点"
        },
        {
            "名称": "施雅风, 沈永平, 胡汝骥. 西北气候由暖干向暖湿转型的信号影响和前景初步探讨[J]. 冰川冻土, 2002, 24 (3): 219-226.",
            "资源信息链接地址": "http://xueshu.baidu.com/s?wd= 西北气候由暖干向暖湿转型的信号影响和前景初步探讨"
        },
        {
            "名称": "JIANG Y A, CHEN Y, ZHAO Y Z, et al. Analysis on changes of basic climatic elements and extreme events in Xinjiang, China during 1961–2010[J]. Advances in Climate Change Research, 2013, 4 (1): 20-29.",
            "资源信息链接地址": "http://xueshu.baidu.com/s?wd= Analysis on changes of basic climatic elements and extreme events in Xinjiang, China during 1961–2010"
        },
        {
            "名称": "章曙明, 王志杰, 尤平达, 等. 新疆地表水资源研究[M]. 北京: 中国水利水电出版社, 2008.",
            "资源信息链接地址": "http://xueshu.baidu.com/s?wd= 新疆地表水资源研究"
        },
        {
            "名称": "沈永平, 苏宏超, 王国亚, 等. 新疆冰川、积雪对气候变化的响应(I): 水文效应[J]. 冰川冻土, 2013, 35 (3): 513-527.",
            "资源信息链接地址": "http://xueshu.baidu.com/s?wd= 新疆冰川、积雪对气候变化的响应(I): 水文效应"
        },
        {
            "名称": "沈永平 , 王顺德, 王国亚, 等. 塔里木河流域冰川洪水对全球变暖的响应[J]. 气候变化研究进展, 2006, 2 (1): 32-35.",
            "资源信息链接地址": "http://xueshu.baidu.com/s?wd= 塔里木河流域冰川洪水对全球变暖的响应"
        },
        {
            "名称": "沈永平 , 苏宏超, 王国亚, 等. 新疆冰川、积雪对气候变化的响应(Ⅱ): 灾害效应[J]. 冰川冻土, 2013, 35 (6): 1355-1370.",
            "资源信息链接地址": "http://xueshu.baidu.com/s?wd= 新疆冰川、积雪对气候变化的响应(Ⅱ): 灾害效应"
        },
        {
            "名称": "毛炜峄, 陈鹏翔, 沈永平. 气候变暖背景下2015年夏季新疆极端高温过程及其影响[J]. 冰川冻土, 2016, 38(2): 291-304.",
            "资源信息链接地址": "http://xueshu.baidu.com/s?wd= 气候变暖背景下2015年夏季新疆极端高温过程及其影响"
        },
        {
            "名称": "毛炜峄, 张旭, 杨志华, 等. 卫星遥感首次监测到准噶尔盆地西北部的冬季融雪洪水[J]. 冰川冻土, 2010, 32 (1): 211-214.",
            "资源信息链接地址": "http://xueshu.baidu.com/s?wd= 卫星遥感首次监测到准噶尔盆地西北部的冬季融雪洪水"
        },
        {
            "名称": "任福民, 翟盘茂. 1951–1990年中国极端气温变化[J]. 大气科学, 1998, 22 (2): 217-227.",
            "资源信息链接地址": "http://xueshu.baidu.com/s?wd= 1951–1990年中国极端气温变化"
        },
        {
            "名称": "周雅清 , 任国玉. 中国大陆1956–2008年极端气温事件变化特征分析[J]. 气候与环境研究, 2010, 15 (4): 406-417.",
            "资源信息链接地址": "http://xueshu.baidu.com/s?wd= 中国大陆1956–2008年极端气温事件变化特征分析"
        },
        {
            "名称": "毛炜峄, 张祖莲. 1951–2015年乌鲁木齐市升温过程频数及强度气候特征[J]. 沙漠与绿洲气象, 2016, 10 (6): 11-18.",
            "资源信息链接地址": "http://xueshu.baidu.com/s?wd= 1951–2015年乌鲁木齐市升温过程频数及强度气候特征"
        },
        {
            "名称": "毛炜峄, 姚俊强, 曹兴. 1951–2015年乌鲁木齐市极端升温过程气候变化特征[J]. 气候变化研究进展, 2017, 13 (3): 213-222.",
            "资源信息链接地址": "http://xueshu.baidu.com/s?wd= 1951–2015年乌鲁木齐市极端升温过程气候变化特征"
        },
        {
            "名称": "周玉科, 高琪. 1960~2012年青藏高原极端气候指数数据集[J/OL]. 中国科学数据, 2017, 2 (2).:70-78.  DOI: 10.11922/csdata.170.2017.0143.",
            "资源信息链接地址": "http://xueshu.baidu.com/s?wd= 1960~2012年青藏高原极端气候指数数据集"
        }
    ],
    "作者": [
        {
            "姓名": "毛炜峄",
            "机构": [
                "中国气象局乌鲁木齐沙漠气象研究所",
                "Institute of Desert Meteorology, China Meteorological Administration, Urumqi 830002, P. R. China",
                "中国气象局塔克拉玛干沙漠气象野外科学试验基地",
                "Taklimakan Desert Field Base for Meteorological Scientific Experiment, China Meteorological Administration, Urumqi 830002, P. R. China"
            ],
            "贡献": "主要承担工作：数据产品设计与关键技术实现。 ",
            "简介": "（1969—），男，新疆人，研究员，主要研究方向为短期气候预测。"
        },
        {
            "姓名": "姚俊强",
            "机构": [
                "中国气象局乌鲁木齐沙漠气象研究所",
                "Institute of Desert Meteorology, China Meteorological Administration, Urumqi 830002, P. R. China",
                "中国气象局塔克拉玛干沙漠气象野外科学试验基地",
                "Taklimakan Desert Field Base for Meteorological Scientific Experiment, China Meteorological Administration, Urumqi 830002, P. R. China"
            ],
            "贡献": "主要承担工作：基础数据收集及论文撰写。",
            "简介": "（1987—），男，甘肃通渭人，博士，副研究员，主要研究方向为气候变化与水循环。"
        },
        {
            "姓名": "陈静",
            "机构": [
                "中国气象局乌鲁木齐沙漠气象研究所",
                "Institute of Desert Meteorology, China Meteorological Administration, Urumqi 830002, P. R. China",
                "中国气象局塔克拉玛干沙漠气象野外科学试验基地",
                "Taklimakan Desert Field Base for Meteorological Scientific Experiment, China Meteorological Administration, Urumqi 830002, P. R. China"
            ],
            "贡献": "主要承担工作：基础数据处理及论文撰写。",
            "简介": "（1992—），女，山东临沂人，硕士，助理研究员，主要研究方向为极端天气气候事件及变化。"
        }
    ],
    "基金": "国家自然科学基金项目（U1503181、41605067、41375101）",
    "数据集名称": "1961–2017年中巴经济走廊北端东帕米尔高原极端升温过程数据集",
    "数据作者": "毛炜峄（mao6991@vip.sina.com）",
    "时间范围": "1961–2017年",
    "空间范围": "中巴经济走廊北端东帕米尔高原山区中国段，包括3个气象观测站",
    "时间分辨率": "日",
    "数据量": "1.22 MB",
    "数据格式": "CSV",
    "数据组成": "本数据集由12个文件（CSV）组成，每个测站2个升温过程数据文件，1个是该站所有升温过程数据文件，1个极端升温过程数据文件。另外，还有乌恰站的日最高气温、日平均气温及其对应的距平和多年平均值共6个文件。升温过程数据文件中包括该站1961年1月1日至2017年12月31日的所有升温过程相关要素结果，数据文件命名规则：Temperature-rising+气象测站编号+1961-2017.CSV。每次升温过程均包括13个要素：升温过程开始日期（年 、月、日），结束日 期（年、月、日），过程持续日数，过程升温幅度，过程中最大24 h、48 h及72 h升温幅度（若过程不足2 d则48 h、72 h升温幅度空缺；若不足3 d，则72 h升温幅度空缺），过程极端最高气温，过程日气温距平幅度最大值。升温过程数据文件命名规则为：temperature_rising_process_XXXXX_1961_2017.CSV（XXXXX表示WMO统一的气象台站编号）每个文件数据量根据该站升温过程数量多少而有差异，未压缩数据量大约为253–282 KB。在此基础上又整理了该站极端升温过程数据文件，数据文件命名规则：extreme_temperature_rising_process_PER05_XXXXX_1961_2017.CSV（XXXXX表示WMO统一的气象台站编号），文件中每次升温过程要素与上一个文件相同，多了1项综合强度指数。文件数据量根据各站升温过程数量多少而有差异，未压缩数据文件大约为15–17 KB。乌恰日平均气温文件命名为temperature_day_51705-1961_2017.CSV，日最高气温文件命名为temperature_day_max_51705-1961_2017.CSV，未压缩数据文件大约为100–102 KB。日平均气温距平文件命名为temperature_day_ano_51705-1961_2017.CSV，日最高气温距平文件命名为temperature_day_max_ano_51705-1961_2017.CSV，未压缩数据文件大约为95 KB。日平均气温多年平均值文件命名为temperature_day_ave_51705-1961_2017.CSV，日最高气温多年平均值文件命名为temperature_day_max_ave_51705-1961_2017.CSV，未压缩数据文件大约为2 KB。",
    "数据采集和处理方法": "1.1站点分布本文所采用的原始气象站观测资料来源于新疆气候中心气候业务数据库，气象观测站点主要分布于中巴经济走廊北端帕米尔高原区域，气象观测站高程范围在2177–3507m，分布在中华人民共和国新疆维吾尔自治区，主要包括塔什库尔干、吐尔尕特和乌恰3个气象站点，各站的经、纬度和海拔高度等信息见表1。下载表1中巴经济走廊北端东帕米尔高原中国区域气象测站地理参数表站名气象测站编号（WMO统一）纬度（N）经度（E）海拔高度（m）年份塔什库尔干5180437°47′75°14′3093.71961–2017吐尔尕特5170140°31′75°24′3507.21961–2017乌恰5170539°43′75°15′2177.51961–20171.2数据生产流程1.2.1升温过程基本要素定义确定了极端升温过程指标[12-13]：单站升温日，单站升温过程（初日、终日及持续日数），过程升温幅度过程内最大24h、48h和72h不同时段升温幅度，以及过程极端最高气温和过程日最高气温距平偏高幅度最大值。指标定义见表2。下载表2升温过程指标及其含义概念定义升温日测站日最高气温较前一天上升，即当天与前一天的日最高气温差值ΔT24＞0℃，则定义为一个气温上升日，简称为升温日升温过程、过程初日（GCCR）及终日（GCZR）测站24h变温ΔT24由≤0℃转为＞0℃的第一天定义为升温过程初日，持续到ΔT24再次出现≤0℃的前一天，称为升温过程终日，从过程初日到终日称为一次升温过程持续日数（CXRS）过程初终日之间（含初、终日）的天数称为升温过程持续日数升温幅度（FD）升温过程终日与过程初日的前一天之间的日最高气温差定义为过程升温幅度最大24h升温幅度（FD24）过程中所有ΔT24中的上升幅度最大者称之为过程最大24h升温最大48h升温幅度（FD48）过程中所有ΔT48中的上升幅度最大者称之为过程最大48h升温；如果升温过程持续不足2d，则过程最大48h升温不统计最大72h升温幅度（FD72）过程中所有ΔT72中的上升幅度最大者称之为过程最大72h升温，如果升温过程持续不到3d，那么过程最大72h升温不统计最高气温（TG）过程终日的日最高气温值日最高气温距平最大偏高幅度（JP）过程中所有日最高气温与同日多年平均值之差的最大值1.2.2升温过程计算流程1.基本数据准备：（1）使用经过质量控制的测站逐日最高气温资料，分别计算逐日24h、48h和72h变温；（2）计算1961–2017年逐日最高气温57年平均值，每天的平均气温再进行5天滑动平均值；（3）根据逐日最高气温资料及其多年平均资料，计算逐日的气温距平值。基于日最高气温的变温数据。计算逐日的24h变温数据时，使用当天的日最高气温与之前第1天的最高气温相减，得到的差值记为当天的24h变温数据，1961年1月1日的24h变温数据使用了1960年12月31日的日最高气温资料；同样，分别计算当天与之前第2天、第3天的日最高气温的差值，1961年1月1日的48h和72h的变温数据使用了1960年12月29、30、31日的日最高气温资料。最终得到1961年1月1日至2017年12月31日的逐日24h、48h和72h变温数据。日最高气温多年平均数据。每个测站1961年1月1日至2017年12月31日的日最高气温多年平均数据取57年平均，分别计算了1月1日到12月31日的57年（1961–2017年）平均值，对于闰年的2月29日，则是将57年中14年样本数据进行了平均。然后在将1月1日到12月31日的日平均值再次用前后各2天的数值进行5天滑动平均计算，最后得到多年平均的1月1日到12月31日的57年平均值数据。日最高气温距平数据。使用1961年1月1日到2017年12月31日的逐日最高气温资料分别减去当天的多年平均值，得到该站1961年1月1日到2017年12月31日的日最高气温距平数据。2.升温过程判识：（1）根据表2给出的升温过程定义，使用逐日的24h变温数据资料，判识升温过程的开始、结束日期；（2）结合日最高气温及其距平，以及逐日的24h、48h和72h变温值，判识给出升温过程时段内的过程最大24h、48h和72h升温幅度，并给出过程极端最高气温和过程日最高气温距平幅度最大值。得到逐次升温过程的各要素值，形成每站的升温过程数据集文件。将上述描述升温过程开始、结束的具体日期以及过程持续日数，再加上经过识别得到的过程升温幅度、过程内最大24h、48h、72h升温幅度，以及过程内最大距平幅度和极端最高值，构成一次升温过程的各个要素。将测站1961年1月1日至2017年12月31日所有升温过程的上述要素整理形成该站的升温过程数据集文件。1.2.3极端升温过程计算流程单要素强度指标计算。根据该站升温过程数据集，分别分析过程升温幅度、过程最大24h升温幅度、过程极端最高气温和过程日最高气温距平幅度最大值4个要素的标准化值，作为单要素强度指标，4个单要素指标能够从不同角度定量表征升温过程强度。基于4要素的综合强度指标计算。每个过程的4个单要素强度指标中，过程升温幅度（IZFD）指标反映了升温过程整体强度，过程最大24h升温幅度（IZFD24）指标反映了升温过程中短时升温强度，过程极端最高气温（IZTG）指标反映了升温过程中绝对最高温度强度，过程日最高气温距平幅度最大值（IZJP）指标反映了升温过程中日最高气温与历年同期平均值的偏离程度。采用上述4个单要素强度特征量标准化指数的等权重之和，作为单站升温过程强度综合评估指标IZ4，计算公式为：IZ4＝IZFD＋IZFD24＋IZTG＋IZJP（1）根据综合指数IZ4由高到低顺序排列，取前5％的升温过程形成极端升温过程数据集文件。",
    "数据描述": "本数据集最终包含中巴经济走廊北端东帕米尔高原中国境内3个站点的升温过程数据和极端升温过程数据文件，存储为CSV格式文件。每次升温过程包含13个要素，分别为：升温过程初日（年、月、日），终日（年、月、日），持续日数，过程升温幅度，过程内最大24h、48h和72h不同时段升温幅度，以及过程极端最高气温和过程日气温距平偏高幅度最大值。极端升温过程数据文件中还包括基于过程升温幅度、24h升温幅度、过程极端最高气温和过程日气温距平偏高幅度最大值4个单要素计算的综合强度的百分位排位方法得到的极端升温过程数据。每次过程包含有上述过程的13个要素外，还包括综合强度指标值，共计14个要素。文件第1行给出了各列数据对应的字段名，从左到右共计14个字段名，表示含义见表3。数据文件以英文名称命名，例如塔什库尔干站（台站号：51804）的升温过程数据文件命名为temperature_rising_process_51804_1961_2017.CSV，极端升温过程数据文件命名为extreme_temperature_rising_process_PER05_51804_1961_2017.CSV。另外，还整理了乌恰站（51705）的日最高气温、日平均气温及其对应的距平和多年平均值共6个数据文件。日最高气温数据文件命名为：temperature_day_max_51705_1961_2017.CSV，日最高气温距平数据文件命名为：temperature_day_max_ano_51705_1961_2017.CSV，日最高气温多年平均值数据文件命名为：temperature_day_max_ave_51705_1961_2017.CSV。日平均气温数据文件命名为：temperature_day_51705_1961_2017.CSV，日平均气温距平数据文件命名为：temperature_day_ano_51705_1961_2017.CSV，日平均气温多年平均值数据文件命名为：temperature_day_ave_51705_1961_2017.CSV。下载表3极端升温过程数据集文件中14个字段名说明字段名说明字段名说明INDEX综合强度指数FUDU过程升温幅度YEAR1升温过程开始日期——年TTGG过程最高气温MON1升温过程开始日期——月TTJP过程最大气温距平DAY1升温过程开始日期——日FD24过程最大24h升温幅度YEAR2升温过程结束日期——年FD48过程最大48h升温幅度MON2升温过程结束日期——月FD72过程最大72h升温幅度DAY2升温过程结束日期——日DAYS升温过程持续日数在乌恰的1961–2017年日最高气温以及日平均气温数据文件中，每行都有32个数据，第1行表示测站号以及1–31日期顺序，从第2行开始每12行为1个完整年，每个月1行，第1列字段标识出年月（如，196101，表示1961年1月），之后对应给出1–31日的数值，其中1、3、5、7、8、10和12月的1–31日数据齐全，而4、6、9、11月的31日对应位置赋值为9999，平年的2月29、30、31日以及闰年的2月30、31日对应位置赋值为9999。日最高气温距平、日平均气温距平文件的数据格式同上。日最高气温多年平均值文件和日平均气温的多年平均值文件格式同上述文件中的闰年格式相同，第1行表示测站号以及1–31日期顺序，之后12行表示1–12月的逐日多年，每行格式为“0000”+月份编码，月份编码为当月数值用2位数表示，不足2位的在十位上补“0”（例如，1月表达为“000001”，10月表达为“000010”）。",
    "数据质量": "3.1数据初步质量控制数据质量控制是计算测站升温过程的必要步骤，测站原始观测数据的异常值及错误会导致计算升温过程错误，影响数据集后续应用分析。帕米尔高原地区气象测站稀疏，在中国境内仅有3个气象站（51804、51701、51705）有长序列观测记录，在帕米尔高原区域的其他国家没有长序列气象观测。帕米尔高原以及青藏高原受关注程度越来越高，周玉科等[14]在制作1960–2012年青藏高原极端气候指数数据集时，不仅使用了塔什库尔干（站号51804）站的日资料，还重点对该站的日气温、降水资料质量进行了分析。我们选定的3个长序列观测气象测站的日气温资料均来自新疆气候中心，经过了气候业务初步质量控制。首先，检验3个测站从1961年1月1日到2017年12月31日的日气温均没有缺测值；其次，进行了逻辑值异常判断，对每个测站逐日的日最高气温（Tmax）与日平均气温（Tave）、日最低气温（Tmin）进行比较，3个日气温数据间的逻辑关系由大到小排列依次为Tmax、Tave和Tmin。该区域的中国气象测站的初始观测数据质量是可靠的。3.2极端升温过程产品评估以综合强度指数（IZ4）为指标，1961–2017年塔什库尔干、吐尔尕特、乌恰3站最强的10次升温过程大多出现在冬春时节（表4–6）。塔什库尔干站最强升温过程出现在2008年2月20–21日，乌恰站最强升温过程出现在1976年4月18–20日，吐尔尕特站最强升温过程出现在1971年3月9–16日。下载表41961–2017年塔什库尔干站综合强度最强的10次升温过程综合强度指数过程开始日期过程结束日期过程持续日数/d过程强度要素/℃年月日年月日过程升温幅度最高气温最大距平24h升温幅度48h升温幅度72h升温幅度13.59320082202008221215.38.27.715.215.30.012.50820061272006128218.63.16.612.918.60.010.7912016122720161229314.88.912.58.713.114.810.5082008122320081224216.33.37.010.816.30.010.0731969281969210317.72.74.410.616.217.79.97019951261995126112.52.86.312.50.00.09.883200436200438312.017.612.97.311.312.09.26719922251992227318.03.61.810.213.718.09.0201974227197432416.57.54.38.910.615.68.90220053122005313210.218.812.46.810.20.0下载表51961–2017年乌恰站综合强度最强的10次升温过程综合强度指数过程开始日期过程结束日期过程持续日数/d过程强度要素/℃年月日年月日过程升温幅度最高气温最大距平24h升温幅度48h升温幅度72h升温幅度17.05519764181976420324.024.06.322.322.924.012.74819661281966128116.013.314.116.00.00.010.283196945196947317.622.49.210.714.217.69.85519661211966123317.711.57.712.916.317.79.788200434200438517.120.614.17.58.49.99.3611988111119881114415.519.211.29.613.114.29.32619774271977430416.821.52.813.113.513.89.319198822198824315.118.117.96.111.915.19.2851993122319931225314.510.69.812.714.214.59.28119964131996416420.024.57.57.613.618.2下载表61961–2017年吐尔尕特站综合强度最强的10次升温过程综合强度指数过程开始日期过程结束日期过程持续日数/d过程强度要素/℃年月日年月日过程升温幅度最高气温最大距平24h升温幅度48h升温幅度72h升温幅度11.4361971391971316820.49.211.37.510.611.710.57820062172006218215.20.27.313.515.20.09.90019871221987125419.60.48.98.516.319.29.82619743171974320415.710.212.26.710.112.39.405196945196946211.410.910.49.511.40.09.06120093112009312213.35.78.99.713.30.08.96819871241987128515.72.58.19.211.111.88.69819802101980213415.73.310.27.39.711.98.6951982102819821030316.91.50.612.514.716.98.5931969112919691129112.90.04.512.90.00.0",
    "数据价值": "极端气候事件的发生频率及发展趋势对气候变化的分析及评价具有直接影响，本数据集可以和常规气象观测数据配合使用，用于探索中巴经济走廊中国境内区域极端升温气候变化趋势及空间特征。本数据集也可以用来与当地冰雪融水灾害统计数据做关联分析，评估极端气候事件对冰川和融水的可能影响。本数据集共享了中巴经济走廊北端东帕米尔高原中国境内3个气象观测站点1961–2017年内的极端升温过程的14项要素，数据文件为CSV格式，便于后续处理与应用，用户可根据实际情况选择性地下载数据。",
    "引用格式": "毛炜峄, 姚俊强, 陈静. 1961–2017年中巴经济走廊北端帕米尔高原区域极端升温过程数据集[DB/OL]. Science Data Bank, 2018. (2018-05-15). DOI: 10.11922/sciencedb.595."
}