{
    "类目名称": "中巴经济走廊专题",
    "名称": "2017年中巴经济走廊冻土分布数据集",
    "资源信息链接地址": "http://www.crensed.ac.cn/portal/metadata/95e66f86-f868-429f-b62e-a526df42c566",
    "摘要": "摘要：中巴经济走廊穿越帕米尔高原和喀喇昆仑山系，在海拔4000 m以上区域广泛发育和分布着多年冻土冻融作用导致的多种地质灾害。研究中巴经济走廊冻土分布和制图是解决其实际工程问题的基础，也对水资源利用、生态安全和边防建设有重要意义。研究区大致空间范围大致为23°47′N–40°55′N，60°20′E–80°16′E，包括中国新疆喀什地区、克孜勒苏柯尔克孜自治州以及巴基斯坦全境。本文收集了2013–2017年MODIS地表温度数据，2009年中国帕米尔高原冰川编目数据，2003–2004年巴基斯坦冰川编目数据和2008年世界土壤数据库（HWSDv1.2），基于多年冻土顶板温度模型（TTOP）得到中巴经济走廊多年冻土分布数据（GeoTIFF格式，空间分辨率1 km）。采用统计学中的决定系数对数据制备方法进行分析和评估，并通过现有文献资料对数据结果质量进行验证。本数据集可作为中巴经济走廊多年冻土变化的本底调查资料，为该区域工程建设中冻胀融沉研究提供基础数据支撑，也可与气候、水文等数据综合分析，揭示中巴经济走廊喀喇昆仑山区水–土–气–生之间定量联系，深化对该区域气候变化背景下生态环境和可持续发展的科学认识。",
    "关键词": "中巴经济走廊；多年冻土分布；TTOP模型；MODIS地表温度",
    "参考引用": [
        {
            "名称": "ZHANG T, BARRY R G, KONWLES K, et al. Statistics and characteristics of permafrost and ground-ice distribution in the Northern Hemisphere[J]. Polar Geogr, 1999, 23: 132-154.",
            "资源信息链接地址": "http://xueshu.baidu.com/s?wd= Statistics and characteristics of permafrost and ground-ice distribution in the Northern Hemisphere"
        },
        {
            "名称": "SHENG Y, ZHANG J M, LIU Y Z, et al. Thermal regime in the embankment of Qinghai-Tibet Highway in permafrost regions[J]. Cold Regions Sci Technol, 2002, 35: 25-44.",
            "资源信息链接地址": "http://xueshu.baidu.com/s?wd= Thermal regime in the embankment of Qinghai-Tibet Highway in permafrost regions"
        },
        {
            "名称": "WU Q B, CHENG G D, MA W, et al. Technical approaches on permafrost thermal stability for Qinghai-Tibet Railway[J]. Geomech Geoeng: Int J, 2006, 1: 119-127.",
            "资源信息链接地址": "http://xueshu.baidu.com/s?wd= Technical approaches on permafrost thermal stability for Qinghai-Tibet Railway"
        },
        {
            "名称": "MA W, MU Y, LI G, et al. Responses of embankment thermal regime to engineering activities and climate change along the Qinghai-Tibet Railway(in Chinese)[J]. Scientia Sinica Terrae, 2013, 43: 478-489.",
            "资源信息链接地址": "http://xueshu.baidu.com/s?wd= Responses of embankment thermal regime to engineering activities and climate change along the Qinghai-Tibet Railway(in Chinese)"
        },
        {
            "名称": "SMITH M W, RISEBOROUGH D W. Permafrost monitoring and detection of climate change[J]. Permafrost and Periglacial Process, 1996, 7: 301-309.",
            "资源信息链接地址": "http://xueshu.baidu.com/s?wd= Permafrost monitoring and detection of climate change"
        },
        {
            "名称": "HENRY K, AND M W. Smith 2001. A Model-Based Map of Ground Temperatures for the Permafrost Regions of Canada[J]. Permafrost and Periglacial Processes, 2001, 12: 389-398.",
            "资源信息链接地址": "http://xueshu.baidu.com/s?wd= Smith 2001. A Model-Based Map of Ground Temperatures for the Permafrost Regions of Canada"
        },
        {
            "名称": "WRIGHT JF, DUCHESNE C, COTE M M. Regional-scale permafrost mapping using the TTOP ground temperature model[C]. In Proceedings of the Eighth International Conference on permafrost. Zurich, Switzerland, Lisse, 2003.",
            "资源信息链接地址": "http://xueshu.baidu.com/s?wd= Regional-scale permafrost mapping using the TTOP ground temperature model"
        },
        {
            "名称": "WAY R G, LEWKOWICZ A G. Modelling the spatial distribution of permafrost in Labrador–Ungava using the temperature at the top of permafrost[J/OL]. Canadian Journal of Earth Sciences, 2016, 53(10): 1010-1028. https://doi.org/10.1139/cjes-2016-0034.",
            "资源信息链接地址": "http://xueshu.baidu.com/s?wd= Modelling the spatial distribution of permafrost in Labrador–Ungava using the temperature at the top of permafrost"
        },
        {
            "名称": "刘时银, 郭万钦. 中国帕米尔高原第二次冰川编目数据集(V1.0)[J/OL]. 寒区旱区科学数据中心, 2014. DOI:10.3972/glacier.004.2013.db.",
            "资源信息链接地址": "http://xueshu.baidu.com/s?wd= 中国帕米尔高原第二次冰川编目数据集(V1.0)"
        },
        {
            "名称": "MOOL P K, BAJRACHARYA S R, SHRESTHA B, et al. Inventory of Glaciers and Glacial Lakes and the Identification of Potential Glacial Lake Outburst Floods (GLOFs) Affected by Global Warming in the Mountains of Himalayan Region(Indus Basin Pakistan Himalaya) [M]. Kathmandu, Nepal: ICIMOD, 2005.",
            "资源信息链接地址": "http://xueshu.baidu.com/s?wd= Inventory of Glaciers and Glacial Lakes and the Identification of Potential Glacial Lake Outburst Floods (GLOFs) Affected by Global Warming in the Mountains of Himalayan Region(Indus Basin Pakistan Himalaya) "
        },
        {
            "名称": "李述训, 程国栋. 冻融土中的水热运输问题[M]. 兰州: 兰州大学出版社, 1995.",
            "资源信息链接地址": "http://xueshu.baidu.com/s?wd= 冻融土中的水热运输问题"
        },
        {
            "名称": "王之夏. 多年冻土分布模型在青藏高原的应用研究[D]. 兰州: 兰州大学, 2010.",
            "资源信息链接地址": "http://xueshu.baidu.com/s?wd= 多年冻土分布模型在青藏高原的应用研究"
        },
        {
            "名称": "JOHANSEN O. Thermal Conductivity of Soil[D]. Trondheim: University of Trondheim, Norway, 1975.",
            "资源信息链接地址": "http://xueshu.baidu.com/s?wd= Thermal Conductivity of Soil"
        },
        {
            "名称": "LI X, CHENG G D, WU Q B et al. Modeling Chinese cryospheric change by using GIS technology[J]. Cold Regions Science and Technology, 2003, 36(1-3): 1-9.",
            "资源信息链接地址": "http://xueshu.baidu.com/s?wd= Modeling Chinese cryospheric change by using GIS technology"
        },
        {
            "名称": "张学进. 中巴公路沿线地质灾害分布特征及防治[J]. 重庆工商大学学报(自然科学版). 2013, 30(2): 45-50.",
            "资源信息链接地址": "http://xueshu.baidu.com/s?wd= 中巴公路沿线地质灾害分布特征及防治"
        },
        {
            "名称": "朱颖彦, 杨志全, 廖丽萍. 中巴喀喇昆仑公路冰川地貌地质灾害[J]. 灾害学, 2014, 2014(3): 81-90.",
            "资源信息链接地址": "http://xueshu.baidu.com/s?wd= 中巴喀喇昆仑公路冰川地貌地质灾害"
        }
    ],
    "作者": [
        {
            "姓名": "艾鸣浩",
            "机构": [
                "中国科学院西北生态环境研究院 科学大数据中心 兰州  730070",
                "Scientific Big Data Center  , Northwest Institute of Eco-Environment and Resources, Chinese Academy of Sciences, Lanzhou  730000, P.R. China",
                "国家特殊环境、特殊功能观测研究台站共享服务平台  平台服务中心 兰州  730070",
                "Service Center  , National Special Environment and Function of Observation and Research Stations Shared Service Platform, Lanzhou  730070, P.R. China"
            ],
            "贡献": "主要承担工作：时间序列地表温度重建， 模型流程设计与实现。",
            "简介": "（1986—），男，山东省济宁市人，硕士，工程师，研究方向为寒旱区大数据应用。"
        },
        {
            "姓名": "张耀南",
            "机构": [
                "中国科学院西北生态环境研究院 科学大数据中心 兰州  730070",
                "Scientific Big Data Center  , Northwest Institute of Eco-Environment and Resources, Chinese Academy of Sciences, Lanzhou  730000, P.R. China",
                "国家特殊环境、特殊功能观测研究台站共享服务平台  平台服务中心 兰州  730070",
                "Service Center  , National Special Environment and Function of Observation and Research Stations Shared Service Platform, Lanzhou  730070, P.R. China"
            ],
            "贡献": "主要承担工作：数据处理流程设计。",
            "简介": "（1966—），男，甘肃省天水市人，博士，研究员，研究方向为地学大数据。"
        },
        {
            "姓名": "康建芳",
            "机构": [
                "中国科学院西北生态环境研究院 科学大数据中心 兰州  730070",
                "Scientific Big Data Center  , Northwest Institute of Eco-Environment and Resources, Chinese Academy of Sciences, Lanzhou  730000, P.R. China",
                "国家特殊环境、特殊功能观测研究台站共享服务平台  平台服务中心 兰州  730070",
                "Service Center  , National Special Environment and Function of Observation and Research Stations Shared Service Platform, Lanzhou  730070, P.R. China"
            ],
            "贡献": "主要承担工作：数据搜集与分析。",
            "简介": "（1980—），女，甘肃省天水市人，硕士，工程师，研究方向为遥感数据制备方法。"
        },
        {
            "姓名": "冯克庭  \t",
            "机构": [
                "中国科学院西北生态环境研究院 科学大数据中心 兰州  730070",
                "Scientific Big Data Center  , Northwest Institute of Eco-Environment and Resources, Chinese Academy of Sciences, Lanzhou  730000, P.R. China",
                "国家特殊环境、特殊功能观测研究台站共享服务平台  平台服务中心 兰州  730070",
                "Service Center  , National Special Environment and Function of Observation and Research Stations Shared Service Platform, Lanzhou  730070, P.R. China"
            ],
            "贡献": "主要承担工作：数据前处理方案设计。",
            "简介": "（1980—），男，宁夏省回族自治区中卫市人，博士研究生，工程师，研究方向为遥感干旱。"
        },
        {
            "姓名": "田德宇",
            "机构": [
                "中国科学院西北生态环境研究院 科学大数据中心 兰州  730070",
                "Scientific Big Data Center  , Northwest Institute of Eco-Environment and Resources, Chinese Academy of Sciences, Lanzhou  730000, P.R. China"
            ],
            "贡献": "主要承担工作：数据批处理实现。",
            "简介": "（1993—），男，内蒙古自治区四子王旗人，硕士研究生，学生，研究方向为寒旱区遥感应用。"
        }
    ],
    "基金": "国家科技基础条件平台（Y719H71006），中国科学院信息化专项（XXH13506）。",
    "数据集名称": "2017年中巴经济走廊冻土分布数据集",
    "数据作者": "张耀南（yaonan@lzb.ac.cn）",
    "时间范围": "2017年",
    "空间范围": "23°47′ N–40°55′ N, 60°20′ E–80°16′ E",
    "空间分辨率": "1 km",
    "数据量": "8.42 MB",
    "数据格式": "TIF、SHP",
    "数据组成": "1. 中巴经济走廊多年冻土分布栅格图；2. 中巴经济走廊多年冻土分布矢量图。",
    "数据采集和处理方法": "1.1数据来源与预处理中巴经济走廊多年冻土分布数据制备基于以下数据：2013–2017年MODIS地表温度产品MOD11A1LST与MYD11A1LST数据，2009年中国帕米尔高原第二次冰川编目数据集（v1.0），2003–2004年巴基斯坦冰川编目数据集，2008年世界土壤数据库（HarmonizedWorldSoilDatabaseversion1.2，即HWSDv1.2），如表1所示。下载表1研究采用数据列表序号名称时间来源类型1MOD11A2LST2013–2017年LPDAAC栅格2中国帕米尔高原第二次冰川编目数据集（v1.0）2009年WestDC矢量3巴基斯坦冰川编目数据集2003–2004年WestDC矢量4世界土壤数据库（v1.2）2008年FAO栅格地表温度作为地表能量平衡中的主要参数以及气候系统的主要因子，能够表征地气间能量和水分交换的程度，是影响冻土发育、分布以及演化的关键因素之一，也是冻土建模的上边界条件。MOD11A1与MYD11A1均采用劈窗法从MOIDS数据中反演得到地表温度，为每日的L3级产品，空间分辨率1km，均包括白天和夜间数据，来源于美国国家航空航天局（NASA）陆地过程分布式数据档案中心（LPDAAC）。数据以HDF-EOS格式存储，并采用正弦曲线投影坐标系。覆盖整个中巴走廊需要6景数据。本研究获取2013–2017年MOD11A1白天地表温度数据、MOD11A1夜间地表温度数据、MYD11A1白天地表温度数据及MYD11A1夜间地表温度数据等4种数据产品共21900景。使用MRT工具对数据进行镶嵌和重采样，将所有数据坐标系转为WGS84坐标系，再利用中巴走廊矢量边界和开源栅格处理库GDAL中的warp工具进行裁剪。中国帕米尔高原第二次冰川编目数据集和巴基斯坦冰川编目均采用LandsatTM/ETM+数据经过校正后通过自动提取和专家干预修订获得，数据来源于寒区旱区科学数据中心（WestDC）[9-10]，将两种数据矢量合并后依照研究区范围进行裁剪。TTOP模型需要不同类型土壤的冻融热导系数作为输入参数。土壤数据来源于2008年维也纳国际应用系统分析研究所（IIASA）和联合国粮农组织（FAO）所构建的HWSDv1.2。HWSDv1.2包括不同种类土壤的全球分布情况，土壤分类标准为FAO90，数据分辨率1km，数据投影WGS84。将冰川编目数据和土壤类型数据使用中巴经济走廊矢量边界裁剪，形成研究区内的冰川分布数据和土壤类型分布数据。1.2数据处理步骤1.2.1TTOP模型TTOP模型其实质是采用活动层顶板温度来估计多年冻土的热状况。模型假定土壤基质匀质，在年尺度上，地–气热交换界面处于热平衡状态。TTOP模型定义如下：\\(TTOP=\\mathrm{}\\frac{\\frac{{K}_{\\mathrm{t}}}{{K}_{\\mathrm{f}}}（{n}_{\\mathrm{t}}\\bulletDDT-{n}_{\\mathrm{f}}\\bulletDDF）}{P}\\)（1）式中，\\(TTOP\\)为多年冻土判别指标，\\(TTOP<0\\)表示存在多年冻土，\\(TTOP>0\\)表示季节性冻土或无冻土；P为周期，取365天；\\({K}_{\\mathrm{t}}\\)和\\({K}_{\\mathrm{f}}\\)分别为土壤融化和冻结时的导热系数；\\(DDT\\)为融化指数，指一年中连续高于0℃的持续时间和其数值乘积的总和，以\\(\\mathrm{℃}\\bulletday\\)表示；\\(DDF\\)为冻结指数，指一年中低于0℃的持续时间和其数值乘积的总和，以\\(\\mathrm{℃}\\bulletday\\)表示。\\({n}_{\\mathrm{t}}\\)和\\({n}_{\\mathrm{f}}\\)分别为融化和冻结因子，是由于地表植被和雪盖会影响地气热交换而引入融化和冻结因子修正模型结果。中巴走廊多年冻土发育地区处于高寒山区，也是极端干旱区，植被稀疏，本研究忽略积雪覆盖和植被影响，将\\({n}_{\\mathrm{t}}\\)和\\({n}_{\\mathrm{f}}\\)都赋值为1。1.2.2地表温度数据插值MODISLST数据每一景在研究区内都有较多空缺值，需在时间序列上对空缺值进行插值。地表温度通常表现出明显的周期性，李述训等采用余弦函数对青藏高原时间序列地表温度进行模拟[11]，建立了地表温度与时间的函数关系，表达式如下：\\({T}_{s}\\left(t\\right)=\\stackrel{-}{T}+Acos（\\omegat+\\phi）\\)（2）其中，\\({T}_{s}\\)为地表温度，\\(t\\)为时间，\\(\\stackrel{-}{T}\\)为时间序列内的平均温度；\\(A\\)为时间序列内的温度振幅；\\(\\omega=2\\mathrm{\\pi}/T\\mathrm{中}，T\\)为时间序列周期，\\(\\phi\\)为相位角。上述模拟方法虽能够反映地表温度周期变化情况，但参数计算不够准确。以平均温度和温度振幅作为余弦函数系数使函数拟合后整体偏差较大。本研究以\\(\\stackrel{-}{T}\\)、\\(A\\)和\\(\\phi\\)为待定系数，利用最小二乘法对全年365景数据每一景数据对应像元进行拟合，利用拟合函数对地表温度数据的空缺值做插值处理。1.2.3导热系数土壤融化和冻结时的导热系数是\\(\\mathrm{T}\\mathrm{T}\\mathrm{O}\\mathrm{P}\\)模型中与土壤性质有关的参数，其值取决于土壤颗粒级配、干容重、矿物成分和含水量等因素。由于缺少中巴走廊土壤性质的详细参数，难以计算每一网格上的土壤导热系数。王之夏等在研究青藏高原多年冻土分布时基于青藏高原第四纪地图，将土壤按地质成因分类，然后针对每一类采用Johansen方法计算其冻融状态下的导热系数[12,13,14]。由于此方法基于土壤本身性质，地区差异性相对较小，因此本研究认为可用在中巴经济走廊。HWSD数据包含土壤分类信息，可获取栅格上土壤分类名称，但采用的FAO土壤分类体系是以土壤诊断层和诊断特性为基础，经过对比筛选后得到基于HWSD数据的冻融导热系数，见表2。下载表2不同类型土壤的冻融导热系数表序号土壤类型FAO分类缩写\\({K}_{\\mathrm{t}}（W/m\\bullet℃）\\)\\({K}_{\\mathrm{f}}（W/m\\bullet℃）\\)1薄层土LP1.342.322冲积土FL1.552.173有机土HS0.521.704冰碛物GG1.652.785其他CL、RK等1.502.201.2.4冰川影响本研究不考虑冰川下多年冻土情况。以地表温度和TTOP模型计算冻土分布会将部分冰川错分成冻土，需要根据研究区内冰川分布数据将其去除。1.2.5多年冻土分布模拟流程首先将2013–2017每年MOD11A1与MYD11A1两种数据集的白天地表温度数据LST_Day_1km做算术平均，夜晚地表温度数据LST_Night_1km做算术平均；然后将每日白天地表温度平均值与夜晚地表温度平均值做融合，得到每日平均温度。融合方式为：白天均值与夜晚均值都存在则做算术平均得到当日平均温度值，有一个值空缺则当日平均温度值空缺；再做地表温度数据时间序列插值，将5a中相应日期的5个数据进行平均后计算\\(\\mathrm{D}\\mathrm{D}\\mathrm{T}\\)和\\(\\mathrm{D}\\mathrm{D}\\mathrm{F}，\\)制作研究区土壤融化导热系数图和土壤冻结导热系数图；最后将以上数据输入\\(\\mathrm{T}\\mathrm{T}\\mathrm{O}\\mathrm{P}\\)模型中，剔除冰川覆盖区域，通过二值分类得到中巴走廊多年冻土分布图。数据处理流程如图2所示：图2冻土分布数据处理流程图",
    "数据描述": "本数据集分为2个文件夹存储，分别为冻土分布栅格数据和冻土分布矢量数据。前者文件夹包括冻土分布栅格图CPEC_PermafrostDistribution，空间分辨率1km，保存格式为tif。后者文件夹内为多年冻土分布矢量图CPEC_PermafrostDistribution，采用SHP格式保存。所有数据地理坐标系为WGS84。数据结果展示如图3。",
    "数据质量": "3.1数据重建质量评估以余弦函数和最小二乘法拟合的MODIS地表温度数据可用决定系数来评价。决定系数表示一个随机变量与多个随机变量关系的数字特征，用来反映模型对样本数据的近似程度，常以R2表示。R2值域为\\(（0,\\mathrm{}1）\\)，越接近1表明拟合的优度越高，其表达式如下：\\(R^{2}=\\frac{\\sum_{i=1}^{n}\\left(\\widehat{y_{l}}-\\overline{y}\\right)^{^{2}}}{\\sum_{i=1}^{n}\\left(y_{i}-\\overline{y}\\right)^{2}}\\)（3）其中，\\(\\stackrel{-}{y}\\)为样本数据均值，\\(\\widehat{y_{l}}\\)为模型预测值，\\({y}_{i}\\)为样本值。图3中巴经济走廊多年冻土分布图中巴经济走廊边界区域内共有1238512像素点，将2013–2017年日平均地表温度做时间序列拟合，其决定系数R2最大值为0.95185，最小值0.0014。其空间分布情况与频率分布直方图如图4所示。由图可知，中巴走廊大部分区域整体拟合优度较高（R2≥0.6），拟合优度较差（R2＜0.4）区域则主要出现在帕米尔高原冰川和巴基斯坦沿海。而本研究不考虑冰川覆盖下冻土分布情况，同时巴基斯坦沿海气候与海拔不具备冻土形成条件，因此上述拟合优度较差区域对冻土模拟分布影响不大。所以，时间序列拟合的方式在中巴走廊冻土分布模拟研究中是可用的。图4决定系数R2空间分布图与频率分布直方图3.2多年冻土分布模拟结果评估由于缺少冻土分布的实地勘测资料，因此以文献所提中巴公路沿线冻土数据作为验证。张学进等人提出中巴多年冻土分布于海拔4500m以上的红其拉普路段K807+000至K811+343.165路段内，连续分布长度4.3km[15]。朱颖彦等人提到中巴走廊多年冻土分布在红其拉普附近，海拔4300m以上路段[16]。两篇文献提到多年冻土位置接近，可互为验证。本研究以遥感数据和模型模拟的方式得到多年冻土分布图，在中巴公路沿线所得结果如图5所示，与以上两篇文献吻合。图5红其拉普冻土分布图",
    "数据价值": "传统冻土图绘制主要以野外实测数据为基础，如钻孔地温数据、常规气象数据等。虽然结果精度较高，但其必须建立在时间序列足够长、观测数据足够可靠的基础上。中巴经济走廊多年冻土分布区域自然环境严苛，地缘政治环境复杂，在此区域进行冻土的调查和原位观测具有较多限制。本文基于遥感数据MODIS地表温度数据产品，利用\\(\\mathrm{T}\\mathrm{T}\\mathrm{O}\\mathrm{P}\\)模型模拟中巴走廊冻土分布情况。针对数据与模型时间尺度不匹配的情况，采用拟合方式对数据进行时间序列重建。使用世界土壤数据集数据估算不同种类土壤冻融导热系数作为\\(\\mathrm{T}\\mathrm{T}\\mathrm{O}\\mathrm{P}\\)模型参数，最后获得走廊多年冻土分布图，并采用决定系数对数据重建过程中的拟合优度进行评价。野外实测是调查冻土分布的最佳手段，本文搜集了文献中关于多年冻土分布位置的描述，通过和模拟结果进行比较可知，基于MODIS地表温度数据和\\(\\mathrm{T}\\mathrm{T}\\mathrm{O}\\mathrm{P}\\)模型的多年冻土分布模拟结果与文献中的野外实测结果具有较高的一致性。中巴经济走廊多年冻土分布数据是走廊内工程选址、设计和规划的重要基础数据，也可作为全球气候变化背景下，走廊多年冻土变化的本底数据。在多年冻土分布数据基础上，结合气候、水文、生态等数据综合分析，对区域内工程长期安全运营和生态环境可持续发展有着重要意义。",
    "数据使用和建议": "2017年中巴经济走廊冻土分布数据集保存为栅格TIF格式和矢量SHP格式。ArcGIS、QGIS、ENVI、ERDAS等常用的GIS与遥感软件可支持该数据的读取和操作。",
    "引用格式": "艾鸣浩, 张耀南, 康建芳, 等. 2016年中巴经济走廊冻土分布数据集[DB/OL]. 国家特殊环境、特殊功能测研究台站共享平台, 2018. (2018-06-13). DOI: 10.12072/casnw.049.2018.db."
}