{
    "类目名称": "高亚洲冰、雪和环境专题",
    "名称": "高亚洲冰川区度日因子空间分布数据集",
    "资源信息链接地址": "http://www.sciencedb.cn/dataSet/handle/747",
    "摘要": "摘要：基于冰雪消融与气温之间线性关系建立的度日模型是冰川研究中应用较为广泛的模型。度日因子是该模型的重要参数，反映了单位正积温产生的冰雪消融量，其空间变化对于该模型模拟冰雪消融过程的精度影响较大。然而，高亚洲地区有长期观测的冰川数量较少，无法为应用度日模型开展区域冰川消融模拟提供必要的参数。本研究基于高亚洲不同地区40余条冰川的考察和观测资料，构建了冰川冰与雪度日因子的转换公式，获取了高亚洲冰川区度日因子的空间分布格网数据集（GeoTIFF格式，32位浮点型），空间分辨率为0.5°，同时本数据精度已在典型区域的冰川物质平衡模拟应用中得到了验证。本数据集可为开展高亚洲区域冰川消融过程及其对水资源变化与相关灾害影响研究提供模型参数，为进一步分析高亚洲地区冰川变化与气候变化、水资源变化及其灾害效应提供必要的数据支撑。",
    "关键词": "冰川消融；度日因子；度日模型；水资源；高亚洲",
    "参考引用": [
        {
            "名称": "PFEFFER W T, ARENDT A A, BLISS A, et al. The Randolph Glacier Inventory: a globally complete inventory of glaciers[J]. Journal of Glaciology, 2014, 60(221): 537–552.",
            "资源信息链接地址": "http://xueshu.baidu.com/s?wd= The Randolph Glacier Inventory: a globally complete inventory of glaciers"
        },
        {
            "名称": "刘时银, 姚晓军, 郭万钦, 等. 基于第二次冰川编目的中国冰川现状[J]. 地理学报, 2015, 70(1): 3–16.",
            "资源信息链接地址": "http://xueshu.baidu.com/s?wd= 基于第二次冰川编目的中国冰川现状"
        },
        {
            "名称": "IMMERZEEL W W, V BEEK L P H, BIERKENS M F P. Climate Change Will Affect the Asian Water Towers[J]. Science, 2010, 328(5984): 1382–1385.",
            "资源信息链接地址": "http://xueshu.baidu.com/s?wd= Climate Change Will Affect the Asian Water Towers"
        },
        {
            "名称": "SORG A, BOLCH T, STOFFEL M, et al. Climate change impacts on glaciers and runoff in Tien Shan (Central Asia) [J]. Nature Climate Change, 2012, 2: 725–731.",
            "资源信息链接地址": "http://xueshu.baidu.com/s?wd= Climate change impacts on glaciers and runoff in Tien Shan (Central Asia) "
        },
        {
            "名称": "YAO T, THOMPSON L, YANG W, et al. Different glacier status with atmospheric circulations in Tibetan Plateau and surroundings[J]. Nature Climate Change, 2012, 2: 663–667.",
            "资源信息链接地址": "http://xueshu.baidu.com/s?wd= Different glacier status with atmospheric circulations in Tibetan Plateau and surroundings"
        },
        {
            "名称": "刘时银, 丁永建, 张勇, 等. 塔里木河流域冰川变化及其对水资源影响[J]. 地理学报, 2006, 61(5): 482–490.",
            "资源信息链接地址": "http://xueshu.baidu.com/s?wd= 塔里木河流域冰川变化及其对水资源影响"
        },
        {
            "名称": "秦大河, 丁永建. 冰冻圈变化及其影响研究——现状、趋势及关键问题[J]. 气候变化研究进展, 2009, 54(4): 187–195.",
            "资源信息链接地址": "http://xueshu.baidu.com/s?wd= 冰冻圈变化及其影响研究——现状、趋势及关键问题"
        },
        {
            "名称": "陈亚宁, 李稚, 范煜婷, 等. 西北干旱区气候变化对水文水资源影响研究进展[J]. 地理学报, 2014, 69(9): 1295–1304.",
            "资源信息链接地址": "http://xueshu.baidu.com/s?wd= 西北干旱区气候变化对水文水资源影响研究进展"
        },
        {
            "名称": "BRUN F, BERTHIER E, WAGNON P, et al. A spatially resolved estimate of High Mountain Asia glacier mass balances from 2000 to 2016[J]. Nature Geoscience, 2017, 10: 668–673.",
            "资源信息链接地址": "http://xueshu.baidu.com/s?wd= A spatially resolved estimate of High Mountain Asia glacier mass balances from 2000 to 2016"
        },
        {
            "名称": "GARDNER A S, MOHOLDT G, COGLEY J G, et al. A Reconciled Estimate of Glacier Contributions to Sea Level Rise: 2003 to 2009[J]. Science, 2013, 340(6134): 852–857.",
            "资源信息链接地址": "http://xueshu.baidu.com/s?wd= A Reconciled Estimate of Glacier Contributions to Sea Level Rise: 2003 to 2009"
        },
        {
            "名称": "王欣, 刘时银, 莫宏伟, 等. 我国喜马拉雅山区冰湖扩张特征及其气候意义[J]. 地理学报, 2011, 66(7): 895–904.",
            "资源信息链接地址": "http://xueshu.baidu.com/s?wd= 我国喜马拉雅山区冰湖扩张特征及其气候意义"
        },
        {
            "名称": "沈永平, 苏宏超, 王国亚, 等. 新疆冰川、 积雪对气候变化的响应(Ⅱ): 灾害效应[J]. 冰川冻土, 2013, 35(6): 1355–1370.",
            "资源信息链接地址": "http://xueshu.baidu.com/s?wd= 新疆冰川、 积雪对气候变化的响应(Ⅱ): 灾害效应"
        },
        {
            "名称": "刘时银, 张勇, 刘巧, 等. 气候变化对冰川影响与风险研究[M]. 北京: 科学出版社, 2017.",
            "资源信息链接地址": "http://xueshu.baidu.com/s?wd= 气候变化对冰川影响与风险研究"
        },
        {
            "名称": "LUTZ A F, IMMERZEEL W W, SHRESTHA A B, et al. Consistent increase in High Asia's runoff due to increasing glacier melt and precipitation[J]. Nature Climate Change, 2014, 4: 587–592.",
            "资源信息链接地址": "http://xueshu.baidu.com/s?wd= Consistent increase in High Asia's runoff due to increasing glacier melt and precipitation"
        },
        {
            "名称": "姚檀栋, 陈发虎, 崔鹏, 等. 从青藏高原到第三极和泛第三极[J]. 中国科学院院刊, 2017, 32(9): 924–931.",
            "资源信息链接地址": "http://xueshu.baidu.com/s?wd= 从青藏高原到第三极和泛第三极"
        },
        {
            "名称": "张勇, 刘时银, 丁永建. 中国西部冰川度日因子的空间变化特征[J]. 地理学报, 2006, 61(1): 89–98.",
            "资源信息链接地址": "http://xueshu.baidu.com/s?wd= 中国西部冰川度日因子的空间变化特征"
        },
        {
            "名称": "ZHANG Y, LIU S, DING Y. Observed degree-day factors and their spatial variation on glaciers in western China[J]. Annals of Glaciology, 2006, 43: 301–306.",
            "资源信息链接地址": "http://xueshu.baidu.com/s?wd= Observed degree-day factors and their spatial variation on glaciers in western China"
        },
        {
            "名称": "HOCK R. Temperature index melt modelling in mountain areas[J]. Journal of hydrology, 2003, 282: 104–115.",
            "资源信息链接地址": "http://xueshu.baidu.com/s?wd= Temperature index melt modelling in mountain areas"
        },
        {
            "名称": "BRAITHWAITE R J. Positive degree-day factor for ablation on the Greenland ice sheet studied by energy: balance modeling[J]. Journal of Glaciology, 1995, 41(137): 153–160.",
            "资源信息链接地址": "http://xueshu.baidu.com/s?wd= Positive degree-day factor for ablation on the Greenland ice sheet studied by energy: balance modeling"
        },
        {
            "名称": "WGMS. Fluctuations of Glaciers Database World Glacier Monitoring Service[M]. Zurich, Switzerland, 2014.",
            "资源信息链接地址": "http://xueshu.baidu.com/s?wd= Fluctuations of Glaciers Database World Glacier Monitoring Service"
        },
        {
            "名称": "MARZEION B, JAROSCH A H, HOFER M. Past and future sea-level change from the surface mass balance of glaciers[J]. The Cryosphere, 2012, 6: 1295–1322.",
            "资源信息链接地址": "http://xueshu.baidu.com/s?wd= Past and future sea-level change from the surface mass balance of glaciers"
        },
        {
            "名称": "HIRABAYASHI Y, DÖLL P, KANAE S. Global-scale modeling of glacier mass balances for water resources assessments: Glacier mass changes between 1948 and 2006[J]. Journal of Hydrology, 2010, 390: 245–256.",
            "资源信息链接地址": "http://xueshu.baidu.com/s?wd= Global-scale modeling of glacier mass balances for water resources assessments: Glacier mass changes between 1948 and 2006"
        },
        {
            "名称": "HIRABAYASHI Y, ZHANG Y, WATANABE S, et al. Projection of glacier mass changes under a high-emission climate scenario using the global glacier model HYOGA2[J]. Hydrological Research Letters, 2013, 7(1): 6–11.",
            "资源信息链接地址": "http://xueshu.baidu.com/s?wd= Projection of glacier mass changes under a high-emission climate scenario using the global glacier model HYOGA2"
        },
        {
            "名称": "LIU Q, LIU S. Response of glacier mass balance to climate change in the Tianshan Mountains during the second half of the twentieth century[J]. Climate Dynamics, 2016, 46(1): 301–316.",
            "资源信息链接地址": "http://xueshu.baidu.com/s?wd= Response of glacier mass balance to climate change in the Tianshan Mountains during the second half of the twentieth century"
        },
        {
            "名称": "HUSS M, Hock R. A new model for global glacier change and sea-level rise[J]. Frontiers in Earth Science, 2015, 3: 54.",
            "资源信息链接地址": "http://xueshu.baidu.com/s?wd= A new model for global glacier change and sea-level rise"
        },
        {
            "名称": "HUSS M, Hock R. Global-scale hydrological response to future glacier mass loss[J]. Nature Climate Change, 2018, 8(2): 135–140.",
            "资源信息链接地址": "http://xueshu.baidu.com/s?wd= Global-scale hydrological response to future glacier mass loss"
        },
        {
            "名称": "ZHANG Y, ENOMOTO H, OHATA T, et al. Projections of glacier change in the Altai Mountains under twenty-first century climate scenarios[J]. Climate Dynamics, 2016, 47: 2935–2953.",
            "资源信息链接地址": "http://xueshu.baidu.com/s?wd= Projections of glacier change in the Altai Mountains under twenty-first century climate scenarios"
        },
        {
            "名称": "ZHANG Y, ENOMOTO H, OHATA T, et al. Glacier mass balance and its potential impacts in the Altai Mountains over the period 1990-2011[J]. Journal of Hydrology, 2017, 553: 662–677.",
            "资源信息链接地址": "http://xueshu.baidu.com/s?wd= Glacier mass balance and its potential impacts in the Altai Mountains over the period 1990-2011"
        },
        {
            "名称": "YAO T, THOMPSON L, YANG W, et al. Different glacier status with atmospheric circulations in Tibetan Plateau and surroundings[J]. Nature Climate Change, 2012, 2: 663–667.",
            "资源信息链接地址": "http://xueshu.baidu.com/s?wd= Different glacier status with atmospheric circulations in Tibetan Plateau and surroundings"
        },
        {
            "名称": "刘伟刚, 效存德, 刘景时, 等. 喜马拉雅山珠穆朗玛峰北坡绒布冰川消融速率特征分析[J]. 冰川冻土, 2013, 35(4): 814–823.",
            "资源信息链接地址": "http://xueshu.baidu.com/s?wd= 喜马拉雅山珠穆朗玛峰北坡绒布冰川消融速率特征分析"
        },
        {
            "名称": "刘巧, 刘时银, 张勇, 等. 贡嘎山海螺沟冰川消融区表面消融特征及其近期变化[J]. 冰川冻土,2011, 33(2): 227–236.",
            "资源信息链接地址": "http://xueshu.baidu.com/s?wd= 贡嘎山海螺沟冰川消融区表面消融特征及其近期变化"
        },
        {
            "名称": "HIRABAYASHI Y, KANAE S, MOTOYA K, et al. A 59-year (1948-2006) global near-surface meteorological data set for land surface models, Part I: Development of daily forcing and assessment of precipitation intensity[J]. Hydrological Research Letters, 2008, 2: 36–40.",
            "资源信息链接地址": "http://xueshu.baidu.com/s?wd= A 59-year (1948-2006) global near-surface meteorological data set for land surface models, Part I: Development of daily forcing and assessment of precipitation intensity"
        },
        {
            "名称": "白重瑗. 冰川与气候的关系[J]. 冰川冻土, 1989, 11(4): 287–297.",
            "资源信息链接地址": "http://xueshu.baidu.com/s?wd= 冰川与气候的关系"
        },
        {
            "名称": "朱美林. 青藏高原西风区与季风区典型冰川物质-能量平衡变化差异及其机制研究[D]. 北京: 中国科学院大学, 2015.",
            "资源信息链接地址": "http://xueshu.baidu.com/s?wd= 青藏高原西风区与季风区典型冰川物质-能量平衡变化差异及其机制研究"
        },
        {
            "名称": "WEI J, LIU S, XU J, et al. Mass loss from glaciers in the Chinese Altai Mountains between 1959 and 2008 revealed based on historical maps, SRTM, and ASTER images[J]. Journal of Mountain Science, 2015, 12(2): 330–343.",
            "资源信息链接地址": "http://xueshu.baidu.com/s?wd= Mass loss from glaciers in the Chinese Altai Mountains between 1959 and 2008 revealed based on historical maps, SRTM, and ASTER images"
        },
        {
            "名称": "YAO T, XUE Y, CHEN D, et al. Recent Third Pole’s rapid warming accompanies cryospheric melt and water cycle intensification and interactions between monsoon and environment: multi-disciplinary approach with observation, modeling and analysis[J]. Bulletin of the American Meteorological Society, 2019, 3: 423–444.",
            "资源信息链接地址": "http://xueshu.baidu.com/s?wd= Recent Third Pole’s rapid warming accompanies cryospheric melt and water cycle intensification and interactions between monsoon and environment: multi-disciplinary approach with observation, modeling and analysis"
        }
    ],
    "作者": [
        {
            "姓名": "张勇",
            "机构": [
                "湖南科技大学资源环境与安全工程学院",
                "School of Resource Environment and Safety Engineering, Hunan University of Science and Technology"
            ],
            "贡献": "主要承担工作：参数的计算、数据分析及论文撰写。",
            "简介": "（1979—），男，山东省滕州市人，博士，教授，研究方向为冰川模拟。"
        },
        {
            "姓名": "刘时银",
            "机构": [
                "云南大学国际河流与生态安全研究院",
                "Institute of International Rivers and Eco-Security, Yunnan University",
                "中国科学院西北生态环境资源研究院冰冻圈科学国家重点实验室",
                "State Key Laboratory of Cryospheric Science, Northwest Institute of Eco-Environment and Resources, Chinese Academy of Sciences"
            ],
            "贡献": "主要承担工作：处理流程的设计。",
            "简介": "（1963—），男，河南省信阳市人，博士，研究员，研究方向为冰川变化。"
        },
        {
            "姓名": "王欣",
            "机构": [
                "湖南科技大学资源环境与安全工程学院",
                "School of Resource Environment and Safety Engineering, Hunan University of Science and Technology"
            ],
            "贡献": "主要承担工作：数据质量分析。 ",
            "简介": "（1973—），男，湖北随州人，博士，副研究员，研究方向为冰川变化。"
        }
    ],
    "基金": "国家自然科学基金（41761144075、41671057、41771075）；科技部科技基础性工作专项（2013FY111400）；云南大学引进人才项目（YJRC3201702）。",
    "数据集名称": "高亚洲冰川区度日因子空间分布数据集",
    "数据作者": "张勇（yong.zhang@hnust.edu.cn）",
    "空间范围": "北纬25.0°–65.0°, 东经65.0°–105.0°",
    "数据量": "16.0 KB",
    "数据格式": "*.tif",
    "数据组成": "数据集共包括2个数据文件：1. Spatial_distribution_of_DDFice.tif是高亚洲冰川冰度日因子空间分布数据；2. Spatial_distribution_of_DDFsnow.tif是高亚洲冰川区雪度日因子空间分布数据。",
    "数据采集和处理方法": "1.1数据源本文采用的数据包括冰川区消融和气温观测数据、0.5°格网气温和降水数据以及冰川编目数据。其中，冰川区消融和气温数据来源于过去几十年来高亚洲不同地区40余条冰川不同时期的考察和观测数据[17,20,29,30,31]（图1和表1）。这些冰川的消融数据主要是通过花杆实测获取的[17,20]，大部分冰川消融观测时长超过1个月。1951–2011年期间的0.5°格网日气温和降水数据[32]是选取了距离冰川最近的网格数据。高亚洲冰川信息来自于Randolph冰川编目[1]，主要包括冰川末端海拔高度和冰川经纬度。下载表1高亚洲地区观测冰川信息[17,20,29-31]序号冰川名称纬度（°N）经度（°E）时段1七一39.2597.752002年7–8月2小冬克玛底33.1792.132008年7–8月3海螺沟29.58101.932008年4–10月4科其喀尔41.8180.172003年6月28日至9月13日5琼台兰41.9580.141978年6月17日至8月14日6乌鲁木齐河源1号43.0986.821986–1993年7帕隆No.39029.3597.022007–2010年8帕隆No.9429.3896.982006–2010年9帕隆No.1229.3096.902006–2009年10帕隆No.1029.2896.902006–2009年11中绒布28.0585.832009年5月15日至6月14日12东绒布28.0585.952009年6月10日至6月14日13抗物热28.4785.821993年7月20日至8月25日14纳木那尼30.4581.332004–2013年15慕士塔格38.2375.051989年7月1日至7月5日16扎当30.4890.652007年9–10月、2008年6–7月17古仁河口30.1890.472007–2010年18煤矿35.6794.181989年5月7日至9月7日19中习30.8791.452008–2010年20AX01027.7086.571978年6–8月、1979年21Yala28.2385.621996年6月1日至7月31日22Abramov39.6371.571968–1998年23Shumskiy45.0880.231967–1991年24Ts.Tuyuksu43.0077.101957–2009年25IglyTuyuksu43.0077.101976–1990年26Molodezhniy43.0077.101976–1990年27Mametova43.0077.101976–1990年28Kara-Batkak42.1078.301957–1998年29Golubina42.4574.501969–1994年30Sary-Tor(No.356)41.8378.181984–1989年31ChhotaShigri32.2081.502006–2010年32Dunagiri30.5579.901986–1990年33ShauneGarang31.2878.331982–1990年34GorGarang31.6278.821977–1983年35NehNar34.2775.871980–1984年36LeviyAktru50.0887.731977–2011年37MaliyAktru50.0887.751962–2011年38PraviyAktru50.0887.731980–1990年39Vodopadniy50.1087.701977–2011年40Kosmodemaya43.0077.101965–1990年41Partizan43.0077.101965–1990年42Visyachie1-243.0077.101965–1990年43Ordzhonikidze43.0077.101965–1990年1.2数据处理步骤本文基于收集的冰川区消融和气温观测数据，采用张勇等[16]方法计算了冰川冰与雪的度日因子值，其计算公式如下：（1）式中，DDF为冰川冰或雪的度日因子（mmd-1℃-1），M是某时段内冰川冰或雪的消融水当量（mmw.e.），PDD是同一时段内的正积温（℃），一般由下式计算获取：（2）式中，为某天（t）的日平均气温，为逻辑变量。当≥0℃时，=1.0，当＜0℃时，=0.0。大部分冰川存在同期观测的气温数据，对于仅有消融资料而没有气温资料的观测冰川区，使用距离该冰川区最近的格网气温数据。基于公式（1）和（2）获取了高亚洲不同地区40条冰川的冰川冰与雪度日因子值。同时基于格网日气温和降水数据分别计算了40条冰川区的年平均气温和年平均降水量。基于计算的度日因子值、冰川海拔高度、冰川经纬度、冰川区年平均气温和降水数据，采用多元线性回归方法，建立了冰川冰与雪度日因子的转换公式（表2），其相关系数（r）分别为0.62和0.92（显著性水平p＜0.001）。进而基于冰川海拔高度、冰川经纬度、冰川区年平均气温和降水数据，应用表1中的转换公式获取了高亚洲地区每一条冰川的度日因子值。下载表2冰川冰与雪的度日因子转换公式参数观测值范围平均值转换公式rDDFice2.6–16.97.640.62DDFsnow1.5–9.24.630.92注：DDFice和DDFsnow分别表示冰川冰和雪的度日因子（mmd-1℃-1），Lat、Lon、H、T和P分别表示冰川纬度（°）、经度（°）、冰川末端海拔高度（m）、年平均气温（℃）和降水（mm）。",
    "数据描述": "本数据集的数据存储格式为GeoTIFF格式，数据类型为32位浮点型，命名为Spatial_distribution_of_DDFice.tif和Spatial_distribution_of_DDFsnow.tif，单位是mmd-1℃-1。样本展示如图2和图3。图2高亚洲地区冰川冰度日因子空间分布图图3高亚洲冰川区雪度日因子空间分布图高亚洲冰川冰的度日因子值介于3.0–15.0mmd-1℃-1之间，而雪的度日因子值与冰川冰相比较小，其介于1.5–10.0mmd-1℃-1之间。青藏高原东南部和喜马拉雅山东段地区冰川冰的度日因子值相对其他地区较大，而喀喇昆仑山、昆仑山、帕米尔等地区的度日因子值相对较小（图2）。对于雪的度日因子来说，青藏高原中部、喜马拉雅山区相对较大，而天山东部和青藏高原东部地区相对较小（图3）。度日因子这一显著的区域特征，可能与由青藏高原及其周边地区独特的气候和热量条件密切相关。对于青藏高原来说，冰川的气候环境从西北向东南逐渐由干冷向温湿转变，同时，热量平衡组成类型则由蒸发型向凝结–蒸发型转变[33]。不同地区典型冰川的能量平衡研究亦证明了这一变化趋势[34]。在干冷的气候条件下，冰面蒸发（主要是升华作用）耗热较大，抑制了冰川消融，度日因子较小；而在暖湿的气候条件下，用于冰川消融的能量在热量平衡中所占比例较大，促进了冰川消融，度日因子较大[16]。",
    "数据质量": "本文基于冰川编目数据和格网气象数据，应用度日因子转换公式（表2）获取了高亚洲冰川区冰川冰和雪的度日因子值（图2和图3），其平均值分别为6.6±2.3和5.2±2.7mmd-1℃-1（±表示置信水平95%的误差区间）。同时，通过高亚洲北部阿尔泰山地区（图1）不同典型冰川物质平衡观测数据对获取的度日因子的精度进行了综合评估[27-28]。基于度日因子转换公式，获取了阿尔泰山冰川区的度日因子值。该地区冰川冰的度日因子介于6.0–11.0mmd-1℃-1之间，平均值为8.6mmd-1℃-1；雪的度日因子介于1.5–6.1mmd-1℃-1之间，平均值为4.1mmd-1℃-1。从图4a可以看出，基于上述度日因子值模拟的不同典型冰川物质平衡值与观测值较为接近。总体上，不同冰川物质平衡观测值与模拟值的相关系数和平均绝对误差分别为0.77（显著性水平p＜0.001）和0.21mw.e.。从该地区典型冰川流域1977–2005年间物质平衡变化序列来看（图4b），流域物质平衡模拟值变化趋势与观测值较为一致，其平均值分别为–0.16mw.e.和–0.12mw.e.。此外，基于遥感数据，应用大地测量法获取了阿尔泰地区14条典型冰川1999–2005年的物质变化速率[35]，同时应用上述方法获取的度日因子值模拟了这14条冰川同一时段内的物质变化速率。比较发现（图4c），这两种不同方法获取的结果较为一致。总体上，大地测量法获取的结果与模型模拟值的相关系数和平均绝对误差分别为0.83（显著性水平p＜0.001）和0.14mw.e.。由此可见，应用转换公式获取的度日因子能够较理想地模拟出冰川消融和积累的变化过程。图4高亚洲北部阿尔泰山不同冰川物质变化观测值与模拟值对比（a）高亚洲北部阿尔泰山不同冰川物质平衡观测值与模拟值对比；（b）典型冰川流域（Aktru河）1977–2005年间物质平衡模拟与观测序列对比；（c）大地测量法获取的物质变化速率与模拟值对比；数据来源于Zhang等[27-28]。",
    "数据价值": "全球气候变暖所导致的高亚洲地区冰川加速消融退缩，不仅引起了区域水资源变化[3,6,13-14]，同时引起了冰湖溃决洪水和冰川泥石流等灾害发生频率的加剧和影响程度加大[7,11,12,13]。开展高亚洲地区冰川消融过程及其对水资源与灾害的影响系统评估，不仅对建立高亚洲区域气候变化与冰川变化、水资源变化之间的关系研究具有重要科学意义，而且对我国推动的“一带一路”计划陆上丝绸之路关键区的经济建设与可持续发展具有重大现实意义[15,36]。本数据集是度日模型的重要参数，该模型在冰川物质平衡研究中应用广泛，且模拟冰川消融过程能够给出类似能量平衡模型的输出结果[16,17,18]。然而，对于高亚洲地区广泛分布的冰川来说，有长期观测的冰川数量相对较少，无法为度日模型开展区域冰川消融模拟提供必要的参数。本数据集是在不同地区冰川区观测数据的基础上获取的，能够反映出高亚洲冰川区度日因子的空间分布特征，且参数精度在典型区域进行了综合评估。因此，本数据集可为高亚洲区域冰川消融模拟及其对区域水资源与相关冰川灾害的研究奠定参数基础。",
    "数据使用和建议": "高亚洲冰川度日因子空间分布数据集所有数据存储格式均为GeoTIFF格式。ArcGIS、SuperMap、ENVI、ERDAS等常用GIS与遥感软件均可支持该数据的读取和操作。度日因子值以像元值表示，单位是mmd-1℃-1，空间分辨率为0.5°。本数据集可靠性高，代表性强，可作为高亚洲区域冰川消融模拟的重要输入数据，为进一步研究区域冰川变化对气候的响应及其影响等研究奠定基础。",
    "引用格式": "张勇, 刘时银, 王欣. 高亚洲冰川区度日因子空间分布数据集[DB/OL]. Science Data Bank, 2019. (2019-04-03). DOI: 10.11922/sciencedb.747."
}