{
    "类目名称": "国家重大科技基础设施子午工程专题",
    "名称": "2009–2020年内蒙古满洲里站地电场仪分钟采样数据集",
    "资源信息链接地址": "http://dx.doi.org/10.12176/01.09.002",
    "摘要": "摘要：满洲里地磁台（Manzhouli Geomagnet Station，MZL）位于内蒙古自治区满洲里市南郊，属国家一类地磁台，是我国最早的八个地磁台站之一，长期开展地磁、地电观测。本数据集包含2008年子午工程建设以来的地电场原始观测数据，包括北南向NSL、东西向EWL、北东向NEL 3个长极距（主测道）的地电场强度值和北南向NSS、东西向EWS、北东向NES 3个短极距（辅测道）的地电场强度值。本数据集可以用来开展空间环境、地震、磁暴、震磁关系、勘探等方面的研究。",
    "关键词": "满洲里地磁台；地电场强度；原始观测数据；分钟值",
    "参考引用": [
        {
            "名称": "钱家栋, 杨冬梅, 熊仲华, 等. 地震电磁学理论基础与观测技术[M]. 北京: 地震出版社, 2010.",
            "资源信息链接地址": "http://xueshu.baidu.com/s?wd= 地震电磁学理论基础与观测技术"
        },
        {
            "名称": "滕吉文. 固体地球物理学概论[M]. 北京: 地震出版社, 2003.",
            "资源信息链接地址": "http://xueshu.baidu.com/s?wd= 固体地球物理学概论"
        },
        {
            "名称": "马钦忠, 冯志生, 宋治平, 等. 崇明与南京台震前地电场变化异常分析[J]. 地震学报, 2004, 26(3): 304–312. DOI:10.3321/j.issn: 0253-3782.2004.03.009.",
            "资源信息链接地址": "http://xueshu.baidu.com/s?wd= 崇明与南京台震前地电场变化异常分析"
        },
        {
            "名称": "马钦忠, 冯志生, 宋治平, 等. 崇明与南京台震前地电场变化异常分析[J]. 地震学报, 2004, 26:304–312,342.",
            "资源信息链接地址": "http://xueshu.baidu.com/s?wd= 崇明与南京台震前地电场变化异常分析"
        },
        {
            "名称": "田山, 王建国, 徐学恭, 等. 大地电场观测地震前兆异常提取技术研究[J]. 地震学报, 2009, 31(4): 424–431. DOI:10.3321/j.issn: 0253-3782.2009.04.008.",
            "资源信息链接地址": "http://xueshu.baidu.com/s?wd= 大地电场观测地震前兆异常提取技术研究"
        },
        {
            "名称": "田山, 张磊, 王建国, 等. 汶川、玉树大地震前的地电场异常[J]. 地球物理学进展, 2012, 27(3): 878–887. DOI:10.6038/j.issn.1004-2903.2012.03.007.",
            "资源信息链接地址": "http://xueshu.baidu.com/s?wd= 汶川、玉树大地震前的地电场异常"
        },
        {
            "名称": "席继楼, 陈敏, 董蕾, 等. 长宁MS6.0地震前后地电场秒数据变化特征研究[J]. 地震, 2020, 40: 129–143.",
            "资源信息链接地址": "http://xueshu.baidu.com/s?wd= 长宁MS6.0地震前后地电场秒数据变化特征研究"
        },
        {
            "名称": "席继楼, 赵家骝, 刘超, 等. 新型网络化地电场观测技术研究与应用[J]. 地球物理学进展, 2016, 31: 2690–2699.",
            "资源信息链接地址": "http://xueshu.baidu.com/s?wd= 新型网络化地电场观测技术研究与应用"
        },
        {
            "名称": "田山, 张磊, 王建国, 等. 汶川、玉树大地震前的地电场异常[J]. 地球物理学进展, 2012, 27(3): 878–887. DOI:10.6038/j.issn.1004-2903.2012.03.007.",
            "资源信息链接地址": "http://xueshu.baidu.com/s?wd= 汶川、玉树大地震前的地电场异常"
        },
        {
            "名称": "林向东, 徐平, 鲁跃, 等. 地电场观测中几种常见干扰[J]. 华北地震科学, 2007, 25(1): 16–22. DOI:10.3969/j.issn.1003-1375.2007.01.004.",
            "资源信息链接地址": "http://xueshu.baidu.com/s?wd= 地电场观测中几种常见干扰"
        },
        {
            "名称": "李晓东, 袁顺, 王宝柱. 地电场架设中需要注意的问题以及干扰的排除[J]. 内陆地震, 2008, 22(4): 348–354. DOI:10.16256/j.issn.1001-8956.2008.04.009.",
            "资源信息链接地址": "http://xueshu.baidu.com/s?wd= 地电场架设中需要注意的问题以及干扰的排除"
        },
        {
            "名称": "史红军. 地电场观测过程中的干扰因素分析[J]. 东北地震研究, 2009, 25(2): 51–57. DOI:10.3969/j.issn.1674-8565.2009.02.009.",
            "资源信息链接地址": "http://xueshu.baidu.com/s?wd= 地电场观测过程中的干扰因素分析"
        },
        {
            "名称": "马世虎, 王秋宁, 李垚奇, 等. 高速铁路建设对宝鸡地电场观测干扰分析[J]. 高原地震, 2011, 23(4): 37–40. DOI:10.3969/j.issn.1005-586X.2011.04.008.",
            "资源信息链接地址": "http://xueshu.baidu.com/s?wd= 高速铁路建设对宝鸡地电场观测干扰分析"
        },
        {
            "名称": "刘华姣, 李雪浩, 何思源, 等. 江油地震台地电场观测数据干扰分析[J]. 四川地震, 2020(3): 23–29. DOI:10.13716/j.cnki.1001-8115.2020.03.005.",
            "资源信息链接地址": "http://xueshu.baidu.com/s?wd= 江油地震台地电场观测数据干扰分析"
        }
    ],
    "作者": [
        {
            "姓名": "王喜珍",
            "机构": [
                "中国地震局地球物理研究所",
                "Institute of geophysics，china earthquake administrator"
            ],
            "贡献": "主要承担工作：总体负责，主要包括数据采集、质量控制、数据管理、传输与共享等。",
            "简介": "（1972—），男，山西岚县人，博士，副研，研究方向为地球物理数据处理。"
        },
        {
            "姓名": "陆颖哲",
            "机构": [
                "内蒙古自治区满洲里地磁台",
                "Manchuria Geomagnetic Station, Inner Mongolia Autonomous Region Earthquake Administration"
            ],
            "贡献": "主要承担工作：仪器维护、地磁数据获取、数据传输及数据处理。",
            "简介": "（1983—），男，内蒙古自治区满洲里市人大专，助理工程师，研究方向为地震前兆数据分析与处理。"
        },
        {
            "姓名": "邓娜",
            "机构": [
                "湖北省地震局",
                "Hubei Province Earthquake Administration"
            ],
            "贡献": "主要承担工作：地电数据处理。",
            "简介": "（1973—），女，湖北武汉人，学士，高工，研究方向为地磁、地电观测与研究。"
        },
        {
            "姓名": "马玉立",
            "机构": [
                "中国科学院国家空间科学中心",
                "National Space Science Center, Chinese Academy of Sciences"
            ],
            "贡献": "主要承担工作：数据管理与数据发布。",
            "简介": "（1978—），女，北京人，硕士，高工，研究方向为工程管理。"
        }
    ],
    "基金": "国家重大科技基础设施子午工程",
    "数据集名称": "内蒙古满洲里站地电场仪分钟采样数据",
    "数据作者": [
        "内蒙古自治区满洲里地磁台"
    ],
    "数据通信邮箱": "luyingzhe@163.com",
    "时间范围": "2009–2020年",
    "空间范围": "满洲里地磁台位于内蒙古自治区满洲里市南郊；地理经度为117.43°E，纬度为49.57°N；地磁经度为186.80°E，纬度为38.50°N；高程为682 m。",
    "分辨率": "10 μV",
    "数据量": "247.18 MB",
    "数据格式": "*.dat",
    "数据组成": "数据集共包括3807个数据文件，其中：MZL_GEM01_DED_L11_01D_yyyymmddhhmmss.dat是地电场原始观测数据，数据量61 KB（MZL为满洲里地磁台在子午工程中的台站代码；GEM为仪器地电场仪代码；01D表示原始数据，每天一个文件。yyyymmddhhmmss为文件起始记录时间）。",
    "数据采集和处理方法": "1.1数据采集本数据集采用的观测仪器为中国地震局地震预测研究所研制的ZD9A-II型地电场仪[6]。该设备由电极和数据采集器组成（图1），电极深埋于地下。电极是地电场观测系统中的关键部件，它是一种特殊的传感器，利用不同导电介质之间形成界面，在界面产生极化电位原理，观测土壤中电极所在位置的电位。利用不同电极之间的电位差，计算所在介质中的电场强度。“ZD9A-Ⅱ地电场仪”是我国自主研制的具有高灵敏度、大动态范围、良好抗干扰能力和较高可靠性的监测设备，用于观测地表地电场强度及其时空变化规律的数字化、自动化的专用观测仪器，为地球物理场研究和地震检测预测研究服务。“ZD9A-II地电场仪”采用双模块并行工作方式，即数据测量模块和数据处理（网络功能）模块，两个模块利用不同的控制系统独立进行工作。其中数据测量模块完成地电场信号的滤波处理、模数转换和量纲转换等工作，测量结果以十六进制补码的方式进行存储；数据处理（网络功能）模块完成数据格式转换、存储处理、Web服务、FTP服务和TCP/IP数据通信等工作。该设备数据采集的采样率为每分钟1次，共有6个输出通道。观测数据在设备中的存储容量可达1个月以上。图1满洲里地磁台ZD9A-II型地电场仪1.2测量准确度校准与标定地电场仪在投入使用前和使用一段时间后需进行准确度校准和标定，以此消除中心偏离，提高数据格值的准确度，从而保障观测数据质量。测量准确度校准与标定包括零点校准、满刻度校准、准确度标定。1.2.1零点校正以零输入信号（短路信号）为标准信号，通过逐步逼近进行校准。具体方法为：将仪器的所有输入端短路。在稳定约半分钟以后，按照显示提示进行操作，待零点值校准完成后，循环显示校准以后的零点测量数据。1.2.2满刻度校准以0.01级的饱和标准电池（BC3或BC9）作为标准信号，通过逐步逼近法进行校准。20℃时，饱和标准电池的输出参考值为1.01862V；在0℃～40℃之间，饱和标准电池的修正值可通过仪器说明书获得。具体方法为：根据仪器说明书操作，在按键后进入满刻度校准启动界面，将仪器的所有输入端与饱和标准电池相连接。在稳定约半分钟以后，按照提示继续操作，操作完成以后循环显示校准以后的满刻度测量数据。1.2.3准确度标定以0.01级直流电位差计（UJ25或UJ34）为标准信号，检测地电场仪的测量误差是否在最大允许误差范围之内。在标定之前，需要利用标准满刻度值对直流电位差计（UJ25或UJ34）的工作电流进行调整。具体方法为：根据仪器说明书操作，进入标定测量菜单，将仪器的所有输入端与已经准备好的直流电位差计相连接。调整直流电位差计工作电流，直流电位差计的输出刻度盘设置为当前满刻度标准值，旋转工作电流调节旋钮，使得仪器的测量显示数据与输出刻度盘设置的数值一致。按照说明书附录表的顺序给出标准信号，待显示数据稳定以后，记录仪器对该标准信号的测量显示结果，计算每一个标定值的测量误差。如果标定结果满足最大允许误差的指标要求，则标定结束；否则，需要重新对零点和满刻度值进行校准，然后再执行标定操作。1.3数据处理本数据集为地电场原始观测数据。为了提高观测数据的可靠性，在电极布设时按照“多方向、多极距”观测方法布设测量线路，在南北和水平两个正交的观测方向进行测量，每个测向布设2个以上极距的测量线路。通过对同一测向不同测道观测数据进行时域相关分析研究，验证观测数据的可靠性和观测结果的内在质量。地电场仪电极安装要求场地大，环境要求相对较高，在观测数据中可能存在环境干扰，如人工工频电磁场、高压输电、轨道交通、金属管网、同台观测的其他设备干扰等[9-13]（见图2、图3）。图2高压直流输电线路干扰形态图3同台地电阻率观测干扰形态地震局节点站数据处理软件主要对数据时间、缺记等进行自动校验，缺记数据用缺省值自动填补，不符合规范的数据更正为符合规范的数据，确保观测数据符合子午工程数据规范要求。中国地震局根据不同干扰源产生的干扰特征开发了干扰形态识别和处理技术，这些技术已集成在中国地震前兆台网管理软件中，目前主要包括输电线路、地电阻率、人工工频电场、雷雨、外线路漏电等。台站工作人员通过地电数据处理模块对地电观测数据进行日常预处理。1.4数据传输台站观测数据通过子午工程台站管理软件汇集到台站数据管理系统，并在本地存储。台站工作人员对数据进行预处理后，通过台站管理软件数据上传模块将数据发送至地震局节点站。地震局节点站进行数据分析与质量评估后，通过子午工程数据中心统一配置的HJclient客户端数传软件将数据上传至子午工程数据中心（图4）。图4数据传输软件界面1.5数据发布地电场原始观测数据分别在满洲里地磁台、内蒙古自治区地震局、国家地电台网中心、中国地震局地球物理研究所地震局节点站以及子午工程数据中心存储，根据各自职责开展数据共享与发布。满洲里地磁台、内蒙古自治区地震局、国家地电台网中心根据中国地震局的有关规定进行数据发布。地震局节点站以及子午工程数据中心（data.meridianproject.ac.cn）按照子午工程有关协议规定发布数据。子午工程数据中心为对外发布的主要渠道，包括原始数据、数据波形以及其他中间产品，用户可通过子午工程数据中心认证后下载本数据集。",
    "数据描述": "2.1文件名本数据集地电场原始数据文件根据子午工程数据文件交换接口命名，格式为“MZL_GEM01_DED_L11_01D_yyyymmddhhmmss.dat”。其中MZL为满洲里地磁台在子午工程中的台站代码；GEM为仪器地电场仪代码；01D表示原始数据，每天一个文件；yyyymmddhhmmss为文件起始记录时间，记录时间为北京时。2.2数据格式本数据集地电场原始数据格式采用中国地震局行业标准地电场仪地电数据格式，具体说明如下（表1）：数据文件由数据项组成，每个数据项由时间和观测值组成。时间为4位表示，2位小时值，2位分钟值，不足4位的用“0”补充。观测值为6个地电场强度观测值，每个观测值为7位数表示，其中4个整数位，2个小数位。空值用“9999”代替。时间、数据值之间以及数据值之间均采用“”（1位空格）为分隔符。数据项数据采样的时间精度为1分钟，每分钟采用数据占用一行。每天数据文件共有1440行数据。一个完整记录项的格式码为1440(I4,X,f7.2,X,f7.2,X,f7.2,X,f7.2,X,f7.2,X,f7.2,X)，其中数字为数据占有位数。下载表1地电场原始观测数据格式序号数据项中文名称数据项英文名称记录格式物理单位（中英文）无效缺省值数值范围1小时HourI2/000～232分钟MinutesI2/000～593北南向长极距地电场强度值（NSL）IntensityoftheNSgeo-electricfieldinlongpolepitchF7.2毫伏/千米(mV/km)9999−2000～20004空格SpaceI1///5东西向长极距地电场强度值（EWL）IntensityoftheEWgeo-electricfieldinlongpolepitchF7.2毫伏/千米(mV/km)9999−2000～20006空格SpaceI1///7北东向长极距地电场强度值（NEL）IntensityoftheNEgeo-electricfieldinlongpolepitchF7.2毫伏/千米(mV/km)9999−2000～20008空格SpaceI1///9北南向短极距地电场强度值（NSS）IntensityoftheNSgeo-electricfieldinshortpolepitchF7.2毫伏/千米(mV/km)9999−2000～200010空格SpaceI1///11东西向短极距地电场强度值（EWS）IntensityoftheEWgeo-electricfieldinshortpolepitchF7.2毫伏/千米(mV/km)9999−2000～200012空格SpaceI1///13北东向短极距地电场强度值（NES）IntensityoftheNEgeo-electricfieldinshortpolepitchF7.2毫伏/千米(mV/km)9999−2000～2000................本数据集地电场原始数据格式样例如图5和图6所示。图5地电场观测原始数据集数据格式样例图6地电场观测原始数据集数据波形图",
    "数据质量": "3.1日常观测质量控制为了规范地电台站日常运行与维护管理，中国地震局编制了《地震前兆台网运行管理办法（修订）》、《电磁台网运行管理细则》，以提高台站仪器运行效率和观测数据质量。在日常运行中，台站运行与维护人员按照上述规范性文件进行观测、日志编制、数据处理以及其他校验校正工作。在波形异常时，要启动原因排查工作，确定干扰源，采取有效防范措施，以保障观测数据的客观性。同时在运行维护中，加强巡查，及时发现问题，解决问题，提高观测数据的连续性。3.2观测质量评估在一天的分钟值观测数据中，选取至少8小时的数据，分析长、短极距的观测结果变化规律是否一致，变化幅度是否相当。如果不一致，则需要重新核对测量线路的架设和标示是否正确，信号线路连接是否可靠等。对于与地电阻率同台工作的台站，当按照门限控制的方式进行地电阻率供电干扰滤除时，若仍能记录到比较明显的供电干扰信号，则需要适当调整或重新设置门限控制参数，包括加宽控制时段和降低门限值等。如果有一整天的完整观测数据，还应分析同测向长、短极距观测数据的相关系数。新装仪器的相关系数基本上在0.9以上，若小于0.6则应检查原因。中国地震局系统内地电观测数据质量评价由国家地电台网中心按照《数字地电台网观测资料质量评比办法》有关规定进行。评比分为月评比和年评比两个层次。在评比过程中对各仪器存在的问题均有明确的反馈和处理建议。",
    "数据使用和建议": "本数据集为地电场原始观测数据，可以用来开展地震预测预报、磁暴、空间环境和勘探等方面的研究。本数据集未做预处理，可能存在环境干扰，如高压输电、人工工频电场、外电路漏电等，在使用时应对可能的干扰形态特征有所了解。",
    "引用格式": "内蒙古自治区满洲里地磁台. 内蒙古满洲里站地电场仪分钟采样数据[DB/OL]. 国家空间科学数据中心. (2010-07-22). DOI: 10.12176/01.09.002."
}