{
    "类目名称": "国家重大科技基础设施子午工程专题",
    "名称": "2010–2020年激光雷达数据集",
    "资源信息链接地址": "(1) https://dx.doi.org/10.12176/01.05.042（北京延庆站激光雷达钠层密度）\t\t\t(2) https://dx.doi.org/10.12176/01.05.054（合肥科大站激光雷达钠层密度）\t\t\t(3) https://dx.doi.org/10.12176/01.05.061（武汉珞珈山站激光雷达钠层密度）\t\t\t(4) https://dx.doi.org/10.12176/01.05.047（海南海口站激光雷达钠层密度）\t\t\t(5) https://dx.doi.org/10.12176/01.05.040（北京延庆站激光雷达大气密度）\t\t\t(6) https://dx.doi.org/10.12176/01.05.051（合肥科大站激光雷达大气密度）\t\t\t(7) https://dx.doi.org/10.12176/01.05.059（武汉珞珈山站激光雷达大气密度）\t\t\t(8) https://dx.doi.org/10.12176/01.05.045（海南海口站激光雷达大气密度）\t\t\t(9) https://dx.doi.org/10.12176/01.05.041（北京延庆站激光雷达大气温度）\t\t\t(10) https://dx.doi.org/10.12176/01.05.052（合肥科大站激光雷达大气温度）\t\t\t(11) https://dx.doi.org/10.12176/01.05.060（武汉珞珈山站激光雷达大气温度）\t\t\t(12) https://dx.doi.org/10.12176/01.05.046（海南海口站激光雷达大气温度）",
    "摘要": "摘要：中层顶区域存在着大量的金属原子和离子，这些金属原子和离子可作为示踪剂去研究中层顶区域的动力学和化学过程。激光雷达是探测金属原子离子的最有利工具。激光雷达数据集对于研究中层顶大气金属层以及电离层和中高层大气的耦合具有重要意义。激光雷达数据集根据子午工程一期北京、武汉、合肥和海口台站的钠激光雷达和瑞利激光雷达探测得到的回波光子获得。本数据集包括30–80 km的瑞利散射光子计数以及反演出的中层大气密度和温度数据、80–110 km的荧光散射光子计数和钠密度数据。通过对本数据集的分析可以得到金属钠密度对低层大气中重力波、潮汐波的响应，金属钠层的长期和短期变化、突发钠层与突发E层之间的关系以及中层大气的密度和温度变化。本数据集为空间物理学研究提供了更多的数据保障。",
    "关键词": "激光雷达；金属钠层；中层大气密度；中层大气温度",
    "参考引用": [
        {
            "名称": "KANE T J, GARDNER C S, ZNOU Q, et al. Lidar, radar and airglow observations of a prominent sporadic Na/sporadic E layer event at Arecibo during AIDA-89[J]. Journal of Atmospheric and Terrestrial Physics, 1993, 55(3): 499–511. DOI:10.1016/0021-9169(93)90084-C.",
            "资源信息链接地址": "http://xueshu.baidu.com/s?wd= Lidar, radar and airglow observations of a prominent sporadic Na/sporadic E layer event at Arecibo during AIDA-89"
        },
        {
            "名称": "BOWMAN M R, GIBSON A J, SANDFORD M C W. Atmospheric sodium measured by a tuned laser radar[J]. Nature, 1969, 221(5179): 456–457. DOI:10.1038/221456a0.",
            "资源信息链接地址": "http://xueshu.baidu.com/s?wd= Atmospheric sodium measured by a tuned laser radar"
        },
        {
            "名称": "JIAO J, YANG G T, ZOU X, et al. Joint observations of sporadic sodium and sporadic E layers at middle and low latitudes in China[J]. Chinese Science Bulletin, 2014, 59(29/30): 3868–3876. DOI:10.1007/s11434-014-0441-0.",
            "资源信息链接地址": "http://xueshu.baidu.com/s?wd= Joint observations of sporadic sodium and sporadic E layers at middle and low latitudes in China"
        },
        {
            "名称": "QIU S C, SOON W, XUE X H, et al. Sudden sodium layers: their appearance and disappearance[J]. Journal of Geophysical Research: Space Physics, 2018, 123(6): 5102–5118. DOI:10.1029/2017ja024883.",
            "资源信息链接地址": "http://xueshu.baidu.com/s?wd= Sudden sodium layers: their appearance and disappearance"
        },
        {
            "名称": "WANG X D, YI F, HUANG K M. Double sporadic metal layers as observed by colocated Fe and Na lidars at Wuhan, China[J]. Journal of Geophysical Research: Space Physics, 2017, 122(2): 2237–2248. DOI:10.1002/2016ja023489.",
            "资源信息链接地址": "http://xueshu.baidu.com/s?wd= Double sporadic metal layers as observed by colocated Fe and Na lidars at Wuhan, China"
        },
        {
            "名称": "WANG J H, YANG Y, CHENG X W, et al. Double sodium layers observation over Beijing, China[J]. Geophysical Research Letters, 2012, 39(15). DOI:10.1029/2012gl052134.",
            "资源信息链接地址": "http://xueshu.baidu.com/s?wd= Double sodium layers observation over Beijing, China"
        },
        {
            "名称": "GONG S S, YANG G T, WANG J M, et al. A double sodium layer event observed over Wuhan, China by lidar[J]. Geophysical Research Letters, 2003, 30(5). DOI:10.1029/2002gl016135.",
            "资源信息链接地址": "http://xueshu.baidu.com/s?wd= A double sodium layer event observed over Wuhan, China by lidar"
        },
        {
            "名称": "XUN Y C, YANG G T, SHE C Y, et al. The first concurrent observations of thermospheric Na layers from two nearby central midlatitude lidar stations[J]. Geophysical Research Letters, 2019, 46(4): 1892–1899. DOI:10.1029/2018gl081645.",
            "资源信息链接地址": "http://xueshu.baidu.com/s?wd= The first concurrent observations of thermospheric Na layers from two nearby central midlatitude lidar stations"
        },
        {
            "名称": "GAO Q, CHU X Z, XUE X H, et al. Lidar observations of thermospheric Na layers up to 170 km with a descending tidal phase at Lijiang (26.7°N, 100.0°E), China[J]. Journal of Geophysical Research: Space Physics, 2015, 120(10): 9213–9220. DOI:10.1002/2015ja021808.",
            "资源信息链接地址": "http://xueshu.baidu.com/s?wd= Lidar observations of thermospheric Na layers up to 170 km with a descending tidal phase at Lijiang (26.7°N, 100.0°E), China"
        },
        {
            "名称": "程学武, 宋娟, 李发泉, 等. 双波长高空探测激光雷达技术[J]. 中国激光, 2006, 33(5): 601–606. DOI:10.3321/j.issn: 0258-7025.2006.05.006.",
            "资源信息链接地址": "http://xueshu.baidu.com/s?wd= 双波长高空探测激光雷达技术"
        },
        {
            "名称": "MEGIE G. Laser measurements of atmospheric trace constituents[M] /MEASURES R M. Laser remote chemical analysis. New York; Wiley. 1988: 333-408.",
            "资源信息链接地址": "http://xueshu.baidu.com/s?wd= Laser measurements of atmospheric trace constituents"
        },
        {
            "名称": "CHU X Z, PAPEN G. Resonance fluorescence lidar for measurements of the middle and upper atmosphere[M]// TAKASHI F, TETSUO F. Laser Remote Sensing. Boca Raton, FL; CRC Press, 2005: 179–432. DOI:10.1201/9781420030754.ch5.",
            "资源信息链接地址": "http://xueshu.baidu.com/s?wd= Resonance fluorescence lidar for measurements of the middle and upper atmosphere"
        },
        {
            "名称": "HAUCHECORNE A, CHANIN M L. Density and temperature profiles obtained by lidar between 35 and 70 km[J]. Geophysical Research Letters, 1980, 7(8): 565–568. DOI:10.1029/GL007i008p00565.",
            "资源信息链接地址": "http://xueshu.baidu.com/s?wd= Density and temperature profiles obtained by lidar between 35 and 70 km"
        },
        {
            "名称": "邹旭, 杨国韬, 王继红, 等. 北京地区重力波活动及其波谱的季节分布特性研究[J]. 空间科学学报, 2015, 35(4): 453–460. DOI:10.11728/cjss2015.04.453.",
            "资源信息链接地址": "http://xueshu.baidu.com/s?wd= 北京地区重力波活动及其波谱的季节分布特性研究"
        }
    ],
    "作者": [
        {
            "姓名": "吴佛菊",
            "机构": [
                "中国科学院国家空间科学中心，空间天气学国家重点实验室，北京 100190",
                "State Key Laboratory of Space Weather, National Space Science Center, Chinese Academy of Sciences, Beijing 100190, P.R. China"
            ],
            "贡献": "主要承担工作：数据服务。",
            "简介": "女，博士研究生，研究方向为中高层大气激光雷达探测。"
        },
        {
            "姓名": "薛向辉",
            "机构": [
                "中国科学技术大学，地球和空间科学学院，合肥 230026",
                "School of Earth and Space Sciences, University of Science and Technology of China, Country, Hefei 230026, P.R. China"
            ],
            "贡献": "主要承担工作：数据服务。",
            "简介": "男，博士，教授，研究方向为大气激光雷达探测。"
        },
        {
            "姓名": "易帆",
            "机构": [
                "武汉大学电子信息学院，武汉 430072",
                "School of Electronic Information, Wuhan University, Wuhan 430072, P.R. China",
                "地球空间环境与大气测量教育部重点实验室，武汉 430072",
                "Key Laboratory of Geospatial Environment and Atmospheric Measurement Ministry of Education, Wuhan 430072, P.R. China",
                "大气遥感国家野外科学观测研究站，武汉 430072",
                "Atmospheric Remote Sensing National Field Scientific Observation and Research Station, Wuhan 430072, P.R. China"
            ],
            "贡献": "主要承担工作：数据服务。",
            "简介": "男，博士，教授，研究方向为激光雷达探测技术与大气遥感。"
        },
        {
            "姓名": "焦菁",
            "机构": [
                "中国科学院国家空间科学中心，空间天气学国家重点实验室，北京 100190",
                "State Key Laboratory of Space Weather, National Space Science Center, Chinese Academy of Sciences, Beijing 100190, P.R. China"
            ],
            "贡献": "主要承担工作：数据服务。",
            "简介": "女，博士，副研究员，研究方向为中高层大气激光雷达探测。"
        },
        {
            "姓名": "陈廷娣",
            "机构": [
                "中国科学技术大学，地球和空间科学学院，合肥 230026",
                "School of Earth and Space Sciences, University of Science and Technology of China, Country, Hefei 230026, P.R. China"
            ],
            "贡献": "主要承担工作：数据生产。",
            "简介": "女，工程师，研究方向为大气激光雷达探测。"
        },
        {
            "姓名": "余长明",
            "机构": [
                "武汉大学电子信息学院，武汉 430072",
                "School of Electronic Information, Wuhan University, Wuhan 430072, P.R. China",
                "地球空间环境与大气测量教育部重点实验室，武汉 430072",
                "Key Laboratory of Geospatial Environment and Atmospheric Measurement Ministry of Education, Wuhan 430072, P.R. China",
                "大气遥感国家野外科学观测研究站，武汉 430072",
                "Atmospheric Remote Sensing National Field Scientific Observation and Research Station, Wuhan 430072, P.R. China"
            ],
            "贡献": "主要承担工作：数据生产。",
            "简介": "男，博士，副教授，研究方向为激光雷达探测技术与大气遥感。"
        },
        {
            "姓名": "柳付超",
            "机构": [
                "武汉大学电子信息学院，武汉 430072",
                "School of Electronic Information, Wuhan University, Wuhan 430072, P.R. China",
                "地球空间环境与大气测量教育部重点实验室，武汉 430072",
                "Key Laboratory of Geospatial Environment and Atmospheric Measurement Ministry of Education, Wuhan 430072, P.R. China",
                "大气遥感国家野外科学观测研究站，武汉 430072",
                "Atmospheric Remote Sensing National Field Scientific Observation and Research Station, Wuhan 430072, P.R. China"
            ],
            "贡献": "主要承担工作：数据生产。",
            "简介": "男，讲师，研究方向为激光雷达探测技术与大气遥感。"
        },
        {
            "姓名": "杨国韬",
            "机构": [
                "中国科学院国家空间科学中心，空间天气学国家重点实验室，北京 100190",
                "State Key Laboratory of Space Weather, National Space Science Center, Chinese Academy of Sciences, Beijing 100190, P.R. China"
            ],
            "贡献": "主要承担工作：数据服务。",
            "简介": "男，博士，研究员，研究方向为中高层大气激光雷达探测。"
        },
        {
            "姓名": "王继红",
            "机构": [
                "中国科学院国家空间科学中心，空间天气学国家重点实验室，北京 100190",
                "State Key Laboratory of Space Weather, National Space Science Center, Chinese Academy of Sciences, Beijing 100190, P.R. China"
            ],
            "贡献": "主要承担工作：数据生产。",
            "简介": "男，硕士，研究员，研究方向为中高层大气激光雷达探测。"
        },
        {
            "姓名": "杜丽芳",
            "机构": [
                "中国科学院国家空间科学中心，空间天气学国家重点实验室，北京 100190",
                "State Key Laboratory of Space Weather, National Space Science Center, Chinese Academy of Sciences, Beijing 100190, P.R. China"
            ],
            "贡献": "主要承担工作：数据生产。",
            "简介": "女，硕士，工程师，研究方向为激光雷达遥感探测技术与仪器研制。"
        }
    ],
    "基金": "国家重大科技基础设施子午工程；国家自然科学基金（41627804、40731055、40874081、41074111）。",
    "数据集名称": "2010–2020年激光雷达数据集",
    "数据作者": [
        "北京延庆站激光雷达钠层密度",
        "中国科学院国家空间科学中心\t\t\t合肥科大站激光雷达钠层密度",
        "中国科学技术大学\t\t\t武汉珞珈山台激光雷达钠层密度",
        "武汉大学\t\t\t海南海口站激光雷达钠层密度",
        "中国科学院国家空间科学中心\t\t\t北京延庆站激光雷达大气密度",
        "中国科学院国家空间科学中心\t\t\t合肥科大站激光雷达大气密度",
        "中国科学技术大学\t\t\t武汉珞珈山台激光雷达大气密度",
        "武汉大学\t\t\t海南海口站激光雷达大气密度",
        "中国科学院国家空间科学中心\t\t\t北京延庆站激光雷达大气温度",
        "中国科学院国家空间科学中心\t\t\t合肥科大站激光雷达大气温度",
        "中国科学技术大学\t\t\t武汉珞珈山台激光雷达大气温度",
        "武汉大学\t\t\t海南海口站激光雷达大气温度",
        "中国科学院国家空间科学中心"
    ],
    "数据通信邮箱": "北京延庆站激光雷达钠层密度：gtyang@spaceweather.ac.cn\t\t\t合肥科大站激光雷达钠层密度：xuexh@ustc.edu.cn\t\t\t武汉珞珈山台激光雷达钠层密度：yf@whu.edu.cn\t\t\t海南海口站激光雷达钠层密度：wangx@nssc.ac.cn\t\t\t北京延庆站激光雷达大气密度：gtyang@spaceweather.ac.cn\t\t\t合肥科大站激光雷达大气密度：xuexh@ustc.edu.cn\t\t\t武汉珞珈山台激光雷达大气密度：yf@whu.edu.cn\t\t\t海南海口站激光雷达大气密度：wangx@nssc.ac.cn\t\t\t北京延庆站激光雷达大气温度：gtyang@spaceweather.ac.cn\t\t\t合肥科大站激光雷达大气温度：xuexh@ustc.edu.cn\t\t\t武汉珞珈山台激光雷达大气温度：yf@whu.edu.cn\t\t\t海南海口站激光雷达大气温度：wangx@nssc.ac.cn",
    "时间范围": "2010–2020年",
    "空间范围": "北京延庆站（40.4°N，116.0°E），合肥科大站（31.6°N，117.3°E），武汉珞珈山站（30.5°N，114.2°E）、海南海口站（20.1°N，110.2°E）",
    "空间分辨率": "96 m",
    "数据量": "8800 MB",
    "数据格式": "MCS，ASCII，DAT",
    "数据组成": "数据集共包括120000个数据文件，包括原始采集数据集和反演数据集。其中：原始数据集记录了原始采集的回波光子数数据及数据采集时间、时空分辨率信息，数据量4000 MB；反演数据集记录了30–80 km范围大气温度剖面、80–110 km范围金属层原子数密度剖面分布，数据量4800 MB。",
    "数据采集和处理方法": "通过钠激光雷达和瑞利激光雷达向大气发射激光束，由于大气分子和金属原子的散射，从而使接收望远镜得到散射回来的光子数。对回波光子数进行反演处理便得到了本激光雷达数据集。1.1数据采集方法子午一期建立的激光雷达的工作过程大体相似，因此主要以子午一期延庆台站建立的钠激光雷达和瑞利激光雷达为例介绍。其发射单元结构示意图如图1所示。在发射单元中，一台Nd:YAG固体激光器（ContinuumPL9030）发出波长为1064nm的激光束，该激光束经过第一个倍频晶体后，产生了一束532nm的绿色激光束和剩余的1064nm基波光。532nm的绿色激光束经过扩束镜调整激光的发散角和准直度后，由全反镜发射到地球大气中，从而被用来进行瑞利信号的探测。对于剩余的1064nm的激光，采用二次倍频余光复用技术[10]将其进行二次倍频后得到另一束532nm的绿色激光束，用于泵浦钠染料激光器使其产生一束589nm的黄色共振激光束去探测钠原子层。该黄色激光束同样经过扩束镜后，由全反镜反射进入大气金属层中。532nm的绿色激光束和589nm的黄色激光束被同时发出，完成瑞利信号和钠原子层信号的探测。瑞利和钠原子层的回波光子由反射式望远镜接收。回波光子被反射到焦平面上然后进入石英光纤中，然后通过光纤到达准直透镜和滤光片，最后进入光电倍增管中。光电倍增管将光信号转化为电信号，最后由MCS采集卡采集数据。图1延庆台站钠激光雷达和瑞利激光雷达的发射单元此外，使用WS6-200波长计测量钠激光雷达和瑞利激光雷达发出的波长，并且使用自动锁频软件将波长的误差锁定在0.3pm之内。因此，激光雷达发出的波长较为准确。接收单元地主要设备是直径为1米地反射式望远镜，该望远镜主镜镀了铝加SiO2保护膜，能够实现回波光子的全波段接收。望远镜接收到的钠原子层的回波信号和瑞利散射信号经过窄带滤光片后，信号中的背景噪声以及其他波段的信号被抑制，只保留了589nm和532nm的回波信号。这些微弱的回波信号被高量子效率的光电倍增管转换为电信号之后，由光子计数卡进行数据采集。1.2数据处理方法1.2.1钠激光雷达数据钠激光雷达数据集包括共振荧光光子计数文件和钠层密度文件。荧光光子计数文件是钠激光雷达探测获得的原始数据文件。根据Megie[11]、Chu[12]提出的反演算法，将原始数据文件反演后得到钠层密度文件。其反演公式如下：其中，n是钠原子的密度；nr是参考高度处的大气数密度，通常取参考高度为35–40km；Ns和Nr分别是在高度z处和在参考高度zr处接收到的光子数；Nb是背景噪声；σeff是钠原子的有效散射截面，σeff=5.22e-16m2/sr；σr是参考高度处的瑞利散射截面，其值可由大气密度模式NRLMSISE-00获得。E是钠原子层的消光系数，它的值为钠原子的密度和有效散射截面乘积的积分。1.2.2瑞利激光雷达数据在瑞利激光雷达数据中，瑞利散射光子计数文件可以被用来反演30–80km的中层大气温度和密度。其中大气密度的反演公式为：其中ρ(z)表示高度z处的大气分子数密度；ρ(zr)表示归一化高度处的大气密度（可由NRLMSISE-00模式得到）；zr为归一化的参考高度，通常为30km以上；Ns是在高度zz处的光子数，Nr是参考高度处的回波光子数，Nb是背景噪声。若将ρ(zr)初始化为1，则得到了相对大气密度。在大气温度反演中，需要用到相对大气密度。对于中层大气的温度反演，AlainHauchecorne和Marie-LiseChanin[13]提出假设大气满足流体静力学平衡和理想气体状态方程，大气温度廓线可以由相对密度廓线反演得到，这个方法被称为CH方法。我们根据CH方法，我们选定参考高度zr（一般选择探测上限高度）后得到在高度zi处的大气温度T(zi)为：其中，R为理想气体常数，M为理想气体摩尔质量，g(z)为z高度处的重力加速度，T(zr)为参考高度处的大气温度（可由NRLMSISE-00模式得到）。",
    "数据描述": "子午一期的钠激光雷达和瑞利激光雷达的重复频率为30Hz，原始文件由1000个激光脉冲产生。因此，激光雷达数据集中，每一个数据文件的时间分辨率为33s。由于每一个激光脉冲的停留时间为640ns，故每一个数据文件的空间分辨率为96m。激光雷达数据集中包含原始数据集和二级科学数据集。瑞利散射光子计数文件和荧光散射光子计数文件是MCS格式的原始数据集。大气温度和密度文件以及钠层密度文件属于二级科学数据，其数据格式为ASCII，是由原始数据反演得到的。每一个数据文件名都包含了台站编码、设备类型编码、设备序号以及年月日和文件序号。激光雷达数据文件格式如表1。下载表1激光雷达数据文件格式数据项中文名数据项英文名简称记录格式中英文单位无效缺省值数值范围年YearYYYYA4月MonthMMA2日DayDDA2时HourHHA2小时/hour分MinuteMMA2分钟/minute秒SecondSSA2秒/second高度AltitudeF7.3千米/km0–1000光子计数PhotonsF9.6兆/秒（MB/s×105）大气温度TemperatureF8.3卡尔文/K−999.9990–1000大气密度DensityE12.5立方厘米/cm3−0.99999E+040–1030钠原子密度SodiumDensityE12.5立方厘米/cm3−0.99999E+040–105我们利用钠激光雷达和瑞利激光雷达的数据，得到了钠层典型的回波光子信号和瑞利回波信号，如图2所示。下载图2钠层回波（左）和瑞利回波（右）图3展示了将钠层和瑞利回波信号反演后，得到的典型的钠原子密度剖线以及大气密度和温度剖线。图3钠原子密度（上）大气密度（中）大气温度（下）此外，激光雷达的数据还可以进行重力波的研究。图4展示了利用2009–2012年的激光雷达数据，对北京地区重力波活动的研究结果[14]。图4不同波长重力波垂直波数的季节变化规律（上）和不同波长重力波垂直频率的季节变化分布（下）",
    "数据质量": "在钠激光雷达和瑞利激光雷达采集数据的过程中，我们使用了WS6-200波长计实时监测589nm和532nm，并且使用自动稳频软件严格控制了589nm和532nm这两个波长仅在0.3pm的范围内波动。这个波动误差对于钠原子层探测和瑞利信号获取的影响是微乎其微的。其次，在激光雷达系统的接收部分，使用了大口径的接收望远镜和窄带滤光片，很好地抑制了背景杂散噪声。这些细节提高了我们两台激光雷达的探测性能，并且得到了高信噪比的回波信号（图2）。由钠激光雷达获得的钠层典型回波信号（图2右）中可以看出，探测到的峰值光子数超过了8000，因此，由光子数起伏引起的不确定性约为1%（）。这个探测精度对于研究中层顶区域金属成分的动力学和化学过程以及大气波动的扰动是足够的。中层大气的密度与温度的相对误差一致，与回波光子数的平方根成反比。从图2左图中可以看出，在75km以上的回波光子数很小，因此会造成反演误差很大。所以，我们通过将瑞利激光雷达信号在时间和空间上的累加去增加反演精度。",
    "数据价值": "本数据集可支持低层大气波动、中层大气温度密度、电离层扰动、中高层大气与电离层耦合机制的相关研究，为空间天气现象的研究提供更多的数据支持。",
    "引用格式": "(1) 中国科学院国家空间科学中心. 北京延庆站激光雷达钠层密度[DB/OL]. 国家空间科学数据中心. (2010-04-22). DOI: 10.12176/01.05.042.(2) 中国科学技术大学. 合肥科大站激光雷达钠层密度[DB/OL]. 国家空间科学数据中心. (2010-08-09). DOI: 10.12176/01.05.054.(3) 武汉大学. 武汉珞珈山站激光雷达钠层密度[DB/OL]. 国家空间科学数据中心. (2010-07-07). DOI: 10.12176/01.05.061.(4) 中国科学院国家空间科学中心. 海南海口站激光雷达钠层密度[DB/OL]. 国家空间科学数据中心. (2011-06-17). DOI: 10.12176/01.05.047.(5) 中国科学院国家空间科学中心. 北京延庆站激光雷达大气密度[DB/OL]. 国家空间科学数据中心. (2010-04-20). DOI: 10.12176/01.05.040.(6) 中国科学技术大学. 合肥科大站激光雷达大气密度[DB/OL]. 国家空间科学数据中心. (2010-01-02). DOI: 10.12176/01.05.051.(7) 武汉大学. 武汉珞珈山站激光雷达大气密度[DB/OL]. 国家空间科学数据中心. (2010-05-25). DOI: 10.12176/01.05.059.(8) 中国科学院国家空间科学中心. 海南海口站激光雷达大气密度[DB/OL]. 国家空间科学数据中心. (2011-06-17). DOI: 10.12176/01.05.045.(9) 中国科学院国家空间科学中心. 北京延庆站激光雷达大气温度[DB/OL]. 国家空间科学数据中心. (2010-04-22). DOI: 10.12176/01.05.041.(10) 中国科学技术大学. 合肥科大站激光雷达大气温度[DB/OL]. 国家空间科学数据中心. (2010-01-02). DOI: 10.12176/01.05.052.(11) 武汉大学. 武汉珞珈山站激光雷达大气温度[DB/OL]. 国家空间科学数据中心. (2010-06-01). DOI: 10.12176/01.05.060.(12) 中国科学院国家空间科学中心. 海南海口站激光雷达大气温度[DB/OL]. 国家空间科学数据中心. (2010-05-04). DOI: 10.12176/01.05.046."
}