{
    "类目名称": "国家重大科技基础设施子午工程专题",
    "名称": "2012年南极中山站高频相干散射雷达数据集",
    "资源信息链接地址": "http://dx.doi.org/10.12176/01.06.028（高频雷达RAWACF）http://dx.doi.org/10.12176/01.06.029（                                            \t\t\t 高频雷达FITACF）http://dx.doi.org/10.12176/01.06.030（高频雷达回波参数图）",
    "摘要": "摘要：中山站高频相干散射雷达位于我国南极中山站西南高地（～69.4°，～76.4°），于2010年4月建成并投入常规运行，是目前我国在南极地区架设的唯一一部高频相干散射雷达，于2012年加入国际超级双子极光雷达网（Super Dual Auroral Radar Network，SuperDARN）。其获取的等离子体视线速度对于开展极区电离层对流观测研究具有重要的意义。本数据集包含2012年雷达rawacf、fitacf格式的数据文件以及雷达视距时间强度图（Range-Time-Intensity，RTI）。本数据集可以用来开展地球极区磁层-电离层能量耦合、高纬电离层对流、电离层不均匀体结构、磁层亚暴动力学等方面的研究。",
    "关键词": "相干散射雷达；极区电离层；电离层对流；电离层不均匀体",
    "参考引用": [
        {
            "名称": "COWLEY S W H. The causes of convection in the Earth’s magnetosphere: a review of developments during IMS[J]. Reviews of Geophysics, 1982, 20: 531-565.",
            "资源信息链接地址": "http://xueshu.baidu.com/s?wd= The causes of convection in the Earth’s magnetosphere: a review of developments during IMS"
        },
        {
            "名称": "HU H Q, LIU E X, LIU R Y, et al. Statistical characteristics of ionospheric backscatter observed by SuperDARN Zhongshan radar in Antarctica, Advances in Polar Science, 2013, 24: 19-31.",
            "资源信息链接地址": "http://xueshu.baidu.com/s?wd=[2]HU H Q, LIU E X, LIU R Y, et al."
        },
        {
            "名称": "徐良，徐继生，KOUSTOV A V. 一次行星际磁场南向突变的高纬电离层对流响应特征[J]. 地球物理学报, 2007, 6: 1623-1631.",
            "资源信息链接地址": "http://xueshu.baidu.com/s?wd= 一次行星际磁场南向突变的高纬电离层对流响应特征"
        },
        {
            "名称": "刘二小, 胡红桥, 刘瑞源, 等. 中山站高频雷达回波的日变化特征及地磁活动的影响[J]. 地球物理学报, 2012, 55: 3066-3076.",
            "资源信息链接地址": "http://xueshu.baidu.com/s?wd= 中山站高频雷达回波的日变化特征及地磁活动的影响"
        },
        {
            "名称": "黄德宏, 胡红桥, 刘瑞源, 等. 南极中山站极区空间环境观测系统[J]. 极地研究, 2016, 28: 1-10.",
            "资源信息链接地址": "http://xueshu.baidu.com/s?wd= 南极中山站极区空间环境观测系统"
        },
        {
            "名称": "LESTER M, CHAPMAN P J, COWLEY S W H, et al. Stereo CUTLASS - A new capability for the SuperDARN HF radars[J]. Annales Geophysicae, 2004, 22: 459-473.",
            "资源信息链接地址": "http://xueshu.baidu.com/s?wd= Stereo CUTLASS - A new capability for the SuperDARN HF radars"
        },
        {
            "名称": "刘二小. SuperDARN高频雷达回波特征研究[D]. 西安: 西安电子科技大学, 2013.",
            "资源信息链接地址": "http://xueshu.baidu.com/s?wd= SuperDARN高频雷达回波特征研究"
        },
        {
            "名称": "ZHANG J J, WANG W, WANG C, et al. First observation of ionospheric convection from the Jiamusi HF radar during a strong geomagnetic storm[J]. Earth and Space Science, 2020, 7: 1-11.",
            "资源信息链接地址": "http://xueshu.baidu.com/s?wd= First observation of ionospheric convection from the Jiamusi HF radar during a strong geomagnetic storm"
        },
        {
            "名称": "THOMAS E G, PONOMARENKO P V, BLAND E C, et al. SuperDARN Data Analysis Working Group. Participating members, SuperDARN Radar Software Toolkit (RST) 4.0. 2017, Zenodeo[EB/OL].[ 2020-07-21]. https://doi.org/10.5281/zenode.801459.",
            "资源信息链接地址": "http://xueshu.baidu.com/s?wd= SuperDARN Data Analysis Working Group. Participating members, SuperDARN Radar Software Toolkit (RST) 4.0. 2017, Zenodeo[EB/OL]."
        },
        {
            "名称": "MARINA S, DANIEL B, ASHTON R, et al. SuperDARN/pydarn: pyDARN v1.0.0 release. 2020, Zenodeo[EB/OL].[ 2020-07-21]. https://zenode.org/record/3727270.",
            "资源信息链接地址": "http://xueshu.baidu.com/s?wd= SuperDARN/pydarn: pyDARN v1.0.0 release. 2020, Zenodeo[EB/OL]."
        }
    ],
    "作者": [
        {
            "姓名": "刘建军",
            "机构": [
                "自然资源部极地科学重点实验室，中国极地研究中心，上海 201136",
                " Key Laboratory of Polar Science, Polar Research Institute of China, Shanghai 200136, P.R. China"
            ],
            "贡献": "主要承担高频雷达数据传输、校验、数据库建设及数据共享。",
            "简介": "（1982—），男，内蒙古丰镇人，博士，副研究员，研究方向为基于高频相干散射雷达探测等的极区磁层-电离层耦合。"
        },
        {
            "姓名": "胡红桥",
            "机构": [
                "自然资源部极地科学重点实验室，中国极地研究中心，上海 201136",
                " Key Laboratory of Polar Science, Polar Research Institute of China, Shanghai 200136, P.R. China"
            ],
            "贡献": "中山站高频相干散射雷达项目负责人。",
            "简介": "（1967—），男，湖北孝感人，博士，研究员，研究方向为极区磁层-电离层耦合，极光物理等。"
        },
        {
            "姓名": "陈相材",
            "机构": [
                "自然资源部极地科学重点实验室，中国极地研究中心，上海 201136",
                " Key Laboratory of Polar Science, Polar Research Institute of China, Shanghai 200136, P.R. China"
            ],
            "贡献": "主要承担数据库建设和数据处理。",
            "简介": "（1987—），男，四川内江人，博士，助理研究员，研究方向为极区电离层物理、磁层-电离层耦合。"
        }
    ],
    "基金": "国家重大科技基础设施子午工程；国家自然科学基金（41974185、41304149）",
    "数据集名称": "2012年南极中山站高频相干散射雷达数据集",
    "数据作者": [
        "中国极地研究中心"
    ],
    "数据通信邮箱": "hhq@pric.org.cn",
    "时间范围": "2012年",
    "空间范围": "中山站高频相干散射雷达地理坐标～69.4°S、～76.4°E，地磁纬度−74.5°，磁地方时比世界时早1.75小时，地方时比世界时早5小时。雷达中心波束方向北偏东72.5°，雷达理论视距范围180–3500公里，扫描方位角覆盖～52°。",
    "空间分辨率": "45 km",
    "数据量": "28GB(fitacf), 281GB(rawacf)",
    "数据格式": "*.rawacf, *.fitacf, *.ps",
    "数据组成": "数据集共包括3种类型数据文件，其中：(1) ZSZ_HFR01_DCF_L01_02H_*.rawacf是rawacf数据，每2小时生成一个文件；(2)ZSZ_HFR01_DPV_L21_02H_*.fitacf是fitacf数据，每2小时生成一个文件；（3）ZSZ_HFR01_IPL_L31_02H_*.ps是雷达视距时间强度图，每2小时一个文件。",
    "数据采集和处理方法": "中山站高频雷达由于天线体积庞大和占地面积较大等原因而无法实现机械转动，因此使用相控阵列天线来控制辐射方向。首先，系统的信号发生器会产生射频脉冲序列，然后与背景信号一起通过信号合成仪。对于相控阵列，需要利用功分器将射频信号分成若干所需信号，然后通过相位矩阵错相使信号的最大辐射方向调整为要求的波束方向。接着，射频信号传送到每个天线独立的发射机中经过功率放大器使信号电平达到所需的量级。然后，信号经过传输线传输到终端天线辐射出去，从天线辐射的信号传播到自由空间然后从目标散射。一些散射信号经过辐射返回到天线，从而进入到雷达的接收通道。其中，雷达系统最关键的部分就是发射机中用于隔离功放输出和接收机前端的收/发转换开关。由于该开关的保护，使得灵敏的发射机前端免受来自功率放大器的高功率信号的破坏。该开关同样使得雷达系统使用相同的天线用于发射和接收信号，这样就可以节省空间和成本。当接收到射频信号后，通过接收/发射（Tx/Rx）开关进入到接收机电子元器件中。从Tx/Rx开关出来后，接收信号会通过另外一个类似于发射时的用于信号错相的相位矩阵。然后，接收到的射频信号经过功率分配与合成器到达接收机前端。前端选择需要的射频信号并且利用功放将其幅度增强用于后期的数据处理，这样信号就可以输出到显示器或者存储于电脑中[7]。图2所示为中山站高频雷达室内机柜和设备分布。图2中山站高频雷达控制机房机柜及其分布图",
    "数据描述": "以雷达全波束扫描时间分辨率为1min为例，雷达每2小时生成一个rawacf数据文件，雷达计算机控制电脑对回波信号的自相关函数进行谱分析，即利用FITACF方法做计算，得到电离层中场向不规则体的回波强度、多普勒视线速度以及多普勒谱展宽。这些参数存储在一个fitacf文件中。数据格式如表1所示。下载表1fitacf文件基本信息参量名称数据类型注释radar.revision.major字符串雷达控制系统主要版本编号radar.revision.minor字符串雷达控制系统次要版本编号cp整型控制程序标识stid整型雷达站址标识time整型fitacf文件记录时间txpow整型发射功率nave整型发射的脉冲序列号atten整型衰减级数lagfr整型到第一个距离门的时延smsep整型采样间隔stat.agc整型接收机增益状态值stat.lopwr整型雷达LOPWR状态值noise.search浮点型计算的噪声noise.mean浮点型频段内平均噪声channel整型双通道雷达通道编号bmnum整型波束数目bmazm浮点型波束方位角幅度scan整型扫描标示offset整型通道偏置rxrise整型接收机脉冲上升时间intt.sc整型总积分时间量intt.us整型积分时间小数部分txpl整型脉冲长度mpinc整型多脉冲步进值mppul整型连续脉冲数目mplgs整型连续时延数目nrang整型距离门数目frang整型到第一门距的距离rsep整型设定距离分辨率tfreq整型发射频率mxpwr整型最大频率lvmax整型准许的最大噪声fitacf.revision.major整型FitACF算法主要版本编号fitacf.revision.minor整型FitACF算法次要版本编号noise.sky浮点型天空噪声noise.lag0浮点型自相关噪声零级时延noise.vel浮点型噪声速度值nlag整型文件中数据点个数gflg字符串地面散射标识p_l浮点型回波强度v浮点型多普勒速度值w_l浮点型频谱宽度sd_s浮点型标准偏差elv浮点型回波到达角利用中山站高频相干散射雷达获取的观测数据，图3给出了2012年7月15日该雷达A通道第七波束的视距时间强度图。从上到下依次是雷达回波强度、多普勒视线速度和谱展宽。右上角表示中山站雷达运行在双通道快速扫描模式。图4所示为该日9时11和12分的雷达参数扇面图。图3中山站高频雷达A通道第七波束于2012年7月15日观测的视距时间强度图从上至下依次是雷达回波强度、多普勒视线速度和谱展宽随时间的变化图4中山站高频雷达于2012年7月15日9点11分和12分观测的扇面图从上至下依次是雷达回波强度、多普勒视线速度和谱展宽的扇面图",
    "数据质量": "高频相干散射雷达的回波信号主要依靠雷达无线电波与磁力线的正交关系以及电离层不均匀体的分布情况，满足无线电波与磁力线正交条件、电离层不规则体分布越广，一般来说雷达回波就越丰富。高频相干散射雷达系统是一套成熟的设备，中山站雷达运行至今稳定可靠，由于南极考察站和国内之间网络通信能力无法保证数据实时回传，通常由队员随船第二年带回国内。为保证数据的可靠性，采用如下流程对数据的质量进行控制：（1）为确保GPS授时准确，在站队员定期对控制系统的时间电脑进行检测。（2）数据负责人重复使用GNU开源软件包内置的gunzip解压缩程序检测数据的完整性，再对文件的大小进行计算，确保文件完整无损。（3）最后使用SuperDARN雷达网组织专用的开源软件工具包RadarSoftwareToolkit（RST）进行数据拟合自相关FITACF的计算，剔除无效数据，得到最终有效数据。（4）按照子午数据文件命名规则对不同格式的数据进行重命名。最终数据由中国极地研究中心数据节点站上传至子午工程数据中心。雷达控制系统按照每2小时生成一个文件，2012年总共应有4392个rawacf文件和相同数量的fitacf文件，现有4130个文件，即rawacf和fitacf类型的数据分别缺失262个。造成缺失的原因主要是中山站站区供电系统断电、发射机故障、雷达数据控制电脑存储空间用尽等原因所致。",
    "数据使用和建议": "中山站高频相干散射雷达的观测数据可用于研究局地电离层对流、重力波和行星波、流星余迹和中性风等。高频雷达与极光、地磁等的联合观测可用于高纬电离层等离子体对流、遥测磁层顶重联和磁层亚暴动力学等过程的研究。多部SuperDARN高频雷达的协同观测，能够对高纬电离层开展全域对流的研究，对磁层-电离层耦合的动力学演化、中大尺度电离层扰动空间天气现象的研究具有重要的科学价值[8]。中山站高频相干散射雷达与我国现有的极区高空大气物理观测系统构成的极区空间环境监测系统，可用于极区空间环境的探索研究并服务于航空任务的极区现场感知。高频相干散射雷达作为传统的电离层探测手段，到目前为止探测技术发展成熟，雷达数据处理软件丰富。集数据分析、数值模拟和快速可视化为一体的软件是雷达RST程序包[9]，该程序包定期更新，由SuperDARN组织下属的雷达数据分析工作组负责开发维护。基于IDL、Matlab和更加流行的Python语言开发的、相对更加科学化的数据可视化程序软件包括了GO、DaViT、IUGONET、pyDARN等[10]。大多数程序包在互联网公开，或者也可向开发单位咨询索取。SuperDARN所有雷达的观测数据则主要面向雷达网组织内成员共享，共享分发的数据是RAWACF文件，该数据文件较大。中山站高频雷达作为SuperDARN组织的成员雷达之一，使用上述软件工具包即可对中山站高频雷达数据开展科学分析。欢迎相关科技工作者使用，如需RAWACF数据文件，可从子午工程数据网站下载，数据分析过程中遇到的问题请随时与作者联系咨询。",
    "引用格式": "中国极地研究中心. 南极中山站高频雷达RAWACF[DB/OL]. 国家空间科学数据中心. (2010-04-03). DOI: 10.12176/01.06.028.中国极地研究中心. 南极中山站高频雷达FITACF[DB/OL]. 国家空间科学数据中心. (2010-04-03). DOI: 10.12176/01.06.029.中国极地研究中心. 南极中山站高频雷达回波参数图[DB/OL]. 国家空间科学数据中心. (2010-04-03). DOI: 10.12176/01.06.030."
}