{
    "类目名称": "国家重大科技基础设施子午工程专题",
    "名称": "2012年北京MST雷达（香河站）大气水平风场数据集",
    "资源信息链接地址": "http://www.dx.doi.org/10.12176/01.05.019",
    "摘要": "摘要：大气水平风场是研究大气动力特征、过程以及上下层之间的动力耦合的重要参数。MST（Mesosphere Stratosphere and Troposphere）雷达在大气风场探测中发挥独特的作用，可获取高时空分辨率的大气风场廓线数据。在国家重大科技基础设施项目子午工程支持下由中国科学院大气物理研究所建设的北京MST雷达位于中国科学院大气物理研究所香河大气综合观测试验站（39.75°N，116.96°E）。本数据集包含2012年北京MST雷达探测的3–25 km大气水平风速、水平风向数据。垂直分辨率600米，探测时间间隔为30分钟。去除异常点后的风场廓线与探空数据有很好的一致性。本数据集可在对流层–下平流层大气风场、波动等大气动力学以及大气过程研究中发挥独特作用。",
    "关键词": "北京MST雷达；水平风速；水平风向；对流层–下平流层；香河站",
    "参考引用": [
        {
            "名称": "WOODMAN R F, GUILLEN A. Radar observations of winds and turbulence in the stratosphere and mesosphere[J]. Journal of Atmospheric Sciences, 1974, 31(2): 493-505 DOI:10.1175/152-0-0469(1974)031<0493:roowat>2.0.co;2.",
            "资源信息链接地址": "http://xueshu.baidu.com/s?wd= Radar observations of winds and turbulence in the stratosphere and mesosphere"
        },
        {
            "名称": "吕达仁. 地球环境和气候变化探测与过程研究[M]. 北京: 气象出版社, 1997, 51-56.",
            "资源信息链接地址": "http://xueshu.baidu.com/s?wd= 地球环境和气候变化探测与过程研究"
        },
        {
            "名称": "LI W, LU D. Preliminary results of atmospheric turbulence observation with Xianghe MST/ST radar[J]. Acta Meteorologica sinica, 1998, 12(4): 394-399.",
            "资源信息链接地址": "http://xueshu.baidu.com/s?wd= Preliminary results of atmospheric turbulence observation with Xianghe MST/ST radar"
        },
        {
            "名称": "吕达仁, 陈洪滨. 平流层和中层大气研究的进展[J]. 大气科学, 2003, 27(4): 750-769.",
            "资源信息链接地址": "http://xueshu.baidu.com/s?wd= 平流层和中层大气研究的进展"
        },
        {
            "名称": "TIAN Y F, LU D R. Comparison of Beijing MST radar and radiosonde horizontal wind measurements[J]. Advances in Atmospheric Sciences, 2017, 34(1): 39-53 DOI: 10.1007/s00376-016-6129-4.",
            "资源信息链接地址": "http://xueshu.baidu.com/s?wd= Comparison of Beijing MST radar and radiosonde horizontal wind measurements"
        },
        {
            "名称": "田玉芳, 吕达仁. 北京MST雷达探测中间层-低热层观测结果初步分析[J]. 地球物理学报, 2016, 59(02): 440-452.",
            "资源信息链接地址": "http://xueshu.baidu.com/s?wd= 北京MST雷达探测中间层-低热层观测结果初步分析"
        },
        {
            "名称": "田玉芳. 晴空大气探测雷达对大气层几个层区的探测与应用研究[D]. 北京: 中国科学院大学, 中国科学院大气物理研究所, 2016.",
            "资源信息链接地址": "http://xueshu.baidu.com/s?wd= 晴空大气探测雷达对大气层几个层区的探测与应用研究"
        },
        {
            "名称": "HUANG C, ZHANG S, CHEN G, et al. Planetary Wave Characteristics in the Lower Atmosphere Over Xianghe (117.00 degrees E, 39.77 degrees N), China, Revealed by the Beijing MST Radar and MERRA Data[J]. Journal of Geophysical Research-Atmospheres, 2017, 122(18): 9745-9758.",
            "资源信息链接地址": "http://xueshu.baidu.com/s?wd= Planetary Wave Characteristics in the Lower Atmosphere Over Xianghe (117.00 degrees E, 39.77 degrees N), China, Revealed by the Beijing MST Radar and MERRA Data"
        },
        {
            "名称": "CHEN F, CHEN G, SHI C, et al. Strong downdrafts preceding rapid tropopause ascent and their potential to identify cross-tropopause stratospheric intrusions[J]. Annales Geophysicae, 2018, 36(5):1403-1417.",
            "资源信息链接地址": "http://xueshu.baidu.com/s?wd= Strong downdrafts preceding rapid tropopause ascent and their potential to identify cross-tropopause stratospheric intrusions"
        },
        {
            "名称": "CHEN F, CHEN G, TIAN Y F, et al. High-resolution Beijing mesosphere-stratosphere-troposphere (MST) radar detection of tropopause structure and variability over Xianghe (39.75 degrees N, 116.96 degrees E), China[J]. Annales Geophysicae, 2019, 37(4): 631-643.",
            "资源信息链接地址": "http://xueshu.baidu.com/s?wd= High-resolution Beijing mesosphere-stratosphere-troposphere (MST) radar detection of tropopause structure and variability over Xianghe (39.75 degrees N, 116.96 degrees E), China"
        },
        {
            "名称": "HUANG K M, XI Y, WANG R, et al. Signature of a Quasi 30-Day Oscillation at Midlatitude Based on Wind Observations From MST Radar and Meteor Radar[J]. Journal of Geophysical Research-Atmospheres, 2019, 124(21): 11266-11280.",
            "资源信息链接地址": "http://xueshu.baidu.com/s?wd= Signature of a Quasi 30-Day Oscillation at Midlatitude Based on Wind Observations From MST Radar and Meteor Radar"
        },
        {
            "名称": "BALSLEY B B, GAGE K S. The MST radar technique: Potential for middle atmospheric studies[J]. Pure & Applied Geophysics, 1980, 118(1):452-493 DOI: 10.1007/bf01-586464.",
            "资源信息链接地址": "http://xueshu.baidu.com/s?wd= The MST radar technique: Potential for middle atmospheric studies"
        },
        {
            "名称": "陈泽. 基于北京MST雷达的数据处理算法改进及对流层顶区大气探测研究[D]. 北京: 中国科学院大学, 中国科学院大气物理研究所, 2020.",
            "资源信息链接地址": "http://xueshu.baidu.com/s?wd= 基于北京MST雷达的数据处理算法改进及对流层顶区大气探测研究"
        },
        {
            "名称": "PETITDIDIER M, SY A, GARROUSTE A, et al. Statistical characteristics of the noise power spectral density in UHF and VHF wind profilers[J]. Radio Science, 1997, 32(3): 1229-1247 DOI: 10.1029/97rs00250.",
            "资源信息链接地址": "http://xueshu.baidu.com/s?wd= Statistical characteristics of the noise power spectral density in UHF and VHF wind profilers"
        },
        {
            "名称": "WOODMAN R F. Spectral moment estimation in MST radars[J]. Radio Science, 1985, 20(6): 1185-1195.",
            "资源信息链接地址": "http://xueshu.baidu.com/s?wd= Spectral moment estimation in MST radars"
        }
    ],
    "作者": [
        {
            "姓名": "田玉芳",
            "机构": [
                "中国科学院大气物理研究所中层大气和全球环境探测重点实验室（LAGEO）",
                "Key Laboratory of Middle Atmosphere and Global Environment Observation (LAGEO), Institute of Atmospheric Physics, Chinese Academy of Sciences",
                "中国科学院大气物理研究所香河大气综合观测试验站",
                "Xianghe Observatory of Whole Atmosphere, Institute of Atmospheric Physics, Chinese Academy of Sciences",
                "中国科学院大学",
                "University of Chinese Academy of Sciences"
            ],
            "贡献": "主要承担工作：数据处理及质量检验。",
            "简介": "（1989—），女，山西朔州人，博士，博士后，研究方向为全大气层（边界层、对流层-平流层、中间层-低热层）动力特征、过程及大气层之间垂直耦合研究。主要应用大气雷达如MST雷达、ST雷达、风廓线雷达等开展研究。"
        },
        {
            "姓名": "陈泽",
            "机构": [
                "中国科学院大气物理研究所中层大气和全球环境探测重点实验室（LAGEO）",
                "Key Laboratory of Middle Atmosphere and Global Environment Observation (LAGEO), Institute of Atmospheric Physics, Chinese Academy of Sciences",
                "中国科学院大气物理研究所香河大气综合观测试验站",
                "Xianghe Observatory of Whole Atmosphere, Institute of Atmospheric Physics, Chinese Academy of Sciences",
                "中国科学院大学",
                "University of Chinese Academy of Sciences"
            ],
            "贡献": "主要承担工作为：数据处理。",
            "简介": "（1993—），男，湖北大冶人，硕士，研究方向为基于MST雷达的中层大气特征与过程研究。"
        },
        {
            "姓名": "吕达仁",
            "机构": [
                "中国科学院大气物理研究所中层大气和全球环境探测重点实验室（LAGEO）",
                "Key Laboratory of Middle Atmosphere and Global Environment Observation (LAGEO), Institute of Atmospheric Physics, Chinese Academy of Sciences",
                "中国科学院大气物理研究所香河大气综合观测试验站",
                "Xianghe Observatory of Whole Atmosphere, Institute of Atmospheric Physics, Chinese Academy of Sciences",
                "中国科学院大学",
                "University of Chinese Academy of Sciences"
            ],
            "贡献": "主要承担工作：数据质量检验。",
            "简介": "（1940—），男，江苏常熟人，硕士，研究员，研究方向为大气物理、地球\\大气系统遥感原理与技术研究、日地物理及地球系统过程研究等。"
        }
    ],
    "基金": "国家重大科技基础设施子午工程；国家自然科学基金（41905042）；中国科学院重大科技基础设施开放研究项目“基于子午工程的中低纬大气层-电离层的相互作用研究”。",
    "数据集名称": "北京MST雷达（香河站）产品中模式数据",
    "数据作者": "田玉芳（tianyufang@mail.iap.ac.cn）",
    "时间范围": "2012年",
    "空间范围": "中国科学院大气物理研究所香河大气综合观测试验站（39.75°N，116.96°E）",
    "数据量": "31.3 MB",
    "数据格式": "*.dat",
    "数据组成": "数据集共包括11801个数据文件，均为北京MST雷达（香河站）中模式产品数据，数据量31.3 MB。",
    "数据采集和处理方法": "1.1雷达探测原理MST雷达应用相控阵以及数字波束合成技术，依次发射东西南北垂直5个波束，当雷达发射的电磁波遇到大气折射指数不规则体（湍流活动导致大气温度、湿度等的脉动使得大气折射指数发生变化）产生湍流散射，散射气团随风移动，通过接收各波束的散射回波来合成得到大气风场信息。此外，MST雷达的回波机制还包括镜面反射和热散射，分别主要在对流层顶区以及中间层–低热层起作用[12]。北京MST雷达天线阵及雷达探测原理示意图见图1[13]。图1北京MST雷达天线阵及探测原理示意图[13]1.2信号处理大气回波信号由雷达天线接收经馈线传输至组件接收端，经滤波放大后传输至采样，再由进行波束合，经信号处理机进行脉冲压缩、时域积累（相干积累）、去偏移滤波、加窗处理、谱分析、杂波抑制、频域积累（谱平均）最后得到功率谱密度数据，供下一步进行数据处理，得到大气参数信息。1.3数据处理数据处理过程通过对功率谱密度数据进行预处理、噪声电平估算、目标回波识别、谱矩估算，将各波束得到的径向速度进行合成来得到大气风场数据。图2为雷达数据处理过程流程图，相关处理步骤如下：图2MST雷达数据处理流程图（1）预处理在处理功率谱密度数据之前，先进行零频去直流以及三点平滑处理。由于地杂波等影响，雷达功率谱密度图中零频处会出现异常高值，取零频左右各两点的功率谱密度均值代替零频原有值，之后再对功率谱密度数据进行三点平滑处理，可部分消除地杂波、脉冲噪声的影响，提高信噪比与谱峰识别能力。图3给出2012年1月4日01:40（世界时）北京MST雷达西波束探测12km高度处原始及经过预处理后的功率谱密度图。图3北京MST雷达一次探测原始及经过预处理后的功率谱密度图（2）噪声电平估算采用分段平均法来快速估算噪声电平值。该方法基于噪声服从自由度为2N/k2N/k的χ2χ2分布的假设，将某个距离库上FFT点数为N的功率谱密度数据分为k段，计算每一段的均值，将最小均值作为该距离库的噪声电平值，实际使用时通常选取k=8[14]。图3在功率谱密度图中给出了应用分段平均法（八段）处理得到的噪声电平值，信号在该值之上。这种方法算法复杂度低，计算速度快，易于实现。（3）目标回波识别MST雷达的探测目标为大气折射指数不规则体，也即大气湍涡。其作为大气风场探测的示踪物，由于大气风场具有时空连续性，使得MST雷达可以探测到这种时空连续性的特征。MST雷达的回波功率谱密度满足高斯分布特征，目标信号在功率谱密度图中为功率最大、峰值最大、谱宽最大的峰区。找出每一个距离库功率谱密度数据中的所有信号，即高于噪声电平的数据段。计算各信号段频移点上的功率谱数据之和，该值最大者被认为是准目标回波。再基于目标信号的时空连续性（上下距离库及相邻时次，目标回波对应的中心频移变化是连续的）以及对称波束目标回波中心频移对称性（南北波束、东西波束在假设大气水平风场均匀时，对称波束在同高度距离库上所测得的径向速度具有对称性）来确定目标回波。图4为2012年1月4日01:40（世界时）北京MST雷达东西、南北波束分别在4个距离库高度的功率谱密度图及目标回波识别结果，可见通过以上方法可排除干扰信号，确定目标回波。图4北京MST雷达东西、南北波束功率谱密度图及目标回波识别结果（加粗曲线）（4）谱矩估算对于每个波束、每个距离库的功率谱数据，计算信号功率谱的0阶矩、一阶矩和二阶矩，计算公式如下[15]：零阶距，即目标回波功率，对目标回波部分的功率谱密度SiSi积分：M0=∑Ni=1SiM0=∑i=1NSi（1）其中，M0M0是目标回波功率，N为目标回波的总FFT点数，SiSi是第i个点的功率谱密度。一阶矩，即多普勒频移:M1f=1M0∑Ni=1(Si∗fi)M1f=1M0∑i=1N(Si∗fi)（2）其中fifi为第i个点的频率。二阶中心矩，即多普勒频移谱宽:M2f=1M0∑Ni=1Si⋅(fi−M1f)2M2f=1M0∑i=1NSi⋅(fi−M1f)2（3）多普勒频移ff与多普勒速度vrvr存在以下关系：f=±2vrλf=±2vrλ（4）其中λλ为雷达波长。因此可以将多普勒频移与多普勒频移谱宽换算成多普勒速度与速度谱宽。某距离库的最大多普勒速度为：νmax=14Mλfrνmax=14Mλfr（5）其中，M为相干积累数，frfr为脉冲重复频率。（5）风场合成对于五波束探测的MST雷达，根据径向速度计算出水平风的经向与纬向分量，再进行合成，具体计算公式如下所示：⎧⎪⎪⎪⎪⎪⎪⎪⎪⎨⎪⎪⎪⎪⎪⎪⎪⎪⎩uE=VrE−ω⋅cosθsinθuW=VrW−ω⋅cosθsinθvN=VrN−ω⋅cosθsinθvS=VrS−ω⋅cosθsinθ{uE=VrE−ω⋅cosθsinθuW=VrW−ω⋅cosθsinθvN=VrN−ω⋅cosθsinθvS=VrS−ω⋅cosθsinθ（6）⎧⎪⎪⎪⎨⎪⎪⎪⎩u=uE+uW2v=uN+uS2ω=Vrz{u=uE+uW2v=uN+uS2ω=Vrz（7）其中，VriVri是指第i波束的径向速度，E/S/W/N/ZE/S/W/N/Z分别指东、南、西、北与垂直波束。θθ为斜波束的天顶角，u、v与ωu、v与ω分别是纬向风、经向风与垂直速度。1.4数据传输与发布北京MST雷达探测数据生成后实时传输到子午工程数据中心进行发布。",
    "数据描述": "数据集为MST雷达中模式探测的实时采样高度上的产品数据。数据文件由文件头和数据项组成。第一行为文件头，依次为观测的年、月、日、小时、分钟、台站代码以及设备号。第二行开始为数据项。数据项按照高度先后顺序，由每个高度的观测值连续排列组成，观测值包含高度、水平风向、水平风速、垂直速度以及大气折射率结构常数C2nCn2这5个变量。本文只介绍水平风速与水平风向数据。数据样例如图5所示，文件名为“XHT_MST01_DWM_L21_STP_20120201001010.dat”，数据项目格式如表1所示。图6给出了数据廓线样例图。图5北京MST雷达中模式产品数据样例下载表1北京MST雷达中模式产品数据项格式第N列数据项中文名称数据项英文名称记录格式物理单位（中英文）无效缺省值数值范围1高度Altf6.2公里（km）/0–1602水平风向Df7.2度（°）9999.000–3603水平风速Sf7.2米秒（m/s）9999.000–200图6北京MST雷达201203082310探测的水平风向、风速廓线图",
    "数据质量": "由于MST雷达的探测目标主要是大气湍涡，回波信号弱，易受到杂波干扰。在经过信号处理、数据处理之后，仍然会出现个别异常值点。因此在使用数据之前，需要做质量控制。可采用3倍标准差准则来剔除异常值点，保证风场数据的时空连续性。对于MST雷达探测的每条廓线，先做5点中心平均，将得到的廓线作为参考廓线，计算原始廓线与参考廓线的差值。如果差值在Av±3σAv±3σ（AvAv和σσ分别为差值数据的平均值以及标准差）范围之外，则其对应的点被识别为异常值而去掉[5]。Tian和Lu[5]将北京MST雷达2012年全年3–25km水平风速、风向与北京探空数据做比对分析，共427组对比廓线，15210组对比点。廓线个例对比结果显示二者有很好的一致性。进一步的统计结果表明水平风速、风向的相关系数分别为0.97、0.92，平均差值分别为−0.44m/s、0.77°，平均绝对差值分别为2.51m/s、12.02°，均方根误差分别为2.28m/s与21.78°，相对偏差分别为7%与2%。图7给出MST雷达与探空测得的水平风速、风向、纬向风、经向风在各高度上季节、年平均的相关系数、差值以及差值的标准差分布廓线图[5]。全年平均来看，各高度上水平风速平均差值在−2～2m/s之间。表明MST雷达与探空探测的水平风有很好的一致性，MST雷达数据可靠。图7MST雷达与探空测得的水平风速ws,水平风向wd,纬向风u和经向风v在各高度上季节、年平均的相关系数、差值以及差值的标准差廓线图[5]MST雷达系统复杂，发射功率大，且全天时连续工作。为了保证雷达可长期运行，在雷达运行初期间歇性停机调整雷达状态，因此数据非完全连续。",
    "数据使用和建议": "本数据集可以用来开展对流层–下平流层大气动力特征与过程等方面的研究。本数据集是雷达观测的产品数据，使用前建议根据研究、应用需求做质量控制剔除异常值点。由于雷达发射功率所限，18km以上数据获取率与可靠性下降，建议使用时需谨慎。对数据连续性有要求时，需先查看雷达数据获取的时间信息。",
    "引用格式": "中国科学院国家空间科学中心大气物理研究所. 河北香河站MST雷达产品中模式数据[DB/OL]. 国家空间科学数据中心. (2011-09-20). DOI: 10.12176/01.05.019."
}