{
    "类目名称": "其他数据论文",
    "名称": "2016–2017年淘宝网受保护鹦鹉和龟类销售数据集",
    "资源信息链接地址": "http://www.dx.doi.org/10.11922/sciencedb.j00001.00138",
    "摘要": "摘要：野生动物贸易是生物多样性安全的主要威胁之一。了解其空间格局及驱动因素对于高效投入保护资源和科学制定保护策略尤其重要。电子商务平台虽然可能会为野生动物交易提供便利，但也成为大空间尺度调查的一个重要途径。本数据集以淘宝网作为调查平台，收集了2016–2017年间受保护鹦鹉（120天）和龟类（150天）的销售信息。本数据集所汇总的交易信息包括46种鹦鹉在100个城市出售的5862个个体和49种龟类在109个城市出售的66926个个体。本数据集的发布，不仅为探讨野生动物贸易发生的驱动因素、消费者对野生动物生物学特征的偏好等理论研究提供了理想的数据来源，还为当前的野生动物管理政策完善及其未来的效果评估提供了基础资料。",
    "关键词": "电子商务平台；鹦鹉；龟类；野生动物贸易；宠物贸易；生物多样性保护",
    "参考引用": [
        {
            "名称": "NELLEMANN C, HENRIKSEN R, KREILHUBER A, et al. The rise of environmental crime: a growing threat to natural resources, peace, development and security[C]. United Nations Environment Programme (UNEP), Nairobi, Kenya, 2016.",
            "资源信息链接地址": "http://xueshu.baidu.com/s?wd= The rise of environmental crime: a growing threat to natural resources, peace, development and security"
        },
        {
            "名称": "BROAD S, MULLIKEN T, ROE D. The nature and extent of legal and illegal trade in wildlife[M]. Oldfield S. The trade in wildlife: regulation for conservation. Australia: Earthscan Ltd, 2003.",
            "资源信息链接地址": "http://xueshu.baidu.com/s?wd= The nature and extent of legal and illegal trade in wildlife"
        },
        {
            "名称": "BAKER S E, CAIN R, VAN KESTEREN F, et al. Rough trade: animal welfare in the global wildlife trade[J]. BioScience, 2013, 63(12): 928-938.",
            "资源信息链接地址": "http://xueshu.baidu.com/s?wd= Rough trade: animal welfare in the global wildlife trade"
        },
        {
            "名称": "LIU S, NEWMAN C, BUESCHING C D, et al. E-commerce promotes trade in invasive turtles in China[J]. Oryx, 2020: 1-4.",
            "资源信息链接地址": "http://xueshu.baidu.com/s?wd= E-commerce promotes trade in invasive turtles in China"
        },
        {
            "名称": "JUNIPER T, PARR M. Parrots: a guide to parrots of the world[M]. New Haven: Yale University Press, 1998.",
            "资源信息链接地址": "http://xueshu.baidu.com/s?wd= Parrots: a guide to parrots of the world"
        },
        {
            "名称": "RHODIN A G J, IVERSON J B, BOUR R, et al. Turtles of the world: annotated checklist and atlas of taxonomy, synonymy, distribution, and conservation status, 8th edition[C]. Chelonian Research Foundation and Turtle Conservancy, Lunenburg, Massachusetts, USA, 2017.",
            "资源信息链接地址": "http://xueshu.baidu.com/s?wd= Turtles of the world: annotated checklist and atlas of taxonomy, synonymy, distribution, and conservation status, 8th edition"
        },
        {
            "名称": "HARRIS J B, TINGLEY M W, HUA F, et al. Measuring the impact of the pet trade on Indonesian birds[J]. Conservation Biology, 2017, 31(2): 394-405.",
            "资源信息链接地址": "http://xueshu.baidu.com/s?wd= Measuring the impact of the pet trade on Indonesian birds"
        },
        {
            "名称": "[8]  BUSH E R, BAKER S E, MACDONALD D W. Global trade in exotic pets 2006–2012[J]. Conservation Biology, 2014, 28(3): 663-676.",
            "资源信息链接地址": "http://xueshu.baidu.com/s?wd= Global trade in exotic pets 2006–2012"
        },
        {
            "名称": "BEISSINGER S R. Trade in live wild birds: potentials, principles and practices of sustainable use[M]. Cambridge: Cambridge University Press, 2001.",
            "资源信息链接地址": "http://xueshu.baidu.com/s?wd= Trade in live wild birds: potentials, principles and practices of sustainable use"
        },
        {
            "名称": "ROSEN G E, SMITH K F. Summarizing the evidence on the international trade in illegal wildlife[J]. EcoHealth, 2010, 7: 24-32.",
            "资源信息链接地址": "http://xueshu.baidu.com/s?wd= Summarizing the evidence on the international trade in illegal wildlife"
        },
        {
            "名称": "郑光美. 世界鸟类分类与分布名录[M]. 北京: 科学出版社, 2002.",
            "资源信息链接地址": "http://xueshu.baidu.com/s?wd= 世界鸟类分类与分布名录"
        },
        {
            "名称": "史海涛. 中国贸易龟类检索图鉴[M]. 北京: 中国大百科全书出版社, 2008.",
            "资源信息链接地址": "http://xueshu.baidu.com/s?wd= 中国贸易龟类检索图鉴"
        },
        {
            "名称": "ORRELL T M, ABUCAY L, NICOLSON, et al. Species 2000 & ITIS Catalogue of Life, 2017 Annual Checklist[EB/OL]. (2017-3-31) [2017-07-31]. https://www.researchgate.net/publication/325718888_Species_2000_ITIS_Catalogue_of_Life_2017_Annual_Checklist.",
            "资源信息链接地址": "http://xueshu.baidu.com/s?wd= Species 2000 & ITIS Catalogue of Life, 2017 Annual Checklist[EB/OL]. (2017-3-31) "
        },
        {
            "名称": "YE Y C, YU W H, NEWMAN C, et al. Effects of regional economics on the online sale of protected parrots and turtles in China[J]. Conservation Science and Practice, 2020, 2(3): e161.",
            "资源信息链接地址": "http://xueshu.baidu.com/s?wd= Effects of regional economics on the online sale of protected parrots and turtles in China"
        },
        {
            "名称": "YIN R Y, YE Y C, NEWMAN C, et al. China's online parrot trade: Generation length and body mass determine sales volume via price[J]. Global Ecology and Conservation, 2020: e01047.",
            "资源信息链接地址": "http://xueshu.baidu.com/s?wd= China's online parrot trade: Generation length and body mass determine sales volume via price"
        },
        {
            "名称": "LAM T T Y, JIA N, ZHANG Y W, et al. Identifying SARS-CoV-2-related coronaviruses in Malayan pangolins[J]. Nature, 2020: 1-4.",
            "资源信息链接地址": "http://xueshu.baidu.com/s?wd= Identifying SARS-CoV-2-related coronaviruses in Malayan pangolins"
        },
        {
            "名称": "XIAO K, ZHAI J, FENG Y, et al. Isolation of SARS-CoV-2-related coronavirus from Malayan pangolins[J]. Nature, 2020: 1-4.",
            "资源信息链接地址": "http://xueshu.baidu.com/s?wd= Isolation of SARS-CoV-2-related coronavirus from Malayan pangolins"
        }
    ],
    "作者": [
        {
            "姓名": "叶芸春",
            "机构": [
                "西华师范大学",
                "China West Normal University"
            ],
            "贡献": "主要承担工作：数据集的采集与整理、文章撰写。",
            "简介": "（1996—），女，四川内江人，硕士，学生，研究方向为保护生物学和动物行为生态学。"
        },
        {
            "姓名": "罗怡",
            "机构": [
                "西华师范大学",
                "China West Normal University"
            ],
            "贡献": "主要承担工作：本文研究思路、框架指导、文章修改。",
            "简介": "（1994—），女，四川巴中人，硕士，助教，研究方向为保护生物学。"
        },
        {
            "姓名": "魏清明",
            "机构": [
                "西华师范大学",
                "China West Normal University"
            ],
            "贡献": "主要承担工作：数据集的采集与整理。",
            "简介": "（1996—），男，四川泸州人，硕士，学生，研究方向为保护生物学。"
        },
        {
            "姓名": "何静怡",
            "机构": [
                "西华师范大学",
                "China West Normal University"
            ],
            "贡献": "主要承担工作：数据集的采集与整理。",
            "简介": "（1992—），女，四川南充人，硕士，助教，研究方向为野生动物管理研究和公共管理研究。"
        },
        {
            "姓名": "周昭敏",
            "机构": [
                "西华师范大学",
                "China West Normal University"
            ],
            "贡献": "主要承担工作：本文研究思路、框架指导、文章修改。",
            "简介": "（1981—），男，重庆人，博士，教授，研究方向为人类活动对野生动物生存、耐受的影响机制及对策研究。"
        }
    ],
    "基金": "西华师范大学科研项目（17BO10、19D044）",
    "数据集名称": "2016–2017年淘宝网受保护鹦鹉和龟类销售数据集",
    "数据作者": "罗怡 (v_luoyi@126.com)",
    "时间范围": "2016 – 2017年",
    "空间范围": "中国",
    "数据量": "3.98 MB",
    "数据格式": "*.xlsx",
    "数据组成": "本数据集由两部分数据组成，其一为受保护鹦鹉的网络销售数据，其二受保护龟类的网络销售数据。数据集共包括2个Excel文件，其中：(1) DATA_PARROT.xlsx内含5个数据表单，分别存放了受保护鹦鹉4轮(每轮为30天交易量)的交易数据和46种鹦鹉在全国100个城市的120天交易数据；(2) DATA_TURTLE.xlsx 包含6个数据表单，分别存放了受保护龟类5轮(每轮为30天交易量)的交易数据和49种龟类在全国109个城市的150天交易数据。",
    "数据采集和处理方法": "1.1数据采集方法2016年7月至2017年7月，我们对淘宝网进行了5轮数据调查。在每轮调查中，记录了受保护鹦鹉和龟类物种在30天的交易成功数（一次成功交易即出售一个动物个体）。第5轮（2017年7月）鹦鹉销售调查时，淘宝网关闭了大部分受保护鹦鹉的交易店铺，因此我们未将该调查结果纳入本数据集。考虑到动物交易中可能存在的销售周期（如淡旺季之分），贸易调查大致按季度开展（图1）。我们对交易页面的卖家个人及其店铺的具体细节进行了隐匿处理。我们分别以“鹦鹉活体”和“龟活体”作为关键字在淘宝网上进行搜索，然后对商品页面进行截屏，同时提取其中的交易物种名称、30天交易量、商品始发地等相关交易信息。图12016–2017年淘宝网鹦鹉和龟类季度调查时间线（a）4轮鹦鹉和5轮龟类调查的店铺数量；（b）4轮鹦鹉和5轮龟类调查的单轮销量1.2数据处理方法本数据集中，物种中文名和学名的使用参照《世界鸟类分类与分布名录》[11]《中国贸易龟类检索图鉴》[12]和Species2000&ITISCatalogueofLife[13]等专著及国际通用网站。我们采用“城市”（中国大陆的4个直辖市以及333个地级市）作为记录商品始发地的基本行政单位。物种交易量则分别按“单轮数据”和“汇总数据”进行了整理。",
    "数据描述": "本数据集的结构化数据分别存储于2个Excel文件DATA_PARROT.xlsx和DATA_TURTLE.xlsx中。其中，DATA_PARROT.xlsx包含5个数据表单，分别存放受保护鹦鹉4轮（每轮为30天交易量）的销售数据和46种鹦鹉在全国100个城市的120天交易数据。而DATA_TURTLE.xlsx包含6个数据表单，分别存放受保护龟类5轮（每轮为30天交易量）的销售数据和49种龟类在全国109个城市的150天交易数据。本数据集的单轮数据表单和汇总数据表单的参数和样例分别如表1和表2所示。下载表1单轮数据表单的参数及样例参数参数说明单位样例城市直辖市或地级市名称-北京物种物种的中文名称和拉丁名称-横斑鹦鹉（Bolborhynchuslineola）销售量物种的30天交易量，空缺值表示该物种的30天销售量为0只137下载表2汇总数据表单的参数和样例参数参数说明单位样例城市直辖市或地级市名称-北京物种物种的中文名称和拉丁名称-横斑鹦鹉（Bolborhynchuslineola）销售量物种的120（鹦鹉）或150天（龟类）交易量，空缺值表示该物种的120天或150天销售量为0只203",
    "数据质量": "在数据采集阶段，我们对所有的受保护鹦鹉和龟类交易页面进行了截图保存，以便后期的数据核查。我们邀请相关类群的分类学专家开展了常见贸易物种识别的培训。所有数据采集人员经培训合格后开始数据的初级采集工作，初级采集完毕后再由2名专业人员对数据进行他人独立核查。在数据处理阶段，所有交易物种的鉴定严格对照了专著或国际通用网站上的分类特征描述，任何存疑的物种均由专家确认。此外，在数据整理完毕后，我们将每轮收集到的受保护鹦鹉和龟类物种进行了横向对比（图2）。其中，36种鹦鹉是4轮调查所共有的，占搜集鹦鹉物种总数的78%。对于龟类，有32种龟是5轮调查共有的，占搜集龟类物种总数的65%。由此说明，整个数据调查过程中受保护鹦鹉和龟类的物种数是保持相对稳定的。因此，本数据集的数据质量能够得到保证。图22016–2017年淘宝网受保护鹦鹉和龟类交易物种横向对比图（a）4轮鹦鹉调查的物种数分布；（b）5轮龟类调查的物种数分布",
    "数据价值": "野生动物贸易往往受到诸多自然地理、社会经济因素和物种生物学特征的影响[14-15]。基于本数据集，不仅可以在全国尺度探讨野生动物贸易的空间格局和驱动因素、检验消费者对物种生物学特征（如体色、形状等）的偏好，还有助于对不同国家、区域间的贸易情况进行横向比较分析，从更大的空间尺度探讨当今世界野生动物贸易的潜在规律以及管理策略、自然地理和社会经济发展状况等因素的影响。2019年底新型冠状病毒（COVID-19）的爆发使野生动物贸易对公共健康安全的影响受到了广泛关注[16-17]，中国进而实施了更加严格的野生动物贸易管理新措施，以防止人畜共患疾病在人与动物之间的传播，达到从源头上控制公共卫生安全风险的目的。例如，2020年1月26日，国家市场监管总局、农业农村部、国家林草局发布了“关于在各地农(集)贸市场、超市、餐饮单位、电商平台等经营场所，禁止任何形式的野生动物交易活动的公告”。随后在2020年2月24日，全国人民代表大会常务委员会出台了“关于全面禁止非法野生动物交易、革除滥食野生动物陋习、切实保障人民群众生命健康安全的决定”。为了构建科学、系统、全面的野生动物贸易管理体系，中国将继续全面梳理相关法律，如野生动物保护法、动物防疫法、生物安全法等。本数据集所整理汇总的受保护物种交易数据将为完善野生动物管理政策提供基础资料，并为未来的政策效果评估提供基准信息。",
    "引用格式": "叶芸春, 罗怡, 魏清明, 等. 2016–2017年淘宝网受保护鹦鹉和龟类销售数据集[DB/OL]. Science Data Bank, 2020. (2021-01-28). DOI: 10.11922/sciencedb.j00001.00138."
}