{
    "类目名称": "其他数据论文",
    "名称": "四川盆地紫色岩及其风化壳地球化学特征研究数据集（1990年以前）",
    "资源信息链接地址": "http://www.dx.doi.org/10.11922/sciencedb.j00001.00140",
    "摘要": "摘要：紫色土因其成土方式及速度，成为世界土壤中一种受科学界瞩目的特殊土壤种类。成土母质主要是三叠系、侏罗系、白垩系等地质时期形成的紫色砂页岩残积物、坡积物及风化壳等。紫色土在颜色、理化性状、矿物组成等方面继承母岩/母质特性。本数据集基于《中国紫色土》（上篇）中紫色岩及其风化壳地球化学特征的研究成果进行整理归纳，形成有逻辑结构的数据集。整编的数据集包含11个数据表，内容包含4个方面：（1）紫色土成土岩层和母质的一般特征和性状；（2）紫色岩类型及其地球化学特征；（3）紫色风化壳的地球化学组成及特征；（4）四川盆地紫色风化壳分类及其诊断指标。本研究数据集是对紫色土研究历史成果的传承和有效保护，并为紫色土地区土壤肥力、生态环境和土地资源开发利用等方面的研究和应用提供数据支持。",
    "关键词": "紫色岩；紫色风化壳；地球化学；风化特征",
    "参考引用": [
        {
            "名称": "中国科学院成都分院土壤研究室. 中国紫色土（上篇）[M]. 北京: 中国科学技术出版社, 1991.",
            "资源信息链接地址": "http://xueshu.baidu.com/s?wd= 中国紫色土（上篇）"
        },
        {
            "名称": "李仲明. 四川土壤资源特征及合理利用[J]. 资源开发与保护, 1985, 1(1): 9–14.",
            "资源信息链接地址": "http://xueshu.baidu.com/s?wd= 四川土壤资源特征及合理利用"
        },
        {
            "名称": "唐时嘉. 四川紫色土肥力与母质特性的关系[J]. 土壤学报,1984, 21(2): 123–133.",
            "资源信息链接地址": "http://xueshu.baidu.com/s?wd= 四川紫色土肥力与母质特性的关系"
        },
        {
            "名称": "李仲明. 论紫色土的发生与分类[J]. 土壤学报, 1989, 26(2): 165–172.",
            "资源信息链接地址": "http://xueshu.baidu.com/s?wd= 论紫色土的发生与分类"
        },
        {
            "名称": "中国科学院三峡工程生态与环境科研项目领导小组. 长江三峡工程对生态环境影响及其对策研究论文集[M]. 北京: 科学出版社, 1987.",
            "资源信息链接地址": "http://xueshu.baidu.com/s?wd= 长江三峡工程对生态环境影响及其对策研究论文集"
        },
        {
            "名称": "唐时嘉. 四川盆地红层的古风化壳[J]. 土壤学报, 1986, 23(2): 163–171.",
            "资源信息链接地址": "http://xueshu.baidu.com/s?wd= 四川盆地红层的古风化壳"
        },
        {
            "名称": "唐时嘉,罗有芳. 四川盆地红层古风化壳的地球化学特征[J]. 地球化学, 1987, (1): 40–47.",
            "资源信息链接地址": "http://xueshu.baidu.com/s?wd= 四川盆地红层古风化壳的地球化学特征"
        }
    ],
    "作者": [
        {
            "姓名": "高美荣",
            "机构": [
                "中国科学院、水利部成都山地灾害与环境研究所",
                "Institute of Mountain Hazards and Environment, Chinese Academy of Sciences",
                "中国科学院山地表生过程与生态调控重点实验室",
                "Key Laboratory of Mountain Environment Evolvement and Regulation, Chinese Academy of Sciences"
            ],
            "贡献": "主要承担数据录入、数据校正和部分质量控制工作。",
            "简介": "（1969—），女，硕士，高级工程师，研究方向为土壤学，土壤信息管理。"
        },
        {
            "姓名": "唐家良",
            "机构": [
                "中国科学院、水利部成都山地灾害与环境研究所",
                "Institute of Mountain Hazards and Environment, Chinese Academy of Sciences",
                "中国科学院山地表生过程与生态调控重点实验室",
                "Key Laboratory of Mountain Environment Evolvement and Regulation, Chinese Academy of Sciences"
            ],
            "贡献": "主要承担数据库标准规范和质量控制。",
            "简介": "（1974—），男，博士，研究员，研究方向为土壤生态水文。"
        },
        {
            "姓名": "况福虹",
            "机构": [
                "中国科学院、水利部成都山地灾害与环境研究所",
                "Institute of Mountain Hazards and Environment, Chinese Academy of Sciences",
                "中国科学院山地表生过程与生态调控重点实验室",
                "Key Laboratory of Mountain Environment Evolvement and Regulation, Chinese Academy of Sciences"
            ],
            "贡献": "主要承担数据预处理和数据质量控制。 ",
            "简介": "（1981—），女，博士，助理研究员，研究方向为农田生态系统土壤氮利用及损失。"
        }
    ],
    "基金": "科技基础资源调查专项项目（2017），中国南北过渡带综合科学考察（2017FY100900）；中国科学院关键技术人才项目（2017），长江上游典型支流流域水质与水量数据整理与集成。",
    "数据集名称": "四川盆地紫色岩及其风化壳地球化学特征研究数据集（1990年以前）",
    "数据作者": "唐家良（jltang@imde.ac.cn）",
    "时间范围": "1990年以前",
    "空间范围": "地理区域：四川盆地丘陵区和长江以南的紫色土分布区域；行政区域：四川省，重庆市。",
    "数据量": "53.8 KB",
    "数据格式": "*.xlsx",
    "数据组成": "本数据集包含11个数据表。内容包括4个部分：（1）紫色土成土岩层和母质的一般特征和性状；（2）紫色岩的地球化学特征与风化特征；（3）紫色风化壳的组成、地球化学特征及风化特征等；（4）四川盆地紫色风化壳分类及其诊断指标。",
    "数据采集和处理方法": "1.1数据采集基于《中国紫色土》（上篇）第2–4章内容，研读与紫色土成土紧密相关的紫色岩及其风化壳的研究成果[6-7]（包括文字阐述和列表数据），进行专业归纳和总结，集成紫色岩及其风化壳地球化学特征研究数据集。本数据集的主要研究数据有紫色土成土岩层组成及一般性状、紫色岩及其风化壳的一般描述性状、物理性状、化学组成和风化特征，以及在这些研究成果基础上形成的四川盆地紫色风化壳类型及其诊断指标表。1.2数据预处理对《中国紫色土》（上篇）第2–4章内容进行电子扫描并进行文字识别，同时设计具有逻辑结构的能充分包括和表达紫色岩及其风化壳地球化学特征研究成果的数据字段名称和字典。然后按照主题归类，并将前后同类研究数据进行归纳总结，提取录入，集成系列数据表。在进行数据论文撰写的同时，进一步核实校对。",
    "数据描述": "2.1数据集中的几个概念（1）紫色岩：紫色岩石是由一种来自结晶岩的第一旋回或来自沉积岩的第二旋回的沉积物组成的。这些物质或是由磨蚀作用的产物（主要是粉砂），或是风化作用的最终产物（残余粘土），或是化学的、生物化学的附加物质等。其矿物组成除砂岩中残余大量极难风化的石英和长石外，泥岩主要由化学稳定性较强的次生矿物所组成。（2）紫色风化壳：指植物（作物）根系主要分布层以下的紫色岩石风化物。它的性质既决定于母岩，又受控于环境[7]。（3）淋洗系数及其相对值：风化地层中某种物质成分与岩石中的比值。在本数据集中是指SiO2/(RO+R2O)的比值，即脱硅化过程岩石中的造岩矿物主要为硅酸盐矿物。在紫色岩土中，含大量可风化的硅酸盐矿物。在化学风化过程中，这些矿物首先脱盐基，再脱硅而形成次生粘土矿物。淋洗系数的相对值、风化体的淋洗系数与对应地层岩石（未风化）的淋洗系数的比值乘100得到。淋洗系数高，表示淋溶作用强。（4）残积系数及其相对值：岩石和矿物风化后残留的物质，表征风化残余物的量。本数据表中由R2O3/(RO+R2O)得到，其相对值为，风化体的残积系数与对应地层岩石（未风化）的残积系数的比值乘100得到。残积系数高，表示风化作用弱。（5）铁化系数：即岩石风化过程中的富铁化过程，伴随岩石的脱硅化，铁从被破坏的晶格中被氧化而在土壤中富积生成Fe2O3。由风化物中的Fe2O3与岩石中Fe2O3的比值得到。（6）铝化系数：富铝化过程，伴随岩石的脱硅化，铝也从硅酸盐晶格中游离出来并被氧化形成SiO2（石英）。由风化物中的Al2O3与岩石中Al2O3(岩)的比值得到。（7）孔隙度(%)：是指岩样中所有孔隙空间体积之和与该岩样体积的比值，以比值的百分比来表示。（8）吸水率(%)：是指岩石或风化壳在标准大气压力下吸水的能力，用百分率来表示。（9）岩石裂隙率(%)：岩石中裂隙的体积与包括裂隙在内的岩石体积之比（即体积裂隙率）。它不仅关系着地下水储量和岩体的力学特征，而且影响岩石风化方式和风化速度。其类型有3种，即构造裂隙、成岩裂隙和风化网状裂隙。2.2数据集组成本数据集包含11个数据表。内容包括4个部分：（1）紫色土成土岩层和母质的一般特征和性状；（2）紫色岩的地球化学特征；（3）紫色风化壳的组成、地球化学特征及风化特征等；（4）四川盆地紫色风化壳分类及其诊断指标。以下对11个表的名称以及数据内容见表1。下载表1数据集Sheet列表及内容序号表名称表内容简述1紫色土成土母质简述紫色土成土母质一般特征描述2紫色土-母质-岩石（同位点）粘土矿物矿物组成对比紫色土-母质-岩石（同位点）的粘土矿物的矿物组成对比，表明了紫色土具有继承母岩性质的特点3紫色岩岩相及岩层厚度主要紫色岩的岩相、形成环境、岩层厚度和泥岩占比等4紫色岩的化学组成紫色泥岩矿质元素的化学组成，并与大陆沉积壳层中相比较的丰度状况5紫色岩的物理性状几项与岩体风化有关的不同紫色岩层岩石的物理性状6紫色风化壳的垂直风化带组成及其特征紫色风化壳的发生类型、组成及其特征描述7紫色风化壳形成及化学组成紫色风化壳不同风化岩层的分布、特征及其化学组成8紫色风化壳化学组成的区域差别不同区域紫色风化壳的化学组成9紫色岩石-风化壳的风化特征不同紫色岩石及其风化体的风化特征10紫色岩-风化壳-土壤粘粒化学组成不同紫色岩层、风化体及其对应土壤的粘粒化学组成11四川盆地紫色风化壳类型及其诊断指标根据四川盆地紫色风化壳分布的地理景观，风化体剖面特征、物理化学和地球化学等性质，取得的一些量化指标，形成四川盆地紫色风化壳的初步分类结果2.3数据集各列表包含字段名数据集各表单中所含字段名见表2。下载表2数据集Sheet列表所含字段名序号表名称包含列字段名1紫色土成土母质简述土类；成土岩层及岩石类型；成土母质类型；成土母质分类；成土母质一般特征2紫色土-母质-岩石（同位点）粘土矿物的矿物组成对比地点；母岩岩层名称；母岩岩层代码；层次代码；主要矿物；次要矿物；少量矿物3紫色岩岩相及岩层厚度地质期；母岩岩层名称；母岩岩层代码；分布特点；典型岩相；岩相形成环境；岩层出露面积(km2)；岩层厚度(m)；岩层中泥岩占比(%)；盆东岩层厚度(m)；盆东岩层中泥岩占比(%)；盆南岩层厚度(m)；盆南岩层中泥岩占比(%)；盆西岩层厚度(m)；盆西岩层中泥岩占比(%)；盆北岩层厚度(m)盆北岩层中泥岩占比(%)；盆中岩层厚度(m)；盆中岩层中泥岩占比(%)4紫色泥岩的化学组成母岩岩层名称；母岩岩层代码；岩石类型；样品个数；SiO2(%);Al2O3(%);Fe2O3(%);TiO2(%);MnO(%);CaO(%);MgO(%);K2O(%);Na2O(%);P2O5(%)5紫色岩的物理性状母岩岩层名称；母岩岩层代码；岩石类型；比重；容重（g/100克土）；孔隙度(%)；吸水率(%)；岩石裂隙率(%)6紫色风化壳的垂直风化带组成及其特征风化带名称；风化带岩石类型；风化带特征7紫色风化壳形成及化学组成地质期；风化体名称；母岩岩层代码；风化体分布；风化体特征；SiO2(%);Al2O3(%);Fe2O3(%);TiO2(%);MnO(%);CaO(%);MgO(%);K2O(%);Na2O(%);P2O5(%)8紫色风化壳化学组成的区域差别地质期；风化体名称；母岩岩层代码；地点；SiO2(%);Al2O3(%);Fe2O3(%);TiO2(%);MnO(%);CaO(%);MgO(%);K2O(%);Na2O(%);P2O5(%);pH;CaO3(%)9紫色岩石-风化壳的风化特征地质期；风化体名称；母岩岩层代码；地点；淋洗系数；淋洗系数相对值；残积系数；残积系数相对值；铁化系数；铝化系数10紫色岩-风化壳-土壤粘粒化学组成地质期；母岩岩层名称；母岩岩层代码；层次代码或风化壳类型；地点；土壤-pH；土壤-CaCO3(%)；粘粒-SiO2(%)；粘粒-Al2O3(%)；粘粒-Fe2O3(%)；粘粒-SiO2/Al2O3；粘粒-SiO2/R2O3；粘粒-SiO2/Fe2O3；11四川盆地紫色风化壳类型及其诊断指标风化壳名称；风化壳类型；分布区域和母岩岩层；pH；\tCaCO3(%)；淋溶系数相对值；残积系数相对值；粘粒-SiO2/Al2O3；粘粒-SiO2/R2O3；主要粘土矿物；主要营养成分-K(%)；主要营养成分-Mg(%)；主要营养成分-P(%)",
    "数据质量": "3.1数据质量控制在充分阅读理解专著编写内容的逻辑上，设计了提取信息数据的字段名、数据表结构，并编写数据集说明文档。数据录入后，逐一进行核对校正，并人工抽查保证数据的完整性。在进行数据提取过程中，重新复核各数据字段、单位和数值，集成为有内在逻辑关联的数据表，同时依据法定计量单位进行了校正；对县市名进行了修正。此外，紫色岩层在不同的分布地区有不同的叫法，比如自流井组在盆北叫千佛岩组，蓬莱镇组在盆北郊莲花口组，飞仙关组在下川东叫大冶组，还有夹关组有叫正阳组、窩头山组等等，在应用数据时给予关注。3.2数据质量评估早在上世纪三十年代初期，朱莲青、陆发熹、余皓等老一辈土壤学家曾调查研究过紫色土。到上世纪九十年代，50年来研究紫色土的曲折过程，包含了基础研究、理论研究和应用研究三个阶段。《中国紫色土》（上篇）是中国科学院成都分院土壤研究室成立十周年（1980–1990年）来的成果总结，主要以紫色土研究的成果编写而成，是集体智慧的结晶[1]。科学是发展的，由于研究手段和方法的限制，在研究的深度和广度上都还有很多可以继续努力的方面。后续会将其余部分的研究成果数据进行整编，形成完整的紫色土阶段研究成果的数据集。",
    "数据价值": "4.1数据价值《中国紫色土》分上下两篇出版，上篇以四川盆地的紫色土为对象，内容涉及紫色土的发生分类、基本组成、肥力因素和农业生态等方面，共分为18章。在中国古代文献中，四川被称为“天府之国”。其原因是，这里有生产力很高的紫色土。鉴于紫色土与母岩的密切关系，本数据集整理集成了专门讨论紫色土的成土条件、紫色母岩和风化壳的特征及其分类的第二、第三和第四章研究成果，形成了具有逻辑结构的11个数据表，为科学的认识紫色土、研究紫色土发生分类、肥力评价和农业生态建设等提供科学依据。4.2数据使用方法在对该专著数据的提取和整编过程中，也将该书进行了扫描电子化保存，读者如需进一步文本方面的资料，也可与本文的通信作者联系。",
    "引用格式": "高美荣, 唐家良, 况福虹. 紫色岩及其风化壳地球化学特征研究数据集（1990年以前）[DB/OL]. Science Data Bank, 2021. (2021-02-01). DOI: 10.11922/sciencedb.j00001.00140."
}