{
    "类目名称": "中国生态系统研究网络（CERN）专题",
    "名称": "2005–2015年中国科学院三江平原沼泽湿地生态试验站水分监测数据集",
    "资源信息链接地址": "http://wetlandne.iga.cas.cn/sjfw/sjj/201312/t20131220_147560.html\n\t\t\thttp://www.sciencedb.cn/dataSet/handle/883",
    "摘要": "摘要：本文水分监测数据集选自中国科学院三江平原沼泽湿地生态试验站（以下简称三江站）的水文观测数据，包括2005–2015年的地下水水位、沼泽湿地积水水深、水面蒸发。数据采集和质量控制严格按照中国生态系统研究网络（CERN）制定的《陆地生态系统水环境观测规范》进行，对开展沼泽湿地生态系统水文特征研究具有良好的数据支撑作用。",
    "关键词": "地下水水位；沼泽湿地积水水深；水面蒸发",
    "参考引用": [
        {
            "名称": "章光新, 张蕾, 冯夏清, 等. 湿地生态水文与水资源管理[M]. 北京: 科学出版社, 2014: 4-7.",
            "资源信息链接地址": "http://xueshu.baidu.com/s?wd= 湿地生态水文与水资源管理"
        },
        {
            "名称": "BULLOCK A, ACREMAN M. The role of wetlands in the hydrological cycle[J]. Hydrology and Earth System Sciences, 2003, 7(3): 358-389.",
            "资源信息链接地址": "http://xueshu.baidu.com/s?wd= The role of wetlands in the hydrological cycle"
        },
        {
            "名称": "陈敏建, 王立群, 丰华丽, 等. 湿地生态水文结构理论与分析[J].生态学报, 2008, 28(6) : 2887-2893.",
            "资源信息链接地址": "http://xueshu.baidu.com/s?wd= 湿地生态水文结构理论与分析"
        },
        {
            "名称": "中国生态系统研究网络科学委员会.陆地生态系统水环境观测规范[M]. 北京: 中国环境科学出版社, 2007: 100-102.",
            "资源信息链接地址": "http://xueshu.baidu.com/s?wd=陆地生态系统水环境观测规范"
        }
    ],
    "作者": [
        {
            "姓名": "张加双",
            "机构": [
                "中国科学院东北地理与农业生态研究所，三江平原沼泽湿地生态试验站",
                "Sanjiang Plain Experimental Station of Wetland Ecology, Northeast Institute of Geography and Agroecology, Chinese Academy of Sciences",
                "中国科学院大学",
                "University of Chinese Academy of Sciences"
            ],
            "贡献": "主要承担工作：2011–2018水文监测、数据整理与论文撰写。",
            "简介": "（1985—），男，黑龙江双鸭山人，硕士，工程师，研究方向为地下水水文循环。"
        },
        {
            "姓名": "路永正",
            "机构": [
                "中国科学院东北地理与农业生态研究所，三江平原沼泽湿地生态试验站",
                "Sanjiang Plain Experimental Station of Wetland Ecology, Northeast Institute of Geography and Agroecology, Chinese Academy of Sciences"
            ],
            "贡献": "主要承担工作：2005–2010年水文监测。",
            "简介": "（1970—），男，吉林省镇赉县人，博士，副研究员，研究方向为环境生态与生物地球化学。"
        },
        {
            "姓名": "宋长春",
            "机构": [
                "中国科学院东北地理与农业生态研究所，三江平原沼泽湿地生态试验站",
                "Sanjiang Plain Experimental Station of Wetland Ecology, Northeast Institute of Geography and Agroecology, Chinese Academy of Sciences"
            ],
            "贡献": "主要承担工作：数据及论文审核。",
            "简介": "（1968—），男，博士，研究员，研究方向为湿地生态系统碳、氮循环与全球变化，湿地生态系统服务功能。"
        }
    ],
    "基金": "中国生态系统观测研究网络野外台站运行服务费；科技部国家野外科学观测研究站运行服务费。",
    "数据集名称": "2005–2015年中国科学院三江平原沼泽湿地生态试验站水分监测数据集",
    "数据作者": "张加双（zhangjiashuang@iga.ac.cn）",
    "时间范围": "2005–2015年",
    "空间范围": "三江站观测场，北纬47°35’09’’，东经133°29’59’’。",
    "空间分辨率": "1 m",
    "数据量": "1.06 MB",
    "数据格式": "*.xlsx",
    "数据组成": "数据集共包括3个xlsx文件，分别为2005–2015年三江站地下水水位、沼泽湿地积水水深、水面蒸发数据。",
    "数据采集和处理方法": "1.1地下水水位数据采集方法为野外人工观测，观测频率为5–10日1次，根据质控后的地下水埋深准确如实记录。1.2沼泽湿地积水水深数据采集方法为野外人工观测，观测频率为1次/日，以草根层下的母质层顶为基准面观测湿地积水水深（三江站常年积水区综合观测场为毛苔草–漂筏苔草沼泽生态系统，其交织成网的匍匐茎和根系形成“浮毡”根系层，根系层以下为积水层，积水层以下为淀积层。固定观测标尺的基准点设置在淀积层表面，积水水深为基准点至地表水水平面的距离），根据质控后的湿地水深数据准确如实记录。1.3水面蒸发数据获取方法为野外人工观测，观测频率为2次/日，蒸发数据使用E601蒸发皿观测。",
    "数据描述": "三江站地下水水位数据集包括三江站2005–2015年地下水观测井水位埋深数据，数据项包括地下水埋深、地面高程等（表1）。计量单位为m，地下水观测井分别为气象观测场地下水观测井（SJMQX01CDX_01，SJMQX01CDX_02）、旱田辅助观测场地下水观测井（SJMFZ02CDX_01，SJMFZ02CDX_02）、水稻田地下水观测井（SJMFZ02CDX_03）。下载表1三江站地下水水位观测数据样本序号字段名称量纲数据类型实例1年-数值型20152月-数值型63日-数值型54观测井代码-字符型SJMQX01CDX_015样地名称-字符型三江站气象站地下水位观测井6植被名称-字符型小叶章7地下水埋深m数值型148地面高程m数值型55.6气象观测场地下水观测井位于气象观测场内，气象观测场呈方形，土壤为沼泽草甸土，大小为25m×25m；旱田辅助观测场地下水观测井设置于旱田内，主要观测旱田水位变化，旱田种植作物为大豆，面积约100亩；水稻田地下水观测井邻近旱田，主要观测水稻田水位变化特征。三江站沼泽湿地积水水深数据集包括三江站2005–2015年常年积水区综合观测场（代码为SJMZH01CJS_01）湿地积水水深数据，数据项包括积水水深、地面高程等（表2）。计量单位为cm。三江站常年积水区综合观测场呈长方形，主要分布毛苔草沼泽湿地，观测场内常年有沼泽湿地积水，面积约为8hm2。下载表2三江站沼泽湿地积水水深观测数据样本序号字段名称量纲数据类型实例1年-数值型20152月-数值型63日-数值型54样地代码-字符型SJMZH01CJS_015样地名称-字符型常年积水区地表积水水深观测样地6积水水深cm数值型32.97地面高程m数值型55三江站水面蒸发数据集包括三江站2005–2015年气象观测场蒸发数据，数据项包括日蒸发量、水温等（表3）。计量单位为mm，气象观测场样地代码为SJMQX01CZF_01。下载表3三江站水面蒸发观测数据样本序号字段名称量纲数据类型实例1年数值型20152月数值型63日数值型54蒸发皿代码字符型SJMQX01CZF_015样地名称字符型综合气象观测场E601蒸发皿6每日蒸发量mm数值型4.097水温℃数值型15.7",
    "数据质量": "3.1地下水水位数据观测做到操作规范，记录准确，与历年同期数据比对，删除异常值。选取旱田辅助观测场地下水观测井和气象观测场地下水观测井2个观测点进行对比观测。3.2沼泽湿地积水水深数据观测做到操作规范，记录准确，多年同期数据比对，删除异常值。由于三江站冬季结冰，故积水出现冰清后，停止积水水深观测（大约10月20日左右）。3.3水面蒸发严格执行E601蒸发器的维护要求，逐日水面蒸发量与逐日降水量对照。对突出偏大、偏小确属不合理的水面蒸发量，应参照有关因素和邻站资料予以改正。由于三江站冬季结冰，所以水面出现结冰后，停止蒸发观测。",
    "数据价值": "本数据集的数据采集、质量控制遵循CERN规范，与其他台站的数据具有很好的可比性。同时三江站具有规范的气象、水文、土壤等要素的长期观测数据，对开展沼泽湿地生态系统水文特征研究具有良好的数据支撑作用。",
    "引用格式": "张加双, 路永正. 2005–2015年中国科学院三江平原沼泽湿地生态试验站水分监测数据集[DB/OL]. Science Data Bank, 2019. (2019-11-28). DOI: 10.11922/sciencedb.883."
}