{
    "类目名称": "中国生态系统研究网络（CERN）专题",
    "名称": "2009–2018年中国科学院海伦农业生态实验站气象数据集",
    "资源信息链接地址": "http://www.sciencedb.cn/dataSet/handle/821",
    "摘要": "摘要：气象观测数据是开展天气预报预警、气候预测预估、科学研究的基础，是推动气象科学发展的原动力。中国科学院海伦农业生态实验站是中国生态系统研究网络（CERN）和国家级长期定位研究站，位于126°55'12\"E，47°27'14\"N，其所在区域是世界四大黑土区之一，代表了中国东北黑土区农田生态系统。目前公开报道的该站气象数据只局限于个别气象要素，尚未对多个要素全面报道。鉴于此，本文利用海伦站气象观测场VAISALA自动观测系统采集原始数据，经过数据处理、质量控制和评估，以月为尺度，将2009–2018年10年的气温，露点温度，相对湿度，降水，气压，水汽压，海平面气压，10 min平均风速月平均，地表温度月平均，5 cm土壤温度月平均，10 cm土壤温度月平均，15 cm土壤温度月平均，20 cm土壤温度月平均，40 cm土壤温度月平均，60 cm土壤温度月平均，100 cm土壤温度月平均和太阳辐射数据共计17个表格116 KB公开报道，以期为国民经济的发展，尤其是当地农业生产活动提供基础支撑。",
    "关键词": "黑土；农田生态系统；气象数据；海伦",
    "参考引用": [
        {
            "名称": "LI M, HAN X Z, DU S L, et al. Profile stock of soil organic carbon and distribution in croplands of Northeast China[J]. Catena, 2019, 174: 285-292.",
            "资源信息链接地址": "http://xueshu.baidu.com/s?wd= Profile stock of soil organic carbon and distribution in croplands of Northeast China"
        },
        {
            "名称": "韩晓增, 邹文秀. 我国东北黑土地保护与肥力提升的成效建议[J]. 中国科学院刊，2018, 33(2): 206-212.",
            "资源信息链接地址": "http://xueshu.baidu.com/s?wd= 我国东北黑土地保护与肥力提升的成效建议"
        },
        {
            "名称": "魏丹, 匡恩俊, 迟凤琴, 等. 东北黑土资源现状与保护策略[J]. 黑龙江农业科学, 2016. (1): 158-161.",
            "资源信息链接地址": "http://xueshu.baidu.com/s?wd= 东北黑土资源现状与保护策略"
        },
        {
            "名称": "唐利琴, 刘慧, 胡波, 等. 1961～2014年中国光合有效辐射重构数据集[J/OL]. 中国科学数据, 2017, 2(3). DOI: 10. 11922/csdata. 170. 2017. 0135.",
            "资源信息链接地址": "http://xueshu.baidu.com/s?wd= 1961～2014年中国光合有效辐射重构数据集"
        },
        {
            "名称": "唐新斋, 袁国富, 朱治林, 等. 2005～2014年CERN野外台站气象观测场土壤含水量数据集[J/OL]. 中国科学数据, 2017, 2(1): 35-44. DOI: 10. 11922/csdata. 170. 2016. 0101.",
            "资源信息链接地址": "http://xueshu.baidu.com/s?wd= 2005～2014年CERN野外台站气象观测场土壤含水量数据集"
        },
        {
            "名称": "刘慧, 唐利琴, 胡波, 等. 2005～2015年CERN光合有效辐射数据集[J/OL]. 中国科学数据, 2017, 2(1): 1-10. DOI: 10. 11922/csdata. 170. 2016. 0100.",
            "资源信息链接地址": "http://xueshu.baidu.com/s?wd= 2005～2015年CERN光合有效辐射数据集"
        }
    ],
    "作者": [
        {
            "姓名": "李猛",
            "机构": [
                "中国科学院东北地理与农业生态研究所，哈尔滨 150081",
                "Northeast Institute of Geography and Agricultural Ecology, Chinese Academy of Science, Harbin150081, P. R. China",
                "中国科学院海伦农业生态实验站，黑龙江海伦 152300",
                "Hailun Agroecosystem Experimental Station, Chinese Academy of Science, Hailun 152300, P. R. China"
            ],
            "贡献": "主要承担工作：数据采集和处理、监测数据整合和质量控制。",
            "简介": "（1984—），男，黑龙江哈尔滨人，博士，工程师，研究方向为土壤碳氮循环和微生物多样性。"
        },
        {
            "姓名": "胡波",
            "机构": [
                "中国科学院大气物理研究所，北京 100029",
                "Institute of Atmospheric Physics, Chinese Academy of Science, Beijing 100029, P. R. China"
            ],
            "贡献": "主要承担工作：数据质量控制。",
            "简介": "（1974—）男，云南人，博士，研究方向为大气辐射。"
        },
        {
            "姓名": "韩晓增",
            "机构": [
                "中国科学院东北地理与农业生态研究所，哈尔滨 150081",
                "Northeast Institute of Geography and Agricultural Ecology, Chinese Academy of Science, Harbin150081, P. R. China",
                "中国科学院海伦农业生态实验站，黑龙江海伦 152300",
                "Hailun Agroecosystem Experimental Station, Chinese Academy of Science, Hailun 152300, P. R. China"
            ],
            "贡献": "主要承担工作：数据质量评估。",
            "简介": "（1957—），男，黑龙江哈尔滨人，本科，研究方向为土壤肥力与植物营养和农业生态。"
        },
        {
            "姓名": "李禄军",
            "机构": [
                "中国科学院东北地理与农业生态研究所，哈尔滨 150081",
                "Northeast Institute of Geography and Agricultural Ecology, Chinese Academy of Science, Harbin150081, P. R. China",
                "中国科学院海伦农业生态实验站，黑龙江海伦 152300",
                "Hailun Agroecosystem Experimental Station, Chinese Academy of Science, Hailun 152300, P. R. China"
            ],
            "贡献": "主要承担工作：数据质量评估和总体工作部署。 ",
            "简介": "（1982—），男，甘肃定西人，博士，研究员，研究方向为土壤肥力与碳氮循环、农业生态等。"
        }
    ],
    "基金": "中国生态系统研究网络（CERN）野外台站运行服务费；科技部国家生态系统观测研究网络（CNERN）研究站运行服务费。",
    "数据集名称": "2009–2018年中国科学院海伦农业生态实验站气象数据集",
    "数据作者": "李禄军（(lilujun@iga.ac.cn）",
    "时间范围": "2009–2018年",
    "空间范围": "中国生态系统研究网络（CERN）海伦农业生态实验站、海伦国家野外科学观测研究站（126°55'12\"E，47°27'14\"N），位于黑龙江省绥化市海伦市。本数据集来自海伦农业生态实验站的气象观测场。",
    "数据量": "116 KB",
    "数据格式": "*.xlsx",
    "数据组成": "本数据集由17部分数据表组成，分别为气温、露点温度、相对湿度、降水、气压、水汽压、海平面气压、10 min平均风速月平均、地表温度月平均、5 cm土壤温度月平均、10 cm土壤温度月平均、15 cm土壤温度月平均、20 cm土壤温度月平均、40 cm土壤温度月平均、60 cm土壤温度月平均、100 cm土壤温度月平均、太阳辐射。",
    "数据采集和处理方法": "本数据集包括2009–2018年数据，采集地为海伦站气象观测场，126°55'12\"E，47°27'14\"N，使用芬兰VAISALA生产的MILOS520和MAWS301自动监测系统采集数据。用“生态气象工作站”软件对观测得到的数据进行处理，数据处理程序将对观测数据进行质量审核，按照观测规范最终编制出观测报表文件。软件按照MILOS520和MAWS301数据采集器的各要素观测的顺序，分别制成气象数据报表和辐射数据报表（简称M报表），在这个报表中进行质量审核和日统计处理。M报表最终审核处理完成，这时即可把M报表转换成“规范气象数据报表（A）”，简称为A报表。在A报表中进行旬、候、月的各要素统计处理，A报表最后完成达到观测规范的要求，数据处理完成。气象数据具体采集和处理方法见表1。下载表1气象数据具体采集和处理方法观测指标数据采集和处理方法气温、露点温度气温和露点温度采用HMP45D温度传感器观测。每10s采测1个温度值，每分钟采测6个温度值，去除一个最大值和一个最小值后取平均值，作为每分钟的温度值存储。正点时采测00min的温度值作为正点数据存储。观测层次：距地面1.5m。相对湿度相对湿度采用HMP45D温度传感器观测。每10s采测1个湿度值，每分钟采测6个湿度值，去除1个最大值和1个最小值后取平均值，作为每分钟的湿度值存储。正点时采测00min的湿度值作为正点数据存储。观测层次：距地面1.5m。降水降水采用RG13H型雨量计观测降水，每分钟计算出1min降水量，正点时计算、存储1h的累积降水量，每日20时存储每日累积降水。观测层次：距地面70cm。气压气压采用DPA501数字气压表观测，每10s采测1个气压值，每分钟采测6个气压值，去除一个最大值和一个最小值后取平均值，作为每分钟的气压值，正点时采测00min的气压值作为正点数据存储。观测层次：距地面小于1m。10min平均风速月平均风速风向采用WAA151或者WAC151风速传感器观测，每秒采测1次风速数据，以1s为步长求3s滑动平均值，以3s为步长求1min滑动平均风速，然后以1min为步长求10min滑动平均风速。正点时存储00min的10min平均风速值。观测层次：10m风杆。地面温度月平均地温采用QMT110地温传感器采集。每10s采测1次地表温度值，每分钟采测6次，去除1个最大值和1个最小值后取平均值，作为每分钟的地表温度值存储。正点时采测00min的地表温度值作为正点数据存储。观测层次：地表向下0、5、10、15、20、40、60、100cm处。太阳辐射太阳辐射采用MAWS110系统采集数据。每10s采测1次，每分钟采测6次辐照度（瞬时值），去除一个最大值和1个最小值后取平均值。正点（地方平均太阳时）00min采集存储辐照度，同时计存储曝辐量（累积值）。观测层次：距地面1.5m处。",
    "数据描述": "2.1数据库结构本数据集由17部分数据表组成，分别为：1.气温表：本表包括年份、月份、日平均值月平均、日最大值月平均、日最小值月平均、月极大值、极大值日期、月极小值、极小值日期。2.露点温度表，本表包括年份、月份、日平均值月平均、日最大值月平均、日最小值月平均、月极大值、极大值日期、月极小值、极小值日期。3.相对湿度表：本表包括年份、月份、日平均值月平均、日最小值月平均、月极小值、极小值日期。4.降水表：本表包括年份、月份、月合计值、月小时降水极大值、极大值日期。5.气压表：本表包括年份、月份、日平均值月平均、日最大值月平均、日最小值月平均、月极大值、极大值日期、月极小值、极小值日期。6.水汽压表：本表包括年份、月份、日平均值月平均、月极大值、极大值日期、月极小值、极小值日期。7.海平面气压表：本表包括年份、月份、日平均值月平均、日最大值月平均、日最小值月平均、月极大值、极大值日期、月极小值、极小值日期。8.10min平均风速月平均表：本表包括年份、月份、月平均风速、月最多风向、最大风速、最大风风向、最大风出现日期。9–16.地表温度月平均表、5cm土壤温度月平均表、10cm土壤温度月平均表、15cm土壤温度月平均表、20cm土壤温度月平均表、40cm土壤温度月平均表、60cm土壤温度月平均表、100cm土壤温度月平均表。该类表包括年份、月份、日平均值月平均、月极大值、极大值日期、月极小值、极小值日期。17.太阳辐射表：本表包括年份、月份、总辐射月合计值、反射辐射月合计值、紫外辐射月合计值、净辐射月合计值、光合有效辐射月合计值、Ht月合计、日照小时数月合计值、日照分钟数月合计值。2.2数据缺失情况由于电压不稳定或其他不明原因导致的出现乱码或提取其他日期数据和气象辐射数据行颠倒会缺失部分数据，有时也会因老鼠咬坏传输线而缺失数据。尽管如此，海伦站气象数据完整率仍在99%以上。",
    "数据质量": "海伦站气象数据管理由气象监测支撑岗和数据库管理岗两个岗位共同负责，两者在数据管理及备份上交叉协作，共同对海伦站大气监测数据及原始数据进行保存和备份。气象监测岗位负责人每年度进行年报表的整理及计算，并负责该站自动数据原始资料、纸质资料、报表资料的保管归案工作。数据库负责人对原始数据及报表数据进行入库和备份，保证数据真实可靠。气象监测岗位负责人经常对比自动监测结果和人工监测数据是否吻合，同时结合中央气象台天气预报结果进行对比。定期对传感器以及线路检查，具体包括：检查风传感器是否转动自如，根据经验判断风速数据是否和实际情况吻合。每天将自动站下载的log文件进行检验，查看数据是否正常，传感器是否出现故障，检查电缆线是否正常，发现问题即时维修。对温湿传感器进行检查。辐射传感器擦拭透光外罩，尤其是在冬天。夏季经常查看干燥剂，大风过后检查水平是否有变化。感雨器雨量桶定期清洁。同时根据数据来判断一些无法通过外观检查到的传感器的工作状态，如压力传感器、地温传感器，确保提交给CERN大气分中心的数据真实、准确、可靠。气象数据具体质量控制和评估方法见表2。下载表2气象数据具体质量控制和评估方法观测指标数据质量控制和评估方法气温、露点温度（1）超出气候学界限值域−80～60℃的数据为错误数据；（2）1min内允许的最大变化值为3℃，1h内变化幅度的最小值为0.1℃；（3）定时气温大于等于日最低地温且小于等于日最高气温；（4）气温大于等于露点温度；（5）24小时气温变化范围小于50℃；（6）利用与台站下垫面及周围环境相似的一个或多个邻近站观测数据计算本站气温值，比较台站观测值和计算值，如果超出阈值即认为观测数据可疑；（7）某一定时气温缺测时，用前、后两定时数据内插求得，按正常数据统计，若连续两个或以上定时数据缺测时，不能内插，仍按缺测处理；（8）一日中若24次定时观测记录有缺测时，该日按照02、08、14、20时4次定时记录做日平均；若4次定时记录缺测一次或以上，但该日各定时记录缺测5次或以下时，按实有记录作日统计；缺测6次或以上时，不做日平均。相对湿度（1）相对湿度介于0–100%之间；（2）定时相对湿度大于等于日最小相对湿度；（3）干球温度大于等于湿球温度（结冰期除外）；（4）某一定时相对湿度缺测时，用前、后两定时数据内插求得，按正常数据统计，若连续两个或以上定时数据缺测时，不能内插，仍按缺测处理；（5）一日中若24次定时观测记录有缺测时，该日按照02、08、14、20时4次定时记录做日平均；若4次定时记录缺测一次或以上，但该日各定时记录缺测5次或以下时，按实有记录作日统计；缺测6次或以上时，不做日平均。降水（1）降雨强度超出气候学界限值域0–400mm/min的数据为错误数据；（2）降水量大于0.0mm或者微量时，应有降水或者雪暴天气现象；（3）一日中各时降水量缺测数小时但不是全天缺测时，按实有记录做日合计。全天缺测时，不做日合计，按缺测处理。气压（1）超出气候学界限值域300–1100hPa的数据为错误数据；（2）所观测的气压不小于日最低气压且不大于日最高气压。海拔高度大于0m时，台站气压小于海平面气压；海拔高度等于0m时，台站气压等于海平面气压；海拔高度小于0m时，台站气压大于海平面气压；（3）24小时变压的绝对值小于50hPa；（4）1min内允许的最大变化值为1.0hPa，1h内变化幅度的最小值为0.1hPa；（5）某一定时气压缺测时，用前、后两定时数据内插求得，按正常数据统计，若连续两个或以上定时数据缺测时，不能内插，仍按缺测处理；（6）一日中若24次定时观测记录有缺测时，该日按照02、08、14、20时4次定时记录做日平均；若4次定时记录缺测一次或以上，但该日各定时记录缺测5次或以下时，按实有记录作日统计；缺测6次或以上时，不做日平均。10min平均风速月平均（1）超出气候学界限值域0–75m/s的数据为错误数据；（2）10min平均风速小于最大风速；（3）一日中若24次定时观测记录有缺测时，该日按照02、08、14、20时4次定时记录做日平均；若4次定时记录缺测一次或以上，但该日各定时记录缺测5次或以下时，按实有记录作日统计；缺测6次或以上时，不做日平均。地面温度月平均（1）超出气候学界限值域−90～90℃的数据为错误数据；（2）1min内允许的最大变化值为5℃，1h内变化幅度的最小值为0.1℃；（3）定时观测地表温度大于等于日地表最低温度且小于等于日地表最高温度；（4）地表温度24小时变化范围小于60℃；（5）某一定时地表温度缺测时，用前、后两定时数据内插求得，按正常数据统计，若连续两个或以上定时数据缺测时，不能内插，仍按缺测处理；（6）一日中若24次定时观测记录有缺测时，该日按照02、08、14、20时4次定时记录做日平均；若4次定时记录缺测一次或以上，但该日各定时记录缺测5次或以下时，按实有记录作日统计；缺测6次或以上时，不做日平均。太阳辐射（1）总辐射最大值不能超过气候学界限值2000W/m2；（2）当前瞬时值与前一次值的差异小于最大变幅800W/m2；（3）小时总辐射量大于等于小时净辐射、反射辐射和紫外辐射；除阴天、雨天和雪天外，总辐射一般在中午前后出现极大值；（4）小时总辐射累积值应小于同一地理位置大气层顶的辐射总量，小时总辐射累积值可以稍微大于同一地理位置在大气具有很大透过率和非常晴朗天空状态下的小时总辐射累积值，所有夜间观测的小时总辐射累积值小于0时用0代替；（5）辐射曝辐量缺测数小时但不是全天缺测时，按实有记录做日合计；全天缺测时，不做日合计。",
    "数据价值": "由于海伦站的主要研究对象是农田生态系统，所以利用海伦站长期观测的气象数据可作为农作物种植区选址、播种期确定、农田水利措施以及防护林建设的参考，也可为全球气候变化提供依据。例如我们分析了1985–2018年的气温和2004-2018年的冻土数据，发现海伦站在全球气候变化背景下气温逐渐升高和最大冻土深度逐渐减小的趋势（图1和图2）。本数据集只包括月尺度数据，今后我们将会继续报道日尺度数据，以期更好地支撑国民生产。图11985–2018年海伦站年平均气温变化图22004–2018年海伦站最大冻土深度变化",
    "引用格式": "李猛, 胡波, 韩晓增，李禄军. 2009–2018年中国科学院海伦农业生态实验站气象数据集[DB/OL]. Science Data Bank, 2019. (2019-08-30). DOI: 10.11922/sciencedb.821."
}