{
    "类目名称": "中国通量观测研究网络（ChinaFLUX）专题",
    "名称": "1990–2015年亚洲区域典型陆地生态系统碳通量组分数据集",
    "资源信息链接地址": "http://www.dx.doi.org/10.11922/sciencedb.j00001.00242",
    "摘要": "摘要：陆地生态系统碳通量组分包括生态系统总初级生产力、总呼吸和净生产力，它们是衡量生态系统的物质生产能力、固碳效应以及气候调节强度的最直接的生态系统指标。本文系统收集整理了亚洲区域（除中国区域外）1990–2015年间基于涡度相关协方差技术观测获取的生态系统碳通量组分数据，经过数据质量控制，构建了亚洲区域陆地生态系统碳通量组分数据集。本数据集包含了亚洲区域45个典型陆地生态系统的年总初级生产力、总呼吸和净生产力观测值，站点涵盖了从热带、亚热带、暖温带、温带、冷温带、北方林到亚极地的7个气候区，和森林、草地、农田和湿地4种生态系统类型。此外，数据集还包含了经纬度、海拔、植被类型、年均气温、年总降水量等气候和植被信息。本数据集的建立与共享，期望为亚洲区域生态系统的固碳效应评估、碳循环对全球变化的响应研究以及区域碳循环模型的优化和验证提供重要的数据支持。",
    "关键词": "陆地生态系统；碳通量；生产力；呼吸；涡度相关；亚洲区域",
    "参考引用": [
        {
            "名称": "CHAPIN FS Ⅲ, MATSON PA, VITOUSEK PM. Principles of terrestrial ecosystem ecology[M]. New York: Springer, 2011.",
            "资源信息链接地址": "http://xueshu.baidu.com/s?wd= Principles of terrestrial ecosystem ecology"
        },
        {
            "名称": "BEER C, REICHSTEIN M, TOMELLERI E, et al. Terrestrial gross carbon dioxide uptake: global distribution and covariation with climate[J]. Science, 2010, 329: 834-838.",
            "资源信息链接地址": "http://xueshu.baidu.com/s?wd= Terrestrial gross carbon dioxide uptake: global distribution and covariation with climate"
        },
        {
            "名称": "JUNG M, REICHSTEIN M, MARGOLIS HA, et al. Global patterns of land-atmosphere fluxes of carbon dioxide, latent heat, and sensible heat derived from eddy covariance, satellite, and meteorological observations[J]. Journal of Geophysical Research, 2011, 116(G3): G00J07.",
            "资源信息链接地址": "http://xueshu.baidu.com/s?wd= Global patterns of land-atmosphere fluxes of carbon dioxide, latent heat, and sensible heat derived from eddy covariance, satellite, and meteorological observations"
        },
        {
            "名称": "JUNG M, SCHWALM C, MIGLIAVACCA M, et al. Scaling carbon fluxes from eddy covariance sites to globe: Synthesis and evaluation of the FLUXCOM approach[J]. Biogeosciences, 2020, 17(5): 1343-1365.",
            "资源信息链接地址": "http://xueshu.baidu.com/s?wd= Scaling carbon fluxes from eddy covariance sites to globe: Synthesis and evaluation of the FLUXCOM approach"
        },
        {
            "名称": "FRIEDLINGSTEIN P, JONES M, O'SULLIVAN M, et al. Global carbon budget 2019[J]. Earth System Science Data, 2019, 11(4): 1783-1838.",
            "资源信息链接地址": "http://xueshu.baidu.com/s?wd= Global carbon budget 2019"
        },
        {
            "名称": "BALDOCCHI D. Turner review No.15. 'Breathing' of the terrestrial biosphere: lessons learned from a global network of carbon dioxide flux measurement systems[J]. Australian Journal of Botany, 2008, 56(1): 1-26.",
            "资源信息链接地址": "http://xueshu.baidu.com/s?wd= Turner review No.15. 'Breathing' of the terrestrial biosphere: lessons learned from a global network of carbon dioxide flux measurement systems"
        },
        {
            "名称": "YU GR, WEN XF, SUN XM, et al. Overview of ChinaFLUX and evaluation of its eddy covariance measurement[J]. Agricultural and Forest Meteorology, 2006, 137(3-4): 125-137.",
            "资源信息链接地址": "http://xueshu.baidu.com/s?wd= Overview of ChinaFLUX and evaluation of its eddy covariance measurement"
        },
        {
            "名称": "WOFSY SC, GOULDEN ML, MUNGER JW, et al. Net Exchange of CO2 in a Mid latitude Forest[J]. Science, 1993, 260(5112): 1314-1317.",
            "资源信息链接地址": "http://xueshu.baidu.com/s?wd= Net Exchange of CO2 in a Mid latitude Forest"
        },
        {
            "名称": "SAIGUSA N, YAMAMOTO S, MURAYAMA S, et al. Inter-annual variability of carbon budget components in an AsiaFlux forest site estimated by long-term flux measurements[J]. Agricultural and Forest Meteorology, 2005, 134(1-4): 4-16.",
            "资源信息链接地址": "http://xueshu.baidu.com/s?wd= Inter-annual variability of carbon budget components in an AsiaFlux forest site estimated by long-term flux measurements"
        },
        {
            "名称": "Asiaflux. http://asiaflux.net/",
            "资源信息链接地址": "http://xueshu.baidu.com/s?wd=[10]Asiaflux."
        },
        {
            "名称": "朱治林, 孙晓敏, 袁国富, 等. 非平坦下垫面涡度相关通量的校正方法及其在ChinaFLUX中的应用[J]. 中国科学(D辑), 2004, 34 (S2): 37-45.",
            "资源信息链接地址": "http://xueshu.baidu.com/s?wd= 非平坦下垫面涡度相关通量的校正方法及其在ChinaFLUX中的应用"
        },
        {
            "名称": "WEBB E K, PEARMAN G I, LEUNING R. Correction of flux measurements for density effects due to heat and water vapourtransfer[J]. Quarterly Journal of the Royal Meteorological Society, 1980, 106(447): 85-100.",
            "资源信息链接地址": "http://xueshu.baidu.com/s?wd= Correction of flux measurements for density effects due to heat and water vapourtransfer"
        },
        {
            "名称": "REICHSTEIN M, FALGE E, BALDOCCHI DD, et al. On the separation of net ecosystem exchange into assimilation and ecosystem respiration: Review and improved algorithm[J]. Global Change Biology, 2005, 11(9): 1424-1439.",
            "资源信息链接地址": "http://xueshu.baidu.com/s?wd= On the separation of net ecosystem exchange into assimilation and ecosystem respiration: Review and improved algorithm"
        },
        {
            "名称": "FALGE E, BALDOCCHI DD, OLSON R, et al. Gap filling strategies for defensible annual sums of net ecosystem exchange[J]. Agricultural and Forest Meteorology, 2001, 107(1): 43-69.",
            "资源信息链接地址": "http://xueshu.baidu.com/s?wd= Gap filling strategies for defensible annual sums of net ecosystem exchange"
        },
        {
            "名称": "陈智, 于贵瑞, 朱先进, 等. 基于文献整合的中国典型陆地生态系统初级生产力、呼吸和净生产力数据集[J/OL].中国科学数据, 2019, 4(1): 23-29. DOI: 10.11922/csdata.2018.0024.zh.",
            "资源信息链接地址": "http://xueshu.baidu.com/s?wd= 基于文献整合的中国典型陆地生态系统初级生产力、呼吸和净生产力数据集"
        },
        {
            "名称": "LOESCHER HW, LAW BE, MAHRT L, et al. Uncertainties in, and interpretation of, carbon flux estimates using the eddycovariance technique[J]. Journal of Geophysical Research, 2006,111: D21S90.",
            "资源信息链接地址": "http://xueshu.baidu.com/s?wd= Uncertainties in, and interpretation of, carbon flux estimates using the eddycovariance technique"
        },
        {
            "名称": "MOFFAT AM, PAPALE D, REICHSTEIN M, et al. Comprehensive comparison of gap-filling techniques for eddy covariance net carbon fluxes[J]. Agricultural and Forest Meteorology, 2007, 147(3-4): 209-232.",
            "资源信息链接地址": "http://xueshu.baidu.com/s?wd= Comprehensive comparison of gap-filling techniques for eddy covariance net carbon fluxes"
        },
        {
            "名称": "CHEN Z, YU G R, GE J P, et al. Temperature and precipitation control of the spatial variation of terrestrial ecosystem carbon exchange in the Asian region[J]. Agricultural and Forest Meteorology, 2013, 182-183: 266-276.",
            "资源信息链接地址": "http://xueshu.baidu.com/s?wd= Temperature and precipitation control of the spatial variation of terrestrial ecosystem carbon exchange in the Asian region"
        }
    ],
    "作者": [
        {
            "姓名": "陈智",
            "机构": [
                "中国科学院地理科学与资源研究所，生态系统网络观测与模拟重点实验室",
                "Key Laboratory of Ecosystem Network Observation and Modeling, Institute of Geographic Sciences and Natural Resources Research, Chinese Academy of Sciences",
                "中国科学院大学资源与环境学院",
                "College of Resources and Environment, University of Chinese Academy of Sciences"
            ],
            "贡献": "主要承担工作：文献数据收集、数据整理与质量控制、论文撰写。",
            "简介": "（1986—），女，博士，副研究员，主要研究方向为生态系统碳循环与全球变化。"
        },
        {
            "姓名": "于贵瑞",
            "机构": [
                "中国科学院地理科学与资源研究所，生态系统网络观测与模拟重点实验室",
                "Key Laboratory of Ecosystem Network Observation and Modeling, Institute of Geographic Sciences and Natural Resources Research, Chinese Academy of Sciences",
                "中国科学院大学资源与环境学院",
                "College of Resources and Environment, University of Chinese Academy of Sciences"
            ],
            "贡献": "主要承担工作：总体方案设计、论文修改。",
            "简介": "（1959—），男，博士，院士，研究方向为生态系统生态学、全球变化与碳氮水循环。"
        },
        {
            "姓名": "朱先进",
            "机构": [
                "沈阳农业大学农学院",
                "College of Agronomy, Shenyang Agricultural University"
            ],
            "贡献": "主要承担工作：文献数据收集、论文修改。",
            "简介": "（1985—），男，博士，副教授，研究方向为全球变化与碳水循环。"
        },
        {
            "姓名": "张雷明",
            "机构": [
                "中国科学院地理科学与资源研究所，生态系统网络观测与模拟重点实验室",
                "Key Laboratory of Ecosystem Network Observation and Modeling, Institute of Geographic Sciences and Natural Resources Research, Chinese Academy of Sciences",
                "中国科学院大学资源与环境学院",
                "College of Resources and Environment, University of Chinese Academy of Sciences"
            ],
            "贡献": "主要承担工作：数据质量控制、论文修改。",
            "简介": "（1974—），男，博士，副研究员，研究方向为全球变化与碳水循环。"
        },
        {
            "姓名": "王秋凤",
            "机构": [
                "中国科学院地理科学与资源研究所，生态系统网络观测与模拟重点实验室",
                "Key Laboratory of Ecosystem Network Observation and Modeling, Institute of Geographic Sciences and Natural Resources Research, Chinese Academy of Sciences",
                "中国科学院大学资源与环境学院",
                "College of Resources and Environment, University of Chinese Academy of Sciences"
            ],
            "贡献": "主要承担工作：论文的修改。",
            "简介": "（1973—），女，博士，研究员，研究方向为全球变化与碳氮水循环。"
        }
    ],
    "基金": "中国科学院战略性先导科技专项（XDA19020302）；国家自然科学基金项目（41991234、31800406）；国家重点研发计划（2016YFA0600104、2016YFA0600103）；中国科学院科技服务网络STS计划（KFJ-SW-STS-169）。",
    "数据集名称": "1990–2015年亚洲区域典型陆地生态系统碳通量组分数据集",
    "数据作者": "陈智（chenz@igsnrr.ac.cn）；于贵瑞（yugr@igsnrr.ac.cn）",
    "时间范围": "1990–2015年",
    "空间范围": "亚洲区域典型陆地生态系统",
    "数据量": "54 KB",
    "数据格式": "*.xlsx",
    "数据组成": "本数据集包含亚洲区域45个典型陆地生态系统1990–2015年期间观测的年总初级生产力、生态系统呼吸和净生产力数据，以及辅助气候和植被观测资料包括站点地理位置、气候区、生态系统类型、植被类型、年均气温、年总降水量、观测年份等。",
    "数据采集和处理方法": "1.1数据来源本研究收集了截至2020年6月，在亚洲区域开展的陆地生态系统碳通量观测研究的公开发表论文。首先，基于WebofScience数据库（http://apps.webofknowledge.com），以“eddycovariance/eddycorrelation&carbonflux/carbonexchange/carbonbudget/grossprimaryproduction/GPP/netecosystemproduction/NEP/netecosystemexchange/NEE&Asia”作为检索条件检索文献。其次，查阅亚洲通量网的观测站点列表[10]，根据站点名称再次检索，以“eddycovariance/eddycorrelation&carbonflux/carbonexchange/carbonbudget/grossprimaryproduction/GPP/netecosystemproduction/NEP/netecosystemexchange/NEE&站点名称”作为检索条件检索文献。最后，根据站点所属的国家名称进行补充检索，以“eddycovariance/eddycorrelation&carbonflux/carbonexchange/carbonbudget/grossprimaryproduction/GPP/netecosystemproduction/NEP/netecosystemexchange/NEE&国家名（如Japan,Korea,Indonesia,etc.）”作为检索条件检索文献。对于检索获取的文献通过以下标准逐一进行筛选：（1）正式发表的研究性论文；（2）碳通量统一采用涡度相关技术方法测定；（3）具有完整有效的年值观测数据，包括GPP、RE和NEP；（4）进行了三维坐标旋转、Webb-Pearman-Leuning（WPL）校正、摩擦风速剔除、储存项校正等通量数据质量控制[11,12,13,14]；（5）具有明确的地理坐标、植被类型、观测起始时间和观测仪器设置等信息。通过以上标准筛选，共获取了亚洲区域45个典型陆地生态系统的碳通量观测数据。涵盖了从热带、亚热带、暖温带、温带、寒温带、北方林和亚极地7个气候区，隶属于日本、韩国、泰国、马来西亚、印度、印度尼西亚、越南、菲律宾、以色列、蒙古、俄罗斯，包括29个森林生态系统、10个草地生态系统、4个农田生态系统和2个湿地生态系统。1.2数据整理对于筛选出的文献资料，采用GetDataGraphDigitizer软件提取每篇文献的月尺度或年尺度的总初级生产力GPP、生态系统呼吸RE和净生产力NEP数据。对于只给出月观测值的站点，将月观测值进行加和计算年值；对于给出生长季和非生长季观测值的站点，将生长季和生长季的观测值进行加和计算年值；对于报道多年观测值的站点，逐一提取每一年的年总初级生产力、生态系统呼吸和净生产力。其次，对于提取的年总初级生产力、生态系统呼吸和净生产力数据进行统一单位换算，将gCO2m-2yr-1、kgCm-2yr-1、kgCO2m-2yr-1的观测数据统一转化为gCm-2yr-1。最后对提取的多年观测值进行算术平均，求算每个站点的多年平均总初级生产力、生态系统呼吸和净生产力[15]。同时，提取每个观测站点的地理位置、气候类型、生态系统类型、植被类型和观测时间等信息。地理位置统一提取通量观测塔所在的经纬度和海拔高度。对于缺失地理位置信息的站点或位置不清（如仅给出经纬度区间）的站点，再基于观测站点名称进一步查阅相关资料进行补充。此外，提取每个观测站点观测期间的年均气温和年总降水量等气候因子指标。气象数据缺失的站点，首先基于观测站点名称进一步查阅相关文献资料进行补充。其次采用其观测期间临近气象站点的数据进行插补。插补数据统一来自全球地表气象数据（ftp://ftp.ncdc.noaa.gov/pub/data/gsod/）。具体数据处理流程如图1所示。图1数据处理流程图",
    "数据描述": "本数据集共包含了来自亚洲区域的45个典型生态系统的总初级生产力、生态系统呼吸和净生产力的1990-2015年的观测数据。数据集的观测列表依次为序号、站点名称、所属国家、气候类型、纬度、经度、海拔、生态系统类型、植被类型、森林类别、年均气温、年均总降水量、观测年份、净生态系统生产力、总初级生产力、生态系统呼吸和文献出处（表1）。下载表1亚洲区域陆地生态系统碳通量组分数据集列表项及单位说明数据项数据单位数据类型示例序号-整数型5站点名称-字符型Sarawak所属国家-字符型Malaysia气候类型-字符型Tropicalrainforest纬度°N浮点型1.40经度°E浮点型111.40海拔m浮点型17生态系统类型-字符型Forest植被类型-字符型Peatswampforest森林类别-字符型Secondaryforest年均气温℃浮点型26.50年均总降水量mm浮点型2594观测年份-整数型2011–2014净生态系统生产力NEPgCm-2yr-1浮点型136总初级生产力GPPgCm-2yr-1浮点型3682生态系统呼吸REgCm-2yr-1浮点型3546文献出处-字符型KiewF,HirataR,HiranoT,WongGX,AeriesEB,MusinKK,WailiJW,LocKS,ShimizuM,MellingL.CO2balanceofasecondarytropicalpeatswampforestinSarawak,Malaysia.AgriculturalandForestMeteorology,2018,248:494-501.",
    "数据质量": "本数据集来源于公开发表的文献。对于收集的文献数据，从数据库选择、关键词检索、文献筛选、数据提取和统计整理各个过程都对数据质量进行了控制[15]。文献筛选的质量控制：基于WebofScience权威的文献数据库进行检索，保证了文献来源的质量；限定在正式发表的研究性论文，排除了非正式的会议摘要或会议论文，保证了数据结果的认可度；锁定以“涡度相关技术”作为关键词进行检索，排除了不同观测方法的影响，保证了数据采集方法的一致性与结果的可比性；对获取的检索文献又通过以下标准进行筛选：必须进行了三维坐标旋转、WPL校正、储存项校正、异常值剔除等通量数据质量控制过程，并且要求必须完整的1年以上连续有效数据，保证了原始数据的准确性。数据提取和整理的质量控制：对提取的数据进行单位统一转化；统一基于算术平均算法求算各观测点的多年平均总初级生产力、生态系统呼吸和净生产力；对于缺失的气象数据，则统一采用全球地表气象数据库里同一观测期间临近气象站点的气象数据进行插补，保证了数据处理的一致性。数据审核：整理完毕的数据集，先由数据整理者逐一查阅每篇文献原始出处核对提取的数据，再由多名数据整理者随机交叉抽取文献进行复查和检验，最后交付给评审专家进行最终的审核和修订，保证数据集的正确和可靠[15]。数据质量评估：本研究收集的碳通量组分数据仍存在一定程度的不确定性，主要来自于以下两个方面[15]：（1）涡度相关技术测定误差。由于复杂地形、大气稳定性、数据采集频率响应、夜间泄流等影响，使测定结果存在一定的系统误差[16]。（2）数据统计分析误差。由于地形地貌、植被类型和数据缺失程度的不同，每个站点采用不同的数据校正和插补方法，给分析结果引入了一定的系统误差。目前缺失数据的插补主要采用有平均日变化法、查表法和非线性回归法。研究结果表明，这3种不同的插补方法获取的插补结果无显著差异，对年总NEE的影响在±25gCm-2yr-1的范围内[17]。",
    "数据使用和建议": "建立的亚洲区域典型陆地生态系统碳通量组分数据集，是国内最新的覆盖整个亚洲区域的生态系统尺度碳通量的文献整合数据集。本数据集涵盖了亚洲区域45个典型陆地生态系统的生产力和呼吸速率特征值，这一数据集可为亚洲区域的生态系统固碳效益评估、碳循环对全球变化响应研究以及区域碳循环模型的优化提供重要的数据支持。关于本数据集的质量控制和处理方法的相关信息可参考文献[15,18]。需要使用本数据集的读者，可以登录国家生态系统观测研究网络数据资源服务网站（http://www.cnern.org.cn）。登录系统后，在首页点击“数据论文数据”图表或在“数据资源”栏目选择“数据论文数据”，进入相应页面下载数据。用户也可以登录ScienceDataBank（http://www.dx.doi.org/10.11922/sciencedb.j00001.00242）查询相关信息。",
    "引用格式": "陈智, 于贵瑞, 朱先进, 等. 1990–2015年亚洲区域陆地生态系统碳通量组分数据集[DB/OL]. Science Data Bank, 2021. (2021-03-16). DOI: 10.11922/sciencedb.j00001.00242."
}