{
    "类目名称": "中国通量观测研究网络（ChinaFLUX）专题",
    "名称": "2003–2010年西双版纳热带季节雨林碳水和能量通量观测数据集",
    "资源信息链接地址": "http://www.dx.doi.org/10.11922/sciencedb.j00001.00177",
    "摘要": "摘要：碳水通量是生态系统与大气间碳水交换量，是量化生态系统功能及其对全球气候变化的重要参数。热带季节雨林是我国重要的生态系统类型，在区域气候调节、碳汇吸收中具有重要作用。西双版纳生态站是中国生态系统观测网（CERN）和中国通量观测研究网络（ChinaFLUX）的基础观测站点，基于涡度相关技术，已开展了17年碳水通量观测工作。本文基于ChinaFLUX数据处理体系，报道了2003–2010年西双版纳热带季节雨林碳水通量数据集的处理过程、数据结构及使用建议。本数据集经过坐标轴旋转、异常值剔除、数据插补等标准数据处理，形成了30分钟、日尺度、月尺度和年尺度4个时间尺度数据，涵盖生态系统净碳交换量、生态系统呼吸、生态系统碳交换总量、蒸散、显热等碳水通量及气温、辐射等相关气象要素。本数据集不仅可以服务于区域生态系统功能评估、模型参数优化，还服务于地方经济发展、生态安全、政府决策等，并在高质量论文、专著和国家及省部级奖项方面取得了丰硕的成果。本数据集是面向国家重大发展战略和服务地方应用的有力支撑。",
    "关键词": "涡度相关技术；碳循环；水循环；联网观测；气候变化",
    "参考引用": [
        {
            "名称": "董刚. 中国东北松嫩草甸草原碳水通量及水分利用效率研究[D]. 长春: 东北师范大学研究生院, 2011.",
            "资源信息链接地址": "http://xueshu.baidu.com/s?wd= 中国东北松嫩草甸草原碳水通量及水分利用效率研究"
        },
        {
            "名称": "CHEN B, GE Q, FU D, et al. A data-model fusion approach for upscaling gross ecosystem productivity to the landscape scale based on remote sensing and flux footprint modeling[J]. Biogeosciences, 2010, 7: 2943-2958.",
            "资源信息链接地址": "http://xueshu.baidu.com/s?wd= A data-model fusion approach for upscaling gross ecosystem productivity to the landscape scale based on remote sensing and flux footprint modeling"
        },
        {
            "名称": "窦军霞, 张一平, 于贵瑞, 等. 西双版纳热带季节雨林水热通量[J]. 生态学报, 2007, 27 (8): 3099-3109.",
            "资源信息链接地址": "http://xueshu.baidu.com/s?wd= 西双版纳热带季节雨林水热通量"
        },
        {
            "名称": "宋清海. 热带季节雨林植物CO2交换及其与冠层CO2通量比较研究[D]. 北京: 中国科学院研究生院, 2006.",
            "资源信息链接地址": "http://xueshu.baidu.com/s?wd= 热带季节雨林植物CO2交换及其与冠层CO2通量比较研究"
        },
        {
            "名称": "姚玉刚, 张一平, 于贵瑞. 等. 热带森林植被冠层CO2储存项的估算方法研究[J]. 北京林业大学学报, 2011, 33(1): 23-29.",
            "资源信息链接地址": "http://xueshu.baidu.com/s?wd= 等. 热带森林植被冠层CO2储存项的估算方法研究"
        },
        {
            "名称": "姚玉刚, 张一平, 于贵瑞, 等. 热带季节雨林近地层CO2堆积的气象条件分析[J]. 应用基础与工程科学学报, 2012, 20(1). DOI:10.3969/j.issn. 1005-0930. 2012. 01. 005.",
            "资源信息链接地址": "http://xueshu.baidu.com/s?wd= 热带季节雨林近地层CO2堆积的气象条件分析"
        },
        {
            "名称": "张一平, 沙丽清, 于贵瑞, 等. 热带季节雨林碳通量年变化特征及影响因子初探[J]. 地球科学, 2006, 36: 139-152.",
            "资源信息链接地址": "http://xueshu.baidu.com/s?wd= 热带季节雨林碳通量年变化特征及影响因子初探"
        },
        {
            "名称": "谭正洪. 西双版纳热带季节雨林生态系统碳平衡研究[D]. 北京: 中国科学院研究生院, 2011.",
            "资源信息链接地址": "http://xueshu.baidu.com/s?wd= 西双版纳热带季节雨林生态系统碳平衡研究"
        },
        {
            "名称": "张雷明, 罗艺伟, 刘敏, 等. 2003–2005年中国通量观测研究联盟（ChinaFLUX）碳水通量观测数据集[J/OL]. 中国科学数据, 2019, 4(1). (2018-12-29). DOI: 10.11922/csdata.2018.0028.zh.",
            "资源信息链接地址": "http://xueshu.baidu.com/s?wd= 2003–2005年中国通量观测研究联盟（ChinaFLUX）碳水通量观测数据集"
        },
        {
            "名称": "于贵瑞, 孙晓敏. 陆地生态系统通量观测的原理与方法（第二版）[M]. 北京: 高等教育出版社, 2018.",
            "资源信息链接地址": "http://xueshu.baidu.com/s?wd= 陆地生态系统通量观测的原理与方法（第二版）"
        },
        {
            "名称": "姚玉刚. 西双版纳热带雨林“碳湖”形成机理及其对净生态系统CO2交换量的影响[D]. 北京: 中国科学院研究生院, 2010.",
            "资源信息链接地址": "http://xueshu.baidu.com/s?wd= 西双版纳热带雨林“碳湖”形成机理及其对净生态系统CO2交换量的影响"
        },
        {
            "名称": "费学海. 云南典型森林生态系统碳交换及其对气候变化响应研究[D]. 北京: 中国科学院研究生院, 2018.",
            "资源信息链接地址": "http://xueshu.baidu.com/s?wd= 云南典型森林生态系统碳交换及其对气候变化响应研究"
        },
        {
            "名称": "YAO Y G, ZHANG Y P, LIANG N S, et al. Pooling of CO2 within a small valley in a tropical seasonal rain forest[J]. Journal of Forest Research, 2012, 17(3): 241-252.",
            "资源信息链接地址": "http://xueshu.baidu.com/s?wd= Pooling of CO2 within a small valley in a tropical seasonal rain forest"
        },
        {
            "名称": "HOLLINGER D, KELLIHER F, BYERS J, et al. Carbon dioxide exchange between an undisturbed old‐growth temperate forest and the atmosphere[J]. Ecology, 1994, 75(1): 134-150.",
            "资源信息链接地址": "http://xueshu.baidu.com/s?wd= Carbon dioxide exchange between an undisturbed old‐growth temperate forest and the atmosphere"
        },
        {
            "名称": "AUBINET M, CHERMANNE B, VANDENHAUTE M, et al. Long term carbon dioxide exchange above a mixed forest in the Belgian Ardennes. Agricultural and Forest Meteorology, 2001, 108(4): 293-315.",
            "资源信息链接地址": "http://xueshu.baidu.com/s?wd=[14]AUBINET M, CHERMANNE B, VANDENHAUTE M, et al."
        },
        {
            "名称": "LLOYD J and TAYLOR J A. On the Temperature-Dependence of Soil Respiration. Functional Ecology, 1994, 8(3): 315-323.",
            "资源信息链接地址": "http://xueshu.baidu.com/s?wd=[15]LLOYD J and TAYLOR J A."
        }
    ],
    "作者": [
        {
            "姓名": "起德花",
            "机构": [
                "中国科学院热带森林生态学重点实验室(中国科学院西双版纳热带植物园)",
                "Key Laboratory of Tropical Forest Ecology, Xishuangbanna Tropical Botanical Garden, Chinese Academy of Sciences"
            ],
            "贡献": "主要承担工作：数据采集和处理。",
            "简介": "（1993—），女，云南省永仁县人，硕士，研究助理，研究方向为全球变化。"
        },
        {
            "姓名": "张一平",
            "机构": [
                "中国科学院热带森林生态学重点实验室(中国科学院西双版纳热带植物园)",
                "Key Laboratory of Tropical Forest Ecology, Xishuangbanna Tropical Botanical Garden, Chinese Academy of Sciences"
            ],
            "贡献": "主要承担工作：通量的总体运行与科学发展。",
            "简介": "（1957—），男，云南省昆明市人，博士，研究员，研究方向为区域气候变化。"
        },
        {
            "姓名": "宋清海",
            "机构": [
                "中国科学院热带森林生态学重点实验室(中国科学院西双版纳热带植物园)",
                "Key Laboratory of Tropical Forest Ecology, Xishuangbanna Tropical Botanical Garden, Chinese Academy of Sciences"
            ],
            "贡献": "主要承担工作： 碳水通量数据最终质量控制。",
            "简介": "（1979—），男，云南省昆明市人，博士，副研究员，研究方向为生态系统碳水分配模式。"
        },
        {
            "姓名": "费学海",
            "机构": [
                "贵州大学资源与环境工程学院",
                "College of resource and environmental engineering, Guizhou University"
            ],
            "贡献": "主要承担工作：数据处理和质量控制。",
            "简介": "（1984—），男，贵州省贵阳市人，博士，讲师，研究方向为气候变化与生态响应。"
        },
        {
            "姓名": "沙丽清",
            "机构": [
                "中国科学院热带森林生态学重点实验室(中国科学院西双版纳热带植物园)",
                "Key Laboratory of Tropical Forest Ecology, Xishuangbanna Tropical Botanical Garden, Chinese Academy of Sciences"
            ],
            "贡献": "主要承担工作：碳水通量数据综合处理方法和技术途径。",
            "简介": "（1963—），男，云南省昆明市人，博士，研究员，研究方向为生态系统碳水循环过程与全球变化。"
        },
        {
            "姓名": "刘运通",
            "机构": [
                "中国科学院热带森林生态学重点实验室(中国科学院西双版纳热带植物园)",
                "Key Laboratory of Tropical Forest Ecology, Xishuangbanna Tropical Botanical Garden, Chinese Academy of Sciences"
            ],
            "贡献": "主要承担工作：数据质量分析。",
            "简介": "（1979—），男，云南省昆明市人，博士，副研究员，研究方向为生态系统碳通量时空格局。"
        },
        {
            "姓名": "周文君",
            "机构": [
                "中国科学院热带森林生态学重点实验室(中国科学院西双版纳热带植物园)",
                "Key Laboratory of Tropical Forest Ecology, Xishuangbanna Tropical Botanical Garden, Chinese Academy of Sciences"
            ],
            "贡献": "主要承担工作：数据集格式规范化、数据管理和服务。",
            "简介": "（1977—），女，云南省昆明市人，博士，副研究员，研究方向为数据挖掘与运用。"
        },
        {
            "姓名": "周立国",
            "机构": [
                "中国科学院热带森林生态学重点实验室(中国科学院西双版纳热带植物园)",
                "Key Laboratory of Tropical Forest Ecology, Xishuangbanna Tropical Botanical Garden, Chinese Academy of Sciences"
            ],
            "贡献": "主要承担数据观测、整理、初级质控及上报。",
            "简介": ""
        },
        {
            "姓名": "邓晓保",
            "机构": [
                "中国科学院热带森林生态学重点实验室(中国科学院西双版纳热带植物园)",
                "Key Laboratory of Tropical Forest Ecology, Xishuangbanna Tropical Botanical Garden, Chinese Academy of Sciences",
                "中国科学院西双版纳热带雨林生态系统研究站",
                "Xishuangbanna Station for Tropical Rainforest Ecosystem Studies"
            ],
            "贡献": "主要承担工作：数据处理和质量控制。",
            "简介": "（1959—），男，云南省昆明市人，博士，高级工程师，研究方向为生态系统通量观测与数据分析。"
        },
        {
            "姓名": "罗艳",
            "机构": [
                "中国科学院热带森林生态学重点实验室(中国科学院西双版纳热带植物园)",
                "Key Laboratory of Tropical Forest Ecology, Xishuangbanna Tropical Botanical Garden, Chinese Academy of Sciences",
                "中国科学院西双版纳热带雨林生态系统研究站",
                "Xishuangbanna Station for Tropical Rainforest Ecosystem Studies"
            ],
            "贡献": "主要承担工作：数据集格式规范化、数据管理和服务。",
            "简介": "（1989—），女，云南省西双版纳市人，硕士，助理工程师，研究方向为数据库运行。"
        },
        {
            "姓名": "邓云",
            "机构": [
                "中国科学院热带森林生态学重点实验室(中国科学院西双版纳热带植物园)",
                "Key Laboratory of Tropical Forest Ecology, Xishuangbanna Tropical Botanical Garden, Chinese Academy of Sciences",
                "中国科学院西双版纳热带雨林生态系统研究站",
                "Xishuangbanna Station for Tropical Rainforest Ecosystem Studies"
            ],
            "贡献": "主要承担工作：数据处理和质量控制。",
            "简介": "（1983—），男，云南省昆明市人，硕士，助理研究员，研究方向为生态信息学。"
        }
    ],
    "基金": "国家973项目（2002CB412501），国家自然科学基金（41671209、40571163、31061140359、31770528、41961144017、U1602234、U1202234、41271056、31290221、41071071、41975147、42075119），国家重点研发计划（2016YFC0502105），国家基金青年科学基金项目（40801035），国家重点基础研究发展计划（2010CB833501），中国科学院创新工程重大项目（KZCX1-SW-01-01A），中国科学院知识创新工程重要方向项目（KJCX2-YW-432-1、KZCX2-YW-Q1-05-04），中国科学院战略性先导科技专项（XDA19020302）。",
    "数据集名称": "2003–2010年西双版纳热带季节雨林碳水和能量通量观测数据集",
    "数据作者": "起德花、费学海、沙丽清、刘运通、周文君、周立国、\t\t\t邓晓保、罗艳、邓云",
    "时间范围": "2003–2010年",
    "空间范围": "云南省西双版纳州勐腊县西双版纳生态站",
    "生态系统类型": "热带季节雨林生态系统",
    "数据量": "36 MB",
    "数据格式": "*.xlsx",
    "数据组成": "分为半小时、日尺度、月尺度和年尺度常规气象数据（空气温度、空气相对湿度、水汽压、风速、风向、土壤温度、土壤水分、太阳辐射、光合有效辐射和降水等）和碳水通量（生态系统净碳交换量、生态系统呼吸、生态系统碳交换总量、潜热通量、显热通量）数据产品表格。",
    "数据采集和处理方法": "1.1数据来源通量塔位于西双版纳州勐腊县勐仑镇的国家级自然保护区（101°12′44″E，21°57′32″N，平均海拔为756m）[4]，四面有山丘，铁塔底部与周围山丘顶的水平距离为400–686m，相对高差为80–70m。年平均气温为21.5℃，最冷月（1月）平均温度为16.0℃，最热月（6月）平均温度为25.7℃，年Σt≥10℃（温度大于等于10℃之和）和Σt≥18℃（温度大于等于18℃之和）积温分别为7959.2℃和6638.1℃。平均日照时数为1858.7h。多年平均降水量为1556.8mm[5]，但各月份分配不均，87%的降水集中在5–10月，年平均相对湿度为85%。林下土壤为砖红壤，腐殖质层厚1–3cm，落叶层厚2–5cm，土壤偏酸（PH<5）。年平均风速仅为0.4m/s，是著名的静风区[6]。通量塔所处植被类型为热带季节雨林，优势种主要为绒毛番龙眼（Pometiatomentosa）、千果榄仁（Terminaliamyriocarpa），其群落高35m左右，生物量大约500t/ha，该雨林群落胸径≥10cm的立木密度为386棵/hm2，平均树高18.6m[7]。1.2数据采集方法通量塔于2002年底正式投入使用，通量塔上安装有开路涡度相关通量系统和多层微气象观测系统。设置的气象梯度观测系统包括：7层3杯风速仪和温湿度构成风速和温湿度垂直梯度观测系统；6层PAR（光合有效辐射）传感器观测PAR垂直变化；在通量塔顶层设置了太阳辐射传感器和雨量筒；在铁塔41.6m处设置了太阳辐射传感器以观测太阳总辐射4分量动态；地表温度、土壤热通量、9层土壤温度梯度、3层土壤体积含水量等相关数据观测；此外，还在植被冠层安装红外温度传感器，以监测植物冠层表面温度变化。观测系统的涡度相关和气象梯度观测数据都是通过数据采集器Datalogger进行自动采集并存储，CO2、H2O和能量通量系统频率为10Hz，常规气象要素的数据采样频率为0.5Hz。为了保证数据可比性和准确性，提升研究结果可靠性，对所有仪器设备进行定期校对和维护。各观测项目测定所用仪器及型号、仪器制造商，以及数据采集传感器及其厂家等相关信息见表1，气象数据观测高度见表2。下载表1观测项目所用分析仪相关信息观测系统测定要素分析仪器分析仪制造商数据采集传感器数据采集传感器制造商常规气象要素空气温度/湿度HMP45CVAISALACR10XCR23XCAMPBELL降水量52203RMYOUNG总辐射CM11KIPP&ZONEN净辐射CNR-1KIPP&ZONEN光合有效辐射LQS70-10APOGEE风速A100RVECTOR风向W200PVECTOR压力CS105VAISALA红外温度传感器IRTS-PPOGEE土壤温度105T/107-LCAMPBELL土壤水分CS615-LCAMPBELL土壤热通量HFP01HUKSEFLUXCO2和水热通量三维超声风速CSAT3CAMPBELLCR5000CAMPBELLCO2、H2O密度LI-7500ALI-COR1.3数据处理和产品加工方法数据处理基本基于ChinaFLUX流程与标准[8-9]，但基于站点（site-based）地形及气候，故数据处理时我们做出改进/订正：详细方法见姚玉刚等和费学海等的文献[10-11]。数据处理流程见图1。图1涡度相关系统30min碳水通量数据处理流程数据（改自文献[11]）气象数据质量保证/质量控制：（1）30min原始气象数据时间校对：检查每年的数据是否全（平年数据是365×48=17520行/年，加上表头信息是17524行/年；润年数据是366×48=17568行/年，加上表头信息是17572行/年），对于时间信息没全的时间数据进行检查并插补。（2）异常值剔除：对输出30min的气象数据值为1.#IND,1.#INF,NAN（1.#IND,1.#INF,NAN均为数据缺失值）的数据进行剔除。（3）阈值剔除：对Tair（空气温度）、Tsoil（土壤温度）大于40℃、小于0℃的数据进行剔除（根据西双版纳多年、多个站点数据，温度未出现过负值），对空气湿度rh小于0%的数据进行剔除；对于风向数据大于360度和小于0度〔陆地上，风向一般用16个方位表示，在高空则用角度表示。用角度表示风向，是把圆周分成360度，北风（N）是0度（即360度），东风（E）是90度，南风（S）是180度，西风（W）是270度，因此风向不会大于360度，也不会小于0度。〕的数据进行剔除；对于夜间太阳辐射Dr大于10Wm-2，白天太阳辐射Dr大于2000Wm-2的数据进行剔除；降水量明显低于最近气象站的降水数据进行剔除（雨量筒出现堵塞）。（4）气象数据插补：申请西双版纳热带雨林54km的气象数据，用来插补已经缺失或者剔除的气象数据，该气象站距通量塔1km，是离通量塔最近的另外一个气象站。碳水通量质量保证/质量控制：（1）对已经转换出来的30min原始通量数据时间校对：检查每年的数据是否全（平年数据是365×48=17520行/年，加上表头信息是17524行/年；润年数据是366×48=17568行/年，加上表头信息是17572行/年），对于时间信息没全的时间进行数据检查并插补。（2）异常值剔除：对输出30min的通量数据值为1.#IND,1.#INF,NAN（1.#IND,1.#INF,NAN均为数据缺失值）的数据进行剔除。（3）阈值剔除：对水汽浓度H2O＞40g/m3或者H2O＜0g/m3）的数据进行剔除；对CO2浓度＞1000mg/m3或者CO2＜200mg/m3的数据进行剔除；对n_Tot（样本总数）＜15000的数据进行剔除；对夜间摩擦风速u*＜0.1m/s（由于地处山坳，且该地区常年风速小，故没有采用ChinaFLUX规定的u*＜0.2m/s标准）的数据进行剔除；对涡度碳通量数值Fc＞2mgm−2s−1或者Fc＜−2mgm−2s−1的数据进行剔除；对LE＞1200W/m2或LE＜−300W/m2的数据进行剔除；对有降雨发生的通量和CO2浓度数据进行了剔除；对HS＞900W/m2或HS＜−300W/m2的数据进行剔除。（4）坐标轴旋转（采用自然风系统三次旋转方法）、WPL（Webb,PearmanandLeuning’scalibrationmethod）校正：在Matalab中输入代码进行坐标轴旋转、WPL校正。（5）重复数据筛选步骤，对通量数据进一步筛选（经过坐标轴旋转、WPL校正出来的数据偶偶会出现明显超范围数值）。西双版纳热带季节雨林不仅雾日较多、风速较低，而且还存在“碳湖”现象。“碳湖”在4–9月出现频率较高，在10–3月出现频率较低，存在明显的季节变化特征，影响高度可达20m[12]。由于存在“碳湖效应”和“假碳源效应”，采用常规通量数据处理方法无法获得合理的西双版纳站通量观测数据。因此，将天亮（太阳辐射值Dr＞10W/m2的第一个值）到11∶00这个时段Fc＞0mgm−2s−1的数据进行剔除。（6）NEE的计算：生态系统净碳交换量（NEE）是生态系统中植物光合作用吸收的CO2〔即生态系统总初级生产力（GPP）〕与生态系统生物及非生物呼吸释放的CO2〔即生态系统呼吸（Reco）〕间平衡的结果。对于森林生态系统来说，其由涡度相关系统测得的碳通量（Fc）与同一时间段内存储在地表到测量界面这段空间碳储量（Fs）这两部分组成，Fc，Fs和NEE的计算如公式（1）[13]和公式（2）[14]所示：（1）（2）其中，Fc为生态系统与大气间CO2通量，其由EC〔涡度相关（Eddycovariancetechnique）〕测得，在数据处理时Fc为经过坐标轴旋转（采用自然风系统三次旋转方法）、WPL校正后的Fc值；Fs表示涡度相关系统观测高度与地面间CO2储存量变化量，其根据单位时间内单位体积CO2浓度变化计算所得，∆c/∆t表示单位时间内CO2浓度变化速率，∆t为相邻时间间隔（取30min），zr为观测界面（涡度相关系统安装）的高度。当NEE和Fc为正值时，表示生态系统释放CO2；为负值时表示生态系统吸收CO2，此时生态系统为碳汇功能。以太阳辐射（Dr）区分白天（Dr≥10wm-2）和夜间（Dr＜10wm-2），视夜间的NEE（μmolm–2s–1）为生态系统夜间呼吸速率（Reco）。通量数据插补：通量数据插补在涡流相关数据处理工具网（https://www.bgc-jena.mpg.de/REddyProc/brew/REddyProc.rhtml）进行在线插补。CO2通量数据拆分：由于涡度相关法只能直接测量出生态系统的NEE，因此需通过一定方法实现NEE的拆分，从而得到Reco和GPP值。本研究据Lloyd-Taylor方程，即式（3）[15]来计算生态系统呼吸Reco：（3）式（3）中T为土壤5cm处温度；Rref为生态系统在参考温度Tref（13℃即283.15K）下的呼吸值；E0为活化能；Reco,ref表示生态系统的基础呼吸速率；T0是生态系统呼吸为零时5cm土壤温度（K），本研究取−46.02℃，即227.13K。单位为μmolm–2s–1。由于在夜间（Dr＜10wm-2），夜间净CO2交换量（NEEn）与夜间生态系统呼吸（Rn-eco）间关系为NEEn=−Rn-eco，故用式（3）对夜间筛选后的有效CO2净交换（NEEn）数据与土壤5cm温度分时段进行拟合，从而对模型进行校准和参数化，就可以求得生态系统白天的呼吸（Rd-eco）结果。故GPP表达式为（4）：GPP=Reco−NEE（4）式（4）中，GPP、Reco和NEE单位都为μmolm–2s–1。",
    "数据描述": "2.1数据子集与数据量本数据集为版纳热带季节雨林2003–2010年连续8年的碳水通量观测数据。每年有8个EXCEL数据文件，分为两类数据文件，一类常规气象数据文件，一类通量数据文件。每年每类数据文件各有4个，即30min、日、月和年尺度，总共64个文件，总数据量36MB。2.2数据文件示例以2003年数据文件为例，表2为2003年西双版纳热带季节雨林通量塔30min气象数据表头说明，表3为2003年版纳热带季节雨林通量塔不同时间尺度通量数据表头说明。所有数据均是以数字形式呈现。气象观测系统包括7层三杯风速仪（A100R，VECTOR,UK），近地面观测高度为4.2m。7层温湿探头（HMP45C,VAISALA,Netherlands）。气压观测设置在距地表4.2m高度（CS105,VAISALA,Netherlands），顶层设置有雨量筒（52203,RMYOUNG,USA）。上述仪器均与CR10X型数据采集器（CR10X,Campbell,USA）相连，每30min输出一组平均值。下载表2气象数据表说明及指标观测高度数据项计量单位观测高度数据项说明年年份月月份日日期时小时分分钟秒秒近地面空气温度℃4.2m近地面平均空气温度冠层上方空气温度℃42m冠层上方平均空气温度近地面空气湿度%4.2m近地面平均相对湿度冠层上方空气湿度%42m冠层上方平均相对湿度近地面水汽压kPa4.2m近地面水汽压冠层上方水汽压kPa42m冠层上方水汽压近地面风速m/s4.2m近地面风速冠层上方风速m/s42m冠层上方风速风向degree70m风向大气压kPa4.2m大气压强太阳辐射W/m270m太阳辐射净辐射W/m241m净辐射光合有效辐射μmol/m270m光合有效辐射一层土壤温度℃0cm0cm土壤温度二层土壤温度℃−40cm40cm土壤温度三层土壤温度℃−60cm60cm土壤温度四层土壤温度℃−80cm80cm土壤温度五层土壤温度℃−100cm100cm土壤温度一层土壤体积含水量m3/mm−5cm5cm土壤水分二层土壤体积含水量m3/mm−20cm20cm土壤水分三层土壤体积含水量m3/mm−40cm40cm土壤水分降水量mm72m总降雨量下载表3通量数据表说明时间尺度数据项计量单位数据项说明半小时年年份月月份日日期时小时分分钟质控NEEmgCO2m-2s-1进行质量保证/质量控制后半小时尺度的生态系统净碳交换量质控LEWm-2进行质量保证/质量控制后半小时尺度的潜热通量质控HsWm-2进行质量保证/质量控制后半小时尺度的显热通量NEEmgCO2m-2s-1半小时尺度的生态系统净碳交换量（NEE值为负值表示生态系统是碳汇功能，反之为碳源）REmgCO2m-2s-1半小时尺度的生态系统呼吸GEEmgCO2m-2s-1半小时尺度的生态系统碳交换总量LEWm-2半小时尺度的潜热通量HsWm-2半小时尺度的显热通量ETgm-2s-1半小时尺度的蒸发量日尺度年年份月月份日日期NEEgCm-2d-1每日生态系统净碳交换量累计值REgCm-2d-1每日生态系统呼吸累计值GEEgCm-2d-1每日生态系统碳交换总量累计值LEMWm-2d-1每日潜热通量累计值HsMWm-2d-1每日显热通量累计值ETkgH2Om-2d-1每日蒸发量累计值月尺度年年份月月份NEEgCm-2m-1每月生态系统净碳交换量累计值REgCm-2m-1每月生态系统呼吸累计值GEEgCm-2m-1每月生态系统碳交换总量累计值LEMWm-2m-1每月潜热通量累计值HsMWm-2m-1每月显热通量累计值ETkgH2Om-2m-1每月蒸发量累计值年尺度年年份NEEgCm-2y-1每年生态系统净碳交换量累计值REgCm-2y-1每年生态系统呼吸累计值GEEgCm-2y-1每年生态系统碳交换总量累计值LEMWm-2y-1每年潜热通量累计值HsMWm-2y-1每年显热通量累计值ETkgH2Om-2y-1每年蒸发量累计值",
    "数据质量": "半小时尺度上，不同年份之间生态系统净碳交换量（NEE）、潜热通量（LE）和显热通量（H）有效观测数据比例分别为48.0%–83.0%、57.4%–91.1%、58.1%–92.2%。其中，除2008年潜热通量和显热通量有效数据在57.4%和58.1%外，其余年份潜热通量和显热通量有效数据量均达到70%以上，且均高于生态系统净碳交换量质控后有效通量数据比例（图2）。图2半小时尺度上不同年份质控的有效通量数据比例（%）",
    "数据使用和建议": "本数据已在国家科技资源共享服务平台（http://www.cnern.org.cn）发布，用户登录系统后，点击数据资源栏目，在碳氮水通量观测数据集中搜索“版纳站”，点击查询，即可进入相关数据下载界面。用户也可登录ScienceDataBank（http://www.dx.doi.org/10.11922/sciencedb.j00001.00177）访问和下载数据集。本数据集可应用于模型的开发、验证。为了便于不同站点数据的比较，本数据集采用ChinaFLUX制定的标准技术体系进行数据处理和质量控制。但是由于不同插值方法计算结果存在差异，即使年通量差异相对较小，也可能导致季节动态较大的不同，因此在机理解析中应尤其慎重。",
    "展望": "西双版纳热带季节雨林碳水通量在能量平衡及全球小气候特征中至关重要。后续需要进一步加强以下几个方面的研究：（1）由于该地处于热带北缘，海拔偏高，年平均温度和年降雨量相对较低，风速较小，雾日较多，而且还存在“碳湖”现象。有特殊的地理环境、气候和植被结构，在观测系统运行以及数据质量控制时要考虑多种因素。（2）随着碳水通量观测仪器的推陈出新以及碳水通量数据处理方法的不断改进、完善和创新，碳水通量质控后有效数据比例将越来越高。（3）在得到标准化数据的同时，应深入开展CO2浓度，氮沉降、气溶胶等其他环境因子对森林生态系统碳汇影响方面的研究，并探讨其背后机制。（4）以后研究可运用长期连续观测的通量和气象数据（20年以上），并结合模型来探讨碳交换年间变异机制及其对气候变化响应。年际变异的生态系统响应与气候要素贡献、生物气候要素在年际变异中的贡献。（5）本研究采用涡度相关法，得到的是点上碳交换研究结果。以后研究可整合单点碳交换数据、遥感影像数据和地表过程模型（Landsurfacemodel，如EALCO），实现从点到区域地研究生态系统碳交换及其对气候变化的响应，从而把点上研究结果扩展到区域乃至全球尺度。",
    "引用格式": "宋清海, 张一平, 起德花, 等. 2003–2010年西双版纳热带季节雨林碳水通量观测数据集[DB/OL]. Science Data Bank, 2020. (2020-05-10). DOI: 10.11922/sciencedb.j00001.00177."
}