{
    "类目名称": "中国通量观测研究网络（ChinaFLUX）专题",
    "名称": "2003–2010年鼎湖山针阔叶混交林碳水通量观测数据集",
    "资源信息链接地址": "http://www.cnern.org.cn/data/initDRsearch?classcode=SYC_A02\t\t\thttp://www.dx.doi.org/10.11922/sciencedb.1009",
    "摘要": "摘要：陆地生态系统碳水循环过程是全球生态系统中重要的生态学过程，科学定量森林生态系统的碳水循环过程中的碳水通量是准确定量陆地生态系统碳水过程的关键所在。基于微气象理论的涡度相关通量观测技术实现了对森林生态系统的碳水通量的准确定量，获取的碳水通量监测数据为研究森林生态系统碳“源汇”贡献提供了坚实基础。作为中国生态系统研究网络（Chinese Ecosystem Research Network，CERN）和国家野外科学观测研究站网络（National Ecosystem Research Network of China，CNERN）成员，鼎湖山森林生态系统定位研究站自2002年底始对我国南亚热带鼎湖山针阔叶混交林森林类型进行碳水通量监测，现已完善为系统规范化的监测。其中针阔叶混交林为鼎湖山主要森林类型，也是我国南亚热带常见森林类型。按照中国通量观测研究网络（ChinaFLUX）的统一规范，在该森林类型已进行长达17年的生态系统水平碳水通量及关键气象要素标准化监测。本数据集通过整理和统计，列出了2003–2010年鼎湖山针阔叶混交林碳水通量的动态实测数据，并包含了相关的数据集构建过程。建立和共享本数据集可以为深入探讨全球水热格局变化情形下的生态系统与大气之间碳、水和能量交换监测研究提供本底资料，为该地区的森林经营管理及生态系统功能评价提供数据支撑。",
    "关键词": "鼎湖山国家级自然保护区；涡度相关法；针阔叶混交林；碳水通量；气象因子",
    "参考引用": [
        {
            "名称": "HOUGHTON R A, DAVIDSON E A, WOODWELL G M. Missing sinks, feedbacks, and understanding the role of terrestrial ecosystems in the global carbon balance[J]. Global Biogeochemical Cycles, 1998, 12(1):25-34.",
            "资源信息链接地址": "http://xueshu.baidu.com/s?wd= Missing sinks, feedbacks, and understanding the role of terrestrial ecosystems in the global carbon balance"
        },
        {
            "名称": "YU G R, FU Y L, SUN X M, et al. Recent progress and future directions of ChinaFLUX[J]. Science in China. Series D, Earth sciences, 2006, 49(NovS2):1-23.",
            "资源信息链接地址": "http://xueshu.baidu.com/s?wd= Recent progress and future directions of ChinaFLUX"
        },
        {
            "名称": "于贵瑞, 张雷明, 孙晓敏. 中国陆地生态系统通量观测研究网络(ChinaFLUX)的主要进展及发展展望[J]. 地理科学进展, 2014, 33(7): 903-917.",
            "资源信息链接地址": "http://xueshu.baidu.com/s?wd= 中国陆地生态系统通量观测研究网络(ChinaFLUX)的主要进展及发展展望"
        },
        {
            "名称": "CHEN Z, YU G R, WANG Q F. Magnitude, pattern and controls of carbon flux and carbon use efficiency in China's typical forests[J]. Global and planetary change, 2019, 172: 464-473.",
            "资源信息链接地址": "http://xueshu.baidu.com/s?wd= Magnitude, pattern and controls of carbon flux and carbon use efficiency in China's typical forests"
        },
        {
            "名称": "邓永红, 王立景, 黄健强, 等. 鼎湖山天然针阔叶混交林优势树种对大气SO2的气孔吸收特征[J]. 生态与农村环境学报, 2020, 36(3): 382-389.",
            "资源信息链接地址": "http://xueshu.baidu.com/s?wd= 鼎湖山天然针阔叶混交林优势树种对大气SO2的气孔吸收特征"
        },
        {
            "名称": "ZHOU G Y, WEI X H, WU Y P, et al. Quantifying the hydrological responses to climate change in an intact forested small watershed in Southern China[J]. Global Change Biology, 2011, 17(12):3736-3746.",
            "资源信息链接地址": "http://xueshu.baidu.com/s?wd= Quantifying the hydrological responses to climate change in an intact forested small watershed in Southern China"
        },
        {
            "名称": "ZHOU G Y, PENG C H, LI Y L, et al. A climate change-induced threat to the ecological resilience of a subtropical monsoon evergreen broad-leaved forest in Southern China[J]. Global Change Biology, 2013, 19(4):1197-1210.",
            "资源信息链接地址": "http://xueshu.baidu.com/s?wd= A climate change-induced threat to the ecological resilience of a subtropical monsoon evergreen broad-leaved forest in Southern China"
        },
        {
            "名称": "周国逸, 张德强, 李跃林, 等. 长期监测与创新研究阐明森林生态系统功能形成过程与机理[J]. 中国科学院院刊, 2017, 32(9): 1036-1046.",
            "资源信息链接地址": "http://xueshu.baidu.com/s?wd= 长期监测与创新研究阐明森林生态系统功能形成过程与机理"
        },
        {
            "名称": "王春林, 周国逸, 唐旭利, 等. 鼎湖山针阔叶混交林生态系统呼吸及其影响因子[J]. 生态学报, 2007, 27(7):2659-2668.",
            "资源信息链接地址": "http://xueshu.baidu.com/s?wd= 鼎湖山针阔叶混交林生态系统呼吸及其影响因子"
        },
        {
            "名称": "LI Y L, YAN J H, ZHOU G Y, et al. Quantification of ecosystem carbon exchange characteristics in a dominant subtropical evergreen forest ecosystem[J]. Asia-Pacific Journal of Atmospheric Sciences, 48(1): 1-10, 2012.",
            "资源信息链接地址": "http://xueshu.baidu.com/s?wd= Quantification of ecosystem carbon exchange characteristics in a dominant subtropical evergreen forest ecosystem"
        },
        {
            "名称": "王春林, 于贵瑞, 周国逸, 等. 鼎湖山常绿针阔叶混交林CO2通量估算[J]. 中国科学D辑, 2006, 36(Z2):119-129.",
            "资源信息链接地址": "http://xueshu.baidu.com/s?wd= 鼎湖山常绿针阔叶混交林CO2通量估算"
        },
        {
            "名称": "邹顺, 周国逸, 张倩媚, 等. 1992–2015年鼎湖山季风常绿阔叶林群落结构动态[J]. 植物生态学报, 2018, 42(04): 442-452.",
            "资源信息链接地址": "http://xueshu.baidu.com/s?wd= 1992–2015年鼎湖山季风常绿阔叶林群落结构动态"
        },
        {
            "名称": "李跃林, 刘世忠, 黄健强, 等. 1999–2016年鼎湖山季风常绿阔叶林凋落物月回收量数据集[J/OL]. 中国科学数据, 2020, 5(2). (2020-06-18). DOI: 10.11922/csdata.2019.0073.zh.",
            "资源信息链接地址": "http://xueshu.baidu.com/s?wd= 1999–2016年鼎湖山季风常绿阔叶林凋落物月回收量数据集"
        },
        {
            "名称": "黄健强, 黄德卫, 李跃林, 等. 2010–2011 年鼎湖山针阔叶混交林树干液流数据集[J/OL]. 中国科学数据, 2020, 5(1). (2020-02-12). DOI: 10.11922/csdata.2019.0058.zh.",
            "资源信息链接地址": "http://xueshu.baidu.com/s?wd= 2010–2011 年鼎湖山针阔叶混交林树干液流数据集"
        },
        {
            "名称": "刘佩伶, 张倩媚, 刘效东, 等. 2002–2016 年鼎湖山典型森林生态系统土壤含水量数据集[J/OL]. 中国科学数据, 2019, 4(4). (2019-12-24). DOI: 10.11922/csdata.2018.0063.zh.",
            "资源信息链接地址": "http://xueshu.baidu.com/s?wd= 2002–2016 年鼎湖山典型森林生态系统土壤含水量数据集"
        },
        {
            "名称": "邹顺, 耿卫欣, 张倩媚, 等. 1992–2015 年鼎湖山季风常绿阔叶林乔木物种组成数据集[J/OL]. 中国科学数据, 2019, 4(4). (2019-04-25). DOI: 10.11922/csdata.2018.0090.zh.",
            "资源信息链接地址": "http://xueshu.baidu.com/s?wd= 1992–2015 年鼎湖山季风常绿阔叶林乔木物种组成数据集"
        },
        {
            "名称": "张倩媚. 中国生态系统定位观测与研究数据集•森林生态系统卷•广东鼎湖山站：1998–2008[M]. 北京: 中国农业出版社, 2011.",
            "资源信息链接地址": "http://xueshu.baidu.com/s?wd= 中国生态系统定位观测与研究数据集•森林生态系统卷•广东鼎湖山站：1998–2008"
        },
        {
            "名称": "ZHOU G Y, HOULTON B Z, WANG W T, et al. Substantial reorganization of China’s tropical and subtropical forests: Based on the permanent plots[J]. Global Change Biology, 2014, 20: 240-250.",
            "资源信息链接地址": "http://xueshu.baidu.com/s?wd= Substantial reorganization of China’s tropical and subtropical forests: Based on the permanent plots"
        },
        {
            "名称": "王春林, 周国逸, 王旭,等. 鼎湖山针阔叶混交林冠层下方CO2通量及其环境响应[J]. 生态学报, 2007, 27(3):846-854.",
            "资源信息链接地址": "http://xueshu.baidu.com/s?wd= 鼎湖山针阔叶混交林冠层下方CO2通量及其环境响应"
        },
        {
            "名称": "张雷明, 罗艺伟, 刘敏, 等.  2003–2005年中国通量观测研究联盟（ChinaFLUX）碳水通量观测数据集[J/OL]. 中国科学数据, 2019, 4(1). (2018-12-29). DOI: 10.11922/csdata. 2018. 0028.zh.",
            "资源信息链接地址": "http://xueshu.baidu.com/s?wd=  2003–2005年中国通量观测研究联盟（ChinaFLUX）碳水通量观测数据集"
        },
        {
            "名称": "于贵瑞, 孙晓敏. 陆地生态系统通量观测的原理与方法（第二版）[M]. 北京: 高等教育出版社, 2018.",
            "资源信息链接地址": "http://xueshu.baidu.com/s?wd= 陆地生态系统通量观测的原理与方法（第二版）"
        },
        {
            "名称": "起德花, 张一平, 宋清海, 等. 2003–2010年西双版纳热带季节雨林碳水通量观测数据集[J/OL]. 中国科学数据, 2020. (2020-05-10). DOI: 10.11922/csdata.2020.0037.zh.",
            "资源信息链接地址": "http://xueshu.baidu.com/s?wd= 2003–2010年西双版纳热带季节雨林碳水通量观测数据集"
        },
        {
            "名称": "张法伟, 李红琴, 赵亮, 等. 2003–2010年海北高寒灌丛碳水热通量观测数据集[J/OL]. 中国科学数据, 2020. (2020-05-20). DOI: 10.11922/csdata.2020.0034.zh.",
            "资源信息链接地址": "http://xueshu.baidu.com/s?wd= 2003–2010年海北高寒灌丛碳水热通量观测数据集"
        },
        {
            "名称": "周国逸, 李琳, 吴安驰．气候变暖下干旱对森林生态系统的影响[J]. 南京信息工程大学学报(自然科学版), 2020, 12(1): 81-88.",
            "资源信息链接地址": "http://xueshu.baidu.com/s?wd=[J]."
        }
    ],
    "作者": [
        {
            "姓名": "李跃林",
            "机构": [
                "中国科学院华南植物园",
                "South China Botanical Garden, Chinese Academy of Sciences"
            ],
            "贡献": "主要承担工作：数据分析和论文撰写。",
            "简介": "（1970—），男，湖南人，研究员，研究方向为森林生态学。"
        },
        {
            "姓名": "闫俊华",
            "机构": [
                "中国科学院华南植物园",
                "South China Botanical Garden, Chinese Academy of Sciences"
            ],
            "贡献": "主要承担工作：项目组织与协调，数据质量控制。",
            "简介": "（1973—），男，河南人，研究方向，生物地球化学。"
        },
        {
            "姓名": "孟泽",
            "机构": [
                "中国科学院华南植物园",
                "South China Botanical Garden, Chinese Academy of Sciences"
            ],
            "贡献": "主要承担工作：数据采集与质量控制。",
            "简介": "（1970—），男，湖南人，技术员。"
        },
        {
            "姓名": "黄健强",
            "机构": [
                "中国科学院华南植物园",
                "South China Botanical Garden, Chinese Academy of Sciences",
                "中国科学院大学",
                "University of Chinese Academy of Sciences"
            ],
            "贡献": "主要承担工作：数据整理和论文撰写。",
            "简介": "（1994—），男，广东人，硕士研究生，研究方向为森林水分生理。"
        },
        {
            "姓名": "张雷明",
            "机构": [
                "中国科学院地理科学与资源研究所，生态系统网络观测与模拟重点实验室",
                "Key Laboratory of Ecosystem Network Observation and Modeling, Institute of Geographic Sciences and Natural Resources Research, Chinese Academy of Sciences"
            ],
            "贡献": "主要承担工作：数据处理和质量控制。",
            "简介": "（1974—），男，副研究员，研究方向，生态系统碳水循环与全球变化。"
        },
        {
            "姓名": "陈智",
            "机构": [
                "中国科学院地理科学与资源研究所，生态系统网络观测与模拟重点实验室",
                "Key Laboratory of Ecosystem Network Observation and Modeling, Institute of Geographic Sciences and Natural Resources Research, Chinese Academy of Sciences"
            ],
            "贡献": "主要承担工作：数据质量分析。",
            "简介": "（1981—），女，助理研究员，研究方向，生态系统碳通量时空格局。"
        },
        {
            "姓名": "刘世忠",
            "机构": [
                "中国科学院华南植物园",
                "South China Botanical Garden, Chinese Academy of Sciences"
            ],
            "贡献": "主要承担工作：样地植被调查。",
            "简介": "（1970—），男，广东人，高级工程师，研究方向为森林生态学。"
        },
        {
            "姓名": "褚国伟",
            "机构": [
                "中国科学院华南植物园",
                "South China Botanical Garden, Chinese Academy of Sciences"
            ],
            "贡献": "主要承担工作：仪器维护与质量控制。",
            "简介": "（1976—），男，广东人，高级工程师，研究方向为环境生态学。"
        },
        {
            "姓名": "张倩媚",
            "机构": [
                "中国科学院华南植物园",
                "South China Botanical Garden, Chinese Academy of Sciences"
            ],
            "贡献": "主要承担工作：数据质量控制与整理入库、数据共享。",
            "简介": "（1970—），女，广东人，正高级工程师，研究方向为森林生态学。"
        },
        {
            "姓名": "张德强",
            "机构": [
                "中国科学院华南植物园",
                "South China Botanical Garden, Chinese Academy of Sciences"
            ],
            "贡献": "主要承担工作：项目组织与协调。",
            "简介": "（1963—），男，广东人，研究员，研究方向为森林生态学。"
        }
    ],
    "基金": "国家自然科学基金项目（31670453、31961143023）；中国科学院战略性先导科技专项（XDA19020302）；中国生态系统研究网络（CERN）鼎湖山森林生态系统定位研究站运行服务项目；国家科技部（CRERN）广东鼎湖山森林生态系统国家野外科学观测研究站运行服务项目。",
    "数据集名称": "2003–2010年鼎湖山针阔叶混交林碳水通量观测数据集",
    "数据作者": "李跃林（yuelin@scib.ac.cn）；闫俊华（jhyan@scib.ac.cn）",
    "时间范围": "2003年1月至2010年12月",
    "空间范围": "中国鼎湖山国家级自然保护区（23°09′21\"–23°11′30\"N，112°30′39\"–112°33′41\"E）",
    "数据格式": "*.xls",
    "数据量": "35 MB",
    "数据组成": "分为半小时、日尺度、月尺度和年尺度常规气象数据（空气温度、空气相对湿度、水汽压、风速、风向、土壤温度、土壤水分、太阳辐射、光合有效辐射和降水等）和碳水通量（生态系统总初级生产力、生态系统呼吸、净生态系统生产力、潜热通量、显热通量）数据产品表格。",
    "数据采集和处理方法": "1.1数据采集样地描述鼎湖山国家级自然保护区（23°09′21\"–23°11′30\"N，112°30′39\"–112°33′41\"E）位于广东省肇庆市鼎湖区，占地总面积为1155hm2，主要地形为丘陵和低山，海拔100–700m。该地区属于南亚热带季风气候，年降水量为1714mm，年平均湿度为76%，4月至9月为湿季，10月到翌年3月为旱季，湿季降水量占全年降水量80%左右。年均气温22.5℃，最冷月（1月）和最热月（7月）平均气温分别为13.8℃和28.8℃。地质基础主要为泥盆纪砂岩、砂页岩、页岩和石英砂岩，地带性土壤为南亚热带赤红壤[12,13,14,15]。鼎湖山植物群落呈现终年常绿，郁闭度约95%。根据森林生态系统演替系列，鼎湖山的植物群落可分为演替初期的马尾松针叶林、演替中期的针阔叶混交林和演替后期的季风常绿阔叶林。针阔叶混交林乔木层主要物种为木荷（Schimasuperba）、锥栗（Castanopsischinensis）、和马尾松（Pinusmassoniana）等[11,16]，优势乔木树种的生物量占比在85%以上。草本主要为芒萁（Dicranopterispedata）、淡竹叶（Lophatherumgracile）等，灌木主要有山血丹（Ardisialindleyana）、变叶榕（Ficusvariolosa）等。本研究数据采集对象为针阔叶混交林群落，南亚热带森林群落的演替中间阶段，具有典型代表性。为研究针阔叶混交林生态系统冠层碳水交换能力及其生态系统服务功能维持机制等，最早于2002年10月在海拔300m建立针阔叶混交林样地碳通量塔，进行水汽通量监测。样地位于鼎湖山五棵松，表1为样地概况[7,17-18]。下载表1通量下垫面样地基本信息序号样地名称针阔叶混交林永久样地1演替阶段中间过渡2位置23°10′25.4″N，112°32′3.7″E3海拔（m）3004坡向SE5坡度(°)106平均树高（m）17.57林龄（a）50–1008郁闭度（%）＞959叶面积指数（m2·m-2）5.210林分密度（每公顷株数）416711生物量（t·hm2）260.012土壤类型赤红壤1.2数据来源及采集方法数据来源于鼎湖山站碳水通量观测系统，下垫面为针阔叶混交林永久样地，通量观测塔高38m，装有2层开路涡度相关通量观测系统，观测探头高度分别为28m和3m，分别代表林冠层顶/大气界面、林冠下层/地表草本界面的通量。通量观测铁塔上同时安装多层微气象观测系统。气象梯度观测系统包括：7层三杯风速仪和温、湿度构成风速和温湿度垂直梯度观测系统；此外，还设置了2层PAR传感器以观测PAR垂直变化；在通量观测塔顶层设置了太阳辐射传感器和雨量筒，其中太阳辐射含太阳总辐射四分量动态，地下观测指标还有地表温度、土壤热通量、土壤温度、土壤体积含水量等[19]。观测始于2002年10月，本数据集提供2003年1月至2010年12月观测数据。观测系统的涡度相关和气象梯度观测参数获取方法：CO2、H2O和能量通量系统采集频率为10Hz，常规气象要素的数据采集频率为0.5Hz。为了保证数据可靠性，所有仪器设备均进行定期校对和维护。各观测项目所用仪器型号、仪器制造商，以及数据采集传感器及其生产厂家等相关信息如表2。下载表2观测参数所用仪器信息观测系统测定要素仪器型号仪器制造商数据采集器数据采集器制造商常规气象要素空气温度/湿度HMP45CVAISALACR23XCAMPBELL降水量52203RMYOUNG总辐射CM11KIPP&ZONEN净辐射CNR-1KIPP&ZONEN光合有效辐射LQS70-10APOGEE风速A100RVECTOR风向W200PVECTOR气压CS105VAISALA红外温度传感器IRTS-PPOGEE土壤温度105T/107-LCAMPBELL土壤水分CS615-LCAMPBELL土壤热通量HFP01HUKSEFLUXCO2和水热通量三维超声风速CSAT3CAMPBELLCR5000CAMPBELLCO2、H2O密度LI-7500ALI-COR显/潜热通量**LI-7500ALI-COR注：**由Li7500A及三维超声风速仪(CSAT3)获取的水汽浓度、超声温度计算显热和潜热通量。1.3数据加工、处理方法与过程基于ChinaFLUX流程与标准[20-21]，本数据集的构建过程主要包括：数据观测、采集、质控、处理等流程[22-23]。具体的构建过程见图1。首先通过数据采集器自动存储采样频率为10Hz原始数据，先对原始数据校正，其中含针对超声虚温(Ts)数据的二次坐标变换及超声虚温校正，之后存储30min的通量数据，在线进行空气密度脉动订正、插补，同时进行地形和仪器倾斜影响订正，并对通量进行如下质量控制，剔除符合如下任意条件的记录数据：(1)有降水；(2)CO2、水汽浓度超过仪器量程范围；(3)湍流不充分（即摩擦风速u*<0.05m/s）；(4)有效样本少于15000；(5)异常突出的数据。一般u*订正阈值取0.15–0.2m/s，对鼎湖山站数据分析表明：当u*＞0.05m/s时，夜间通量数据随风速变化不明显，而有效样本数大幅度下降，为避免样本数太少带来新的不确定性，故而取u*阈值为0.05m/s。此外，由于局地地形影响，冠层下方存在明显的类似山谷风的风向日变化，且发现通量数据在南风方向上普遍偏低，为避免地形因素导致对通量数据系统性偏低估算，剔除风向在120–200°之间的数据。通过上述质量控制后，获取30min有效通量数据[9,11]。对于气温、土壤温度、土壤水分含量等常规气象观测参数，数据采集器对采样频率为10Hz原始数据在线计算并自动存储30min统计数据[9,11]。图1数据构建流程",
    "数据描述": "本数据集为2003–2010年鼎湖山针阔叶混交林碳水通量观测数据，数据存储格式为Excel文件，每年有8个Excel数据文件，分为两类数据文件，一类常规气象数据文件，一类通量数据文件，每年每类数据文件各有4个，即30min、日、月和年尺度，总共64个文件，总数据量35MB。表3、4列出数据表单所包含的具体字段名称、类型及示例。下载表3鼎湖山针阔叶混交林常规气象观测数据表单内容数据项计量单位观测高度数据项说明年年份月月份日日期时小时分分钟秒秒近地面空气温度℃3、8、13、18m近地面平均空气温度冠层上方空气温度℃23、28、33m冠层上方平均空气温度近地面空气湿度%3、8、13、18m近地面平均相对湿度冠层上方空气湿度%23、28、33m冠层上方平均相对湿度近地面水汽压kPa3、8、13、18m近地面水汽压冠层上方水汽压kPa23、28、33m冠层上方水汽压近地面风速m/s3、8、13、18m近地面风速冠层上方风速m/s23、28、33m冠层上方风速风向degree35m风向大气压kPa1.5m大气压强太阳辐射W/m235m太阳辐射净辐射W/m235m净辐射光合有效辐射μmol/m28、33m光合有效辐射土壤温度℃9层（0、5、10、15、20、40、60、80、100cm）土壤温度土壤体积含水量m3/m33层（5、20、40cm）土壤水分降水量mm35m总降雨量下载表4鼎湖山针阔叶混交林通量观测数据表单内容数据项计量单位数据项说明年年份月月份日日期时小时分分钟NEEmgCO2m-2s-1半小时尺度的净生态系统生产力REmgCO2m-2s-1半小时尺度的生态系统呼吸GEEmgCO2m-2s-1半小时尺度的总生态系统生产力LEWm-2半小时尺度的潜热通量HsWm-2半小时尺度的显热通量",
    "数据质量": "本数据集来源于野外样地的实时监测及质量控制后分析整理的数据。设备的安装、数据的获取及校正，均在ChinaFLUX技术团队指导下，由鼎湖山站具有长期野外工作经验的技术人员及科研人员完成，确保了数据准确性。具体数据质量的控制方法在数据产生流程中已有简介，在保证数据可靠性的前提下，采用ChinaFLUX数据质量保证和控制方法进行数据入库。半小时尺度上，不同年份之间净生态系统生产力（NEE）、潜热通量（LE）和显热通量（H）有效观测数据比例分别为60.4％–68.9％、65.3％–76.8％、66.2％–80.0％，质控后有效通量数据比例如（表5）。下载表5鼎湖山通量有效观测数据比例（%）年份净生态系统CO2交换量（NEE）潜热通量（LE）显热通量（H）200362.666.669.0200465.570.873.2200564.471.374.6200669.376.480.0200767.471.873.4200868.976.878.7200960.465.366.2201061.266.169.4",
    "数据价值": "在全球水热格局可能发生变化的情形下，森林生态系统物质循环和能量流动中的碳水通量的生态学意义显得尤为重要。南亚热带针阔叶混交林生态系统是我国生态关键带的重要森林生态系统类型之一，其过程与变化的研究是生态学研究的重点，生态系统过程对全球变化有响应和反馈作用，是阐述全球变化的影响与适应机理的基础。因此对我国南亚热带鼎湖山代表性森林类型针阔叶林混交林的碳水通量等过程进行分析和研究，将有利于森林经营管理和利用，并对全球变暖提出林业上的科学对策有着较为重要的意义。对鼎湖山针阔叶混交林的碳水通量的实测，可为该地区的森林物质循环、能量流动提供准确的基础信息[2]。鼎湖山针阔叶混交林林分年龄为50–100年，群落有着复杂的垂直结构，系统稳定，是代表本地带中间过渡性类型的森林植被[3]。基于中国亚热带形成机理，学术界公认鼎湖山所在区域水热环境对全球变化极其敏感。随着青藏高原冰川的逐步消融，预计海陆季风效应将进一步加强，全年降水变率有可能进一步加大，导致干季土壤水分进一步亏缺[8,24]。在这种逐步改变的环境下，鼎湖山的针阔叶混交林群落的响应可为森林生态系统结构、功能和动态研究以及区域退化生态系统恢复研究提供重要参考[2-3]。而关于该森林类型碳水通量公开数据少之又少，因此更具重要数据价值。本数据集可应用于全球气候变化情形下的碳水循环分析、森林生态系统服务功能比较、林业经营管理等相关研究领域，也可以考虑在不同的典型区域、典型陆地生态系统之间开展多台站数据联网分析，结合ChinaFLUX多站点碳水通量数据，将为模型分析提供非常有用的数据。",
    "数据使用和建议": "本数据集可通过链接ScienceDataBank在线服务网址（http://www.dx.doi.org/10.11922/sciencedb.1009）下载数据；相关通量的下垫面的植被等数据信息可通过广东鼎湖山森林生态系统国家野外科学观测研究站（http://dhf.cern.ac.cn/）数据资源服务网申请。",
    "引用格式": "李跃林, 闫俊华, 孟泽, 等. 2003–2010年鼎湖山针阔叶混交林碳水通量观测数据集[DB/OL]. Science Data Bank, 2020. (2020-11-23). DOI: 10.11922/sciencedb.1009."
}