{
    "类目名称": "中国通量观测研究网络（ChinaFLUX）专题",
    "名称": "2010–2014年西双版纳橡胶林碳水通量观测数据集",
    "资源信息链接地址": "http://www.dx.doi.org/10.11922/sciencedb.j00001.00123",
    "摘要": "摘要：在气候变化的背景下，人工林的碳汇能力和固碳潜力受到越来越多的关注。由于社会和经济发展的需要，橡胶林在我国的种植面积不断扩大，已然成为我国热带地区最重要的人工森林生态系统。这种土地利用方式的变化必然会影响区域水文、气侯和碳–水循环。涡度相关技术是当今世界上最先进、最广泛而精确的研究物质和能量通量的方法。然而，目前应用在橡胶林的涡度相关技术尚不多见，而这方面的数据对于应对当前全球气候变化和国际气候谈判尤为重要。作为中国通量研究网络（ChinaFLUX）的基础观测研究站点之一，自2010年建成的西双版纳橡胶林通量观测系统，如今已经累积了11年的通量和气象观测数据。本数据集整理了2010年6月到2014年12月的西双版纳橡胶林通量和常规气象数据，包括净生态系统生产力、生态系统呼吸、生态系统总初级生产力、潜热通量、显热通量、蒸散、空气温度、空气相对湿度、水汽压、风速、风向、大气压、太阳总辐射、净辐射、光合有效辐射、土壤温度、土壤水分、降水量等指标，分为半小时、日、月和年4种时间尺度的数据文件。本数据集可以为评价人工橡胶林生态系统生态效益和生态功能、国家制定减排相关的重大战略决策、土地利用变化管理等提供数据支撑。",
    "关键词": "涡度相关技术；通量；碳水循环；气象要素；橡胶林",
    "参考引用": [
        {
            "名称": "吴志祥, 陶忠良, 兰国玉, 等. 海南岛橡胶林生态系统碳通量及其影响因子研究[J]. 热带作物学报, 2014, 35(11): 2099-2108.",
            "资源信息链接地址": "http://xueshu.baidu.com/s?wd= 海南岛橡胶林生态系统碳通量及其影响因子研究"
        },
        {
            "名称": "张晓娟, 吴志祥, 杨川. 基于涡度相关系统的橡胶林生态系统蒸散研究[J]. 中南林业科技大学学报, 2017, 37(2): 76-84.",
            "资源信息链接地址": "http://xueshu.baidu.com/s?wd= 基于涡度相关系统的橡胶林生态系统蒸散研究"
        },
        {
            "名称": "WARREN-THOMAS E M, EDWARDS D P, BEBBER D P, et al. Protecting tropical forests from the rapid expansion of rubber using carbon payments[J]. Nature Communications, 2018, 9(1): 1-12.",
            "资源信息链接地址": "http://xueshu.baidu.com/s?wd= Protecting tropical forests from the rapid expansion of rubber using carbon payments"
        },
        {
            "名称": "廖谌婳, 李鹏, 封志明, 等. 西双版纳橡胶林面积遥感监测和时空变化[J]. 农业工程学报, 2014, 30(22): 170-180.",
            "资源信息链接地址": "http://xueshu.baidu.com/s?wd= 西双版纳橡胶林面积遥感监测和时空变化"
        },
        {
            "名称": "FOX J, CASTELLA J, ZIEGLER A D, et al. Rubber plantations expand in mountainous Southeast Asia: what are the consequences for the environment?[J]. Asia Pacific Issues, 2014, 114: 1-8.",
            "资源信息链接地址": "http://xueshu.baidu.com/s?wd= Rubber plantations expand in mountainous Southeast Asia: what are the consequences for the environment?"
        },
        {
            "名称": "宋清海, 张一平. 西双版纳地区人工橡胶林生物量、固碳现状及潜力[J]. 生态学杂志, 2010, 29(10): 1887-1891.",
            "资源信息链接地址": "http://xueshu.baidu.com/s?wd= 西双版纳地区人工橡胶林生物量、固碳现状及潜力"
        },
        {
            "名称": "LIN Y X, ZHANG Y P, ZHAO W, et al. Pattern and driving factor of intense defoliation of rubber plantations in SW China[J]. Ecological Indicators, 2018, 94: 104-116.",
            "资源信息链接地址": "http://xueshu.baidu.com/s?wd= Pattern and driving factor of intense defoliation of rubber plantations in SW China"
        },
        {
            "名称": "TAN Z H, ZHANG Y P, SONG Q H, et al. Rubber plantations act as water pumps in tropical China[J]. Geophysical Research Letters, 2011, 38(L24406).",
            "资源信息链接地址": "http://xueshu.baidu.com/s?wd= Rubber plantations act as water pumps in tropical China"
        },
        {
            "名称": "LAN G Y, WU Z X, YANG C, et al. Tropical rainforest conversion into rubber plantations results in changes in soil fungal composition, but underling mechanisms of community assembly remain unchanged[J]. Geoderma, 2020,375: 114505.",
            "资源信息链接地址": "http://xueshu.baidu.com/s?wd= Tropical rainforest conversion into rubber plantations results in changes in soil fungal composition, but underling mechanisms of community assembly remain unchanged"
        },
        {
            "名称": "吴志祥, 杜莲英, 兰国玉, 等. 海南岛橡胶林辐射通量特征[J]. 热带地理, 2012, 32(06): 575-581.",
            "资源信息链接地址": "http://xueshu.baidu.com/s?wd= 海南岛橡胶林辐射通量特征"
        },
        {
            "名称": "吴志祥, 杜莲英, 谢贵水, 等. 海南岛橡胶林光合有效辐射的时空分布[J]. 西北林学院学报, 2013, 28(3): 13-21.",
            "资源信息链接地址": "http://xueshu.baidu.com/s?wd= 海南岛橡胶林光合有效辐射的时空分布"
        },
        {
            "名称": "孙燕瓷, 马友鑫, 曹坤芳, 等. 基于Biome-BGC模型的西双版纳橡胶林碳收支模拟[J]. 生态学报, 2017, 37(17): 5732-5741.",
            "资源信息链接地址": "http://xueshu.baidu.com/s?wd= 基于Biome-BGC模型的西双版纳橡胶林碳收支模拟"
        },
        {
            "名称": "董钰鑫, 张一平, 沙丽清, 等. 施肥对西双版纳橡胶林土壤CO2排放的影响[J]. 生态学杂志, 2015, 34(09): 2576-2582.",
            "资源信息链接地址": "http://xueshu.baidu.com/s?wd= 施肥对西双版纳橡胶林土壤CO2排放的影响"
        },
        {
            "名称": "莫慧珠, 沙丽清. 西双版纳不同复合农林模式橡胶林碳储量及固碳潜力[J]. 山地学报, 2016, 34(6): 707-715.",
            "资源信息链接地址": "http://xueshu.baidu.com/s?wd= 西双版纳不同复合农林模式橡胶林碳储量及固碳潜力"
        },
        {
            "名称": "王连晓, 史正涛, 刘新有, 等. 西双版纳橡胶林土壤有机碳分布特征研究[J]. 浙江农业学报, 2016, 28(7): 1200-1205.",
            "资源信息链接地址": "http://xueshu.baidu.com/s?wd= 西双版纳橡胶林土壤有机碳分布特征研究"
        },
        {
            "名称": "吴志祥, 谢贵水, 杨川, 等. 橡胶林生态系统干季微气候特征和通量的初步观测[J]. 热带作物学报, 2010, 31(12): 2081-2090.",
            "资源信息链接地址": "http://xueshu.baidu.com/s?wd= 橡胶林生态系统干季微气候特征和通量的初步观测"
        },
        {
            "名称": "林友兴, 张一平, 费学海, 等. 云南不同森林生态系统蒸散特征的比较研究[J]. 云南大学学报（自然科学版）, 2019, 41(1): 205-218.",
            "资源信息链接地址": "http://xueshu.baidu.com/s?wd= 云南不同森林生态系统蒸散特征的比较研究"
        },
        {
            "名称": "QIU J. Where the rubber meets the garden[J]. Nature, 2009, 457(7227): 246.",
            "资源信息链接地址": "http://xueshu.baidu.com/s?wd= Where the rubber meets the garden"
        },
        {
            "名称": "LI H, AIDE T M, MA Y, et al. Demand for rubber is causing the loss of high diversity rain forest in SW China[J]. Biodiversity & Conservation, 2007, 16(6): 1731-1745.",
            "资源信息链接地址": "http://xueshu.baidu.com/s?wd= Demand for rubber is causing the loss of high diversity rain forest in SW China"
        },
        {
            "名称": "HUANG X H, YUAN H, YU F K, et al. Spatial–temporal succession of the vegetation in Xishuangbanna, China during 1976–2010: A case study based on RS technology and implications for eco-restoration[J]. Ecological Engineering, 2014, 70(9): 255-262.",
            "资源信息链接地址": "http://xueshu.baidu.com/s?wd= Spatial–temporal succession of the vegetation in Xishuangbanna, China during 1976–2010: A case study based on RS technology and implications for eco-restoration"
        },
        {
            "名称": "LI H M, MA Y, AIDE T M, et al. Past, present and future land-use in Xishuangbanna, China and the implications for carbon dynamics[J]. Forest Ecology & Management, 2008, 255(1): 16-24.",
            "资源信息链接地址": "http://xueshu.baidu.com/s?wd= Past, present and future land-use in Xishuangbanna, China and the implications for carbon dynamics"
        },
        {
            "名称": "MOAZZAM N S, ZHANG Y P, SHA L Q, et al. Managing Carbon Sinks in Rubber ( Hevea brasiliensis) Plantation by Changing Rotation Length in SW China[C]. The 3rd Xishuangbanna International Symposium Botanical Garden and Climate Change, Xishuangbanna, China, 2014.",
            "资源信息链接地址": "http://xueshu.baidu.com/s?wd= Managing Carbon Sinks in Rubber ( Hevea brasiliensis) Plantation by Changing Rotation Length in SW China"
        },
        {
            "名称": "SONG Q H, TAN Z H, ZHANG Y P, et al. Do the rubber plantations in tropical China act as large carbon sinks?[J]. IForest (Viterbo), 2014, 7(1): 42-47.",
            "资源信息链接地址": "http://xueshu.baidu.com/s?wd= Do the rubber plantations in tropical China act as large carbon sinks?"
        },
        {
            "名称": "GAO J B, ZHANG Y P, SONG Q H, et al. Stand age‐related effects on soil respiration in rubber plantations (Hevea brasiliensis) in southwest China[J]. European Journal of Soil Science, 2019, 70(6): 1221-1233.",
            "资源信息链接地址": "http://xueshu.baidu.com/s?wd= Stand age‐related effects on soil respiration in rubber plantations (Hevea brasiliensis) in southwest China"
        },
        {
            "名称": "孙燕瓷, 马友鑫, 曹坤芳, 等. 基于Biome-BGC模型的西双版纳橡胶林碳收支模拟[J]. 生态学报, 2017, 37(17): 5732-5741.",
            "资源信息链接地址": "http://xueshu.baidu.com/s?wd= 基于Biome-BGC模型的西双版纳橡胶林碳收支模拟"
        },
        {
            "名称": "宋清海. 西双版纳人工橡胶林碳水交换研究[D]. 北京: 中国科学院大学研究生院, 2013.",
            "资源信息链接地址": "http://xueshu.baidu.com/s?wd= 西双版纳人工橡胶林碳水交换研究"
        },
        {
            "名称": "于贵瑞, 何念鹏, 陈智. 《中国区域陆地生态系统碳氮水通量及其辅助参数观测专题》卷首语[J/OL]. 中国科学数据(中英文网络版), 2019, 4(1): 5-7.",
            "资源信息链接地址": "http://xueshu.baidu.com/s?wd= 《中国区域陆地生态系统碳氮水通量及其辅助参数观测专题》卷首语"
        },
        {
            "名称": "李春, 何洪林, 刘敏, 等. ChinaFLUX CO2通量数据处理系统与应用[J]. 地球信息科学, 2008, 10(05): 557-565.",
            "资源信息链接地址": "http://xueshu.baidu.com/s?wd= ChinaFLUX CO2通量数据处理系统与应用"
        },
        {
            "名称": "姚玉刚. 西双版纳热带雨林“碳湖”形成机理及其对净生态系统CO2交换量的影响[D]. 北京: 中国科学院研究生院, 2010.",
            "资源信息链接地址": "http://xueshu.baidu.com/s?wd= 西双版纳热带雨林“碳湖”形成机理及其对净生态系统CO2交换量的影响"
        },
        {
            "名称": "费学海. 云南典型森林生态系统碳交换及其对气候变化响应研究[D]. 北京: 中国科学院研究生院, 2018.",
            "资源信息链接地址": "http://xueshu.baidu.com/s?wd= 云南典型森林生态系统碳交换及其对气候变化响应研究"
        },
        {
            "名称": "吴志祥, 谢贵水, 杨川, 等. 海南儋州地区橡胶林碳通量特征研究[J]. 西北林学院学报, 2015, 30(1): 51-59, 107.",
            "资源信息链接地址": "http://xueshu.baidu.com/s?wd= 海南儋州地区橡胶林碳通量特征研究"
        }
    ],
    "作者": [
        {
            "姓名": "于辉",
            "机构": [
                "中国科学院热带森林生态学重点实验室(中国科学院西双版纳热带植物园)，云南勐腊 666303  全球变化研究组",
                "Key Laboratory of Tropical Forest Ecology, Xishuangbanna Tropical Botanical Garden, Chinese Academy of Sciences, Mengla 666303, P.R. Chin",
                "中国科学院大学，北京 100049",
                "University of Chinese Academy of Sciences, Beijing 100049, P.R. China"
            ],
            "贡献": "主要承担工作：数据采集、初级质控及上报。",
            "简介": "（1996—），女，山东省临沂市人，硕士研究生，研究方向为生态气候。"
        },
        {
            "姓名": "起德花",
            "机构": [
                "中国科学院热带森林生态学重点实验室(中国科学院西双版纳热带植物园)，云南勐腊 666303  全球变化研究组",
                "Key Laboratory of Tropical Forest Ecology, Xishuangbanna Tropical Botanical Garden, Chinese Academy of Sciences, Mengla 666303, P.R. Chin"
            ],
            "贡献": "主要承担工作：数据处理、质量控制和数据管理。",
            "简介": "（1993—），女，云南省永仁县人，硕士，研究助理，研究方向为全球变化。"
        },
        {
            "姓名": "张一平",
            "机构": [
                "中国科学院热带森林生态学重点实验室(中国科学院西双版纳热带植物园)，云南勐腊 666303  全球变化研究组",
                "Key Laboratory of Tropical Forest Ecology, Xishuangbanna Tropical Botanical Garden, Chinese Academy of Sciences, Mengla 666303, P.R. Chin"
            ],
            "贡献": "主要承担工作：项目组织、涡度相关系统的总体运行与科学发展。",
            "简介": "（1957—），男，云南省昆明市人，博士，研究员，研究方向为全球变化生态学。"
        },
        {
            "姓名": "沙丽清",
            "机构": [
                "中国科学院热带森林生态学重点实验室(中国科学院西双版纳热带植物园)，云南勐腊 666303  全球变化研究组",
                "Key Laboratory of Tropical Forest Ecology, Xishuangbanna Tropical Botanical Garden, Chinese Academy of Sciences, Mengla 666303, P.R. Chin"
            ],
            "贡献": "主要承担工作：碳水通量数据综合处理方法和技术途径。",
            "简介": "（1963—），男，云南省昆明市人，博士，研究员，研究方向为陆地生态系统碳水循环过程。"
        },
        {
            "姓名": "刘运通",
            "机构": [
                "中国科学院热带森林生态学重点实验室(中国科学院西双版纳热带植物园)，云南勐腊 666303  全球变化研究组",
                "Key Laboratory of Tropical Forest Ecology, Xishuangbanna Tropical Botanical Garden, Chinese Academy of Sciences, Mengla 666303, P.R. Chin"
            ],
            "贡献": "主要承担工作：数据质量控制。",
            "简介": "（1979—），男，云南省昆明市人，博士，副研究员，研究方向为生态系统碳通量时空格局。"
        },
        {
            "姓名": "周文君",
            "机构": [
                "中国科学院热带森林生态学重点实验室(中国科学院西双版纳热带植物园)，云南勐腊 666303  全球变化研究组",
                "Key Laboratory of Tropical Forest Ecology, Xishuangbanna Tropical Botanical Garden, Chinese Academy of Sciences, Mengla 666303, P.R. Chin"
            ],
            "贡献": "主要承担工作：数据集格式规范化、数据管理。",
            "简介": "（1977—），女，云南省昆明市人，博士，副研究员，研究方向为土壤生态学。"
        },
        {
            "姓名": "邓云",
            "机构": [
                "中国科学院热带森林生态学重点实验室(中国科学院西双版纳热带植物园)，云南勐腊 666303  全球变化研究组",
                "Key Laboratory of Tropical Forest Ecology, Xishuangbanna Tropical Botanical Garden, Chinese Academy of Sciences, Mengla 666303, P.R. Chin",
                "中国科学院西双版纳热带雨林生态系统研究站，云南勐腊 666303",
                " Xishuangbanna Station for Tropical Rainforest Ecosystem Studies, Mengla 666303, P.R. China"
            ],
            "贡献": "主要承担工作：数据处理和质量控制。",
            "简介": "（1983—），男，云南省昆明市人，硕士，助理研究员，研究方向为生态信息学。"
        },
        {
            "姓名": "宋清海",
            "机构": [
                "中国科学院热带森林生态学重点实验室(中国科学院西双版纳热带植物园)，云南勐腊 666303  全球变化研究组",
                "Key Laboratory of Tropical Forest Ecology, Xishuangbanna Tropical Botanical Garden, Chinese Academy of Sciences, Mengla 666303, P.R. Chin"
            ],
            "贡献": "主要承担工作：数据最终质量控制和总体部署。",
            "简介": "（1979—），男，云南省昆明市人，博士，副研究员，研究方向为生态系统碳水循环。"
        }
    ],
    "基金": "国家自然科学基金项目（41671209，41961144017，U1602234）；国家重点研发计划（2016YFC0502105）；中国科学院“一三五”专项（突破一：2017XTBG-T01；方向一：2017XTBG-F01）；中国科学院战略性先导科技专项（XDA19020302）。",
    "数据集名称": "2010–2014年西双版纳橡胶林碳水通量观测数据集",
    "数据作者": "于辉、起德花、张一平、沙丽清、刘运通、周文君、邓云",
    "时间范围": "2010年6月至2014年12月",
    "空间范围": "21°54′N，101°16′E，云南省西双版纳州勐腊县中国科学院西双版纳热带植物园",
    "生态系统类型": "人工橡胶林生态系统",
    "数据量": "17.46 MB",
    "数据格式": "*.xlsx",
    "数据组成": "分为半小时、日尺度、月尺度和年尺度常规气象数据（空气温度、空气相对湿度、水汽压、风速、风向、大气压、太阳总辐射、净辐射、光合有效辐射、土壤温度、土壤水分、降水量）和通量数据（净生态系统生产力、生态系统呼吸、生态系统总初级生产力、潜热通量、显热通量、蒸散）产品表格。",
    "数据采集和处理方法": "1.1样地描述研究区域位于云南省南部的西双版纳傣族自治州，属于热带季风气候区，终年为印度季风所控制，地理位置为21°09′–22°33′N，99°58′–101°50′E。年均温21oC左右，年降雨量为1490mm。根据当地气候资料，该区域可以分为雨季半年（5–10月）和旱季半年（11月至次年4月），在旱季中又可划分为雾凉季（11月至次年2月）和干热季（3–4月）。该区的原生植被为热带季节雨林，其群落高度35m左右，由于地处古热带植物区系向泛北极植物区系的过渡区、东亚植物区系向喜马拉雅植物区系的过渡区，该区的生物区系成分十分复杂、物种多样性高度富集。西双版纳橡胶林通量塔位于中国科学院西双版纳热带植物园经济推广站所属橡胶林内（21°54′N，101°16′E，海拔592m）。通量塔所属样地植被类型为1982年定植的橡胶树，群落高度约为21m。橡胶树种植的行间距为2m，列间距从4–12m之间，割胶时间在4–11月份，基本与雨季重合[26]。此外，该橡胶林每年分别在4月和7月进行施肥，并用除草剂或者人工除去下层的杂草和幼苗。橡胶林铁塔高55m，铁塔上的开路涡度相关系统在2010年投入使用，安装在铁塔的38m高处。1.2数据来源和采集方法观测系统的涡度相关和气象梯度观测数据都是通过数据采集器Datalogger（CR1000/CR5000）进行自动采集并存储，CO2、H2O和能量通量系统采集频率为10Hz，常规气象要素的数据采样频率为0.5Hz。为了保证数据可比性和准确性，提升研究结果可靠性，对所有仪器设备进行定期校对和维护。各观测指标测定所用仪器及型号、仪器制造商，以及数据采集传感器及其厂家等相关信息见表1，气象数据观测高度见表2。下载表1观测项目所用分析仪相关信息观测系统测定要素分析仪器分析仪制造商数据采集传感器数据采集传感器制造商常规气象要素空气温度/湿度HMP45CVAISALACR1000CAMPBELL降水量52203RMYOUNG总辐射CM11KIPP&ZONEN净辐射CNR-1KIPP&ZONEN光合有效辐射LQS70-10APOGEE风速A100RVECTOR风向W200PVECTOR压力CS105VAISALA红外温度传感器IRTS-PPOGEE土壤温度105T/109-LCAMPBELL土壤水分CS616-LCAMPBELL土壤热通量HFP01HUKSEFLUXCO2和水热通量三维超声风速CSAT3CAMPBELLCR5000CAMPBELLCO2、H2O密度LI-7500ALI-COR显/潜热通量LI-7500ALI-COR1.3数据加工、处理方法与过程水汽通量、CO2通量数据均由开路式涡度相关通量测量系统（OPEC）观测得到。数据采集由数据采集器Datalogger自动采集，并传输到存储器存储，采样频率均为10Hz，数据处理时将10Hz的原始数据转换为时间步长为30min的均值数据，然后再根据涡度相关原理求解CO2通量（Fc）、潜热通量（LE）、显热通量（Hs）和水汽通量（ET）等相关数据。数据处理过程基本上基于ChinaFLUX的数据处理流程[28]，但由于站点的地形及气候特殊性，数据处理时我们做出了相应的调整：包括利用Matlab编写的程序对所有通量数据采用三维坐标旋转校正和WPL校正，通量数据和气象数据的筛选剔除、夜间通量数据的校正以及CO2冠层存储项（Fs）的计算，详细方法见姚玉刚等和费学海等的文献[29-30]。数据处理流程见图1。通量数据质量控制：（1）数据校正：对所有通量数据采用三次坐标轴旋转校正和WPL空气密度校正。（2）数据的筛选、剔除：对摩擦风速u*<0.1m·s-1（该地区位于静风区，常年风速较小）的数据进行剔除；对有降雨发生时段的通量和CO2浓度数据进行了剔除；对输出30min的通量值为1.#IND,1.#INF,NAN（1.#IND,1.#INF,NAN均为数据缺失值）的数据进行剔除，对明显超过其正常范围的数据进行删除；对X>|M±5d|（X代表当前要判断的数值，M、d分别代表5天数据的平均值和方差）的数据进行剔除；对天亮到11:00这个时段Fc>0mg·m-2·s-1的数据进行剔除（由于形成“碳湖效应”和“假碳源效应”，故剔除）。（3）能量闭合评价。（4）冠层储存项校正采用CO2浓度的单点估算方式。缺失数据插补：缺失数据的插补主要分以下3种情况：（1）对于缺失数据时间长度不超过2小时的通量观测数据，利用缺失时间段前后的数据采用线性内插的方式进行插补。（2）对于缺失时间长度超过两小时的潜热和显热通量的缺失值通过建立其与净辐射之间经验回归关系式（对白天、夜间和不同季节分别拟合）进行插补。（3）对于由于仪器故障，系统校正，天气状况和剔除野点造成的超过两小时的CO2通量数据的缺失，使用非线性回归法进行插补。白天采用直角双曲线模型（Michaelis-Mentenequation）插补，窗口大小为10天，夜间采用呼吸方程（Lloyd-Taylorequation）来插补，窗口大小为一个月。CO2通量数据拆分：采用边际分布采样法完成数据拆分。首先，基于夜间观测数据，采用和缺失数据插补时相同的回归方程，确定生态系统呼吸方程中的系数，然后估算夜间和白天的生态系统呼吸；其次，利用插补完成的白天CO2通量数据和估算的同时刻生态系统呼吸，求和得到总生态系统生产力。图1涡度相关系统30min碳水通量数据和常规气象数据处理流程气象数据：使用常规气象观测系统获得观测数据。包含常规气象观测（风、温、湿）和光合有效辐射（PAR），以及太阳辐射、土壤热通量、林冠表温、降水、风向、大气压；同时设置了地温、土壤含水量和土壤热通量监测仪器。以上数据采样频率为0.5Hz。各种数据用Datalogger（CR1000）采集并存储。气象数据质量控制：（1）数据筛选、剔除：半小时尺度的气象数据超过以下范围视为异常值剔除，气温（−20～50℃），湿度（0−100%），水汽压（0−7kpa），风速（0−20m·s-1），风向(0−360°)，大气压（900−960hpa），总辐射（0−2000W·m-2），净辐射（-150-1500W·m-2），光合有效辐射（0-2500μmol·m-2·s-1），土壤温度（−20～50℃），土壤体积含水量（0−1m3·m-3），降雨量（0−80mm）。此外，将总辐射和光合有效辐射在时间段21：00-06：00之间不为“0”的数据赋值为“0”。缺失值和异常值均用“-99999”来表示。（2）数据插补：对于半小时尺度的气象数据集，缺失数据不超过两小时的采用临近值插补（日变化不大的数据）或平均日变化法插补（日变化较大的数据）。超过2小时的缺失数据不做插补，如有需要可线上申请西双版纳生态站综合观测场气象数据来插补。",
    "数据描述": "2.1数据子集与数据量本数据集为西双版纳橡胶林2010−2014年连续5年的碳水通量观测数据。每年有8个EXCEL数据文件，分为两类数据文件，一类是常规气象数据文件，一类是通量数据文件。每年每类数据文件各有4个，即30分钟、日、月和年尺度，总共64个文件，总数据量17.4MB。2.2数据文件示例以2010年数据文件为例，表2–3分别为2010年西双版纳橡胶林30分钟尺寸气象和通量数据表头说明，所有数据均是以数字形式呈现。气象观测系统包括7层三杯风速仪（A100R，VECTOR,UK），近地面观测高度为2.2m。7层温湿探头（HMP45C,VAISALA,Netherlands）。气压观测设置在距地表2.2m高度（CS105,VAISALA,Netherlands），顶层设置有雨量筒（52203,RMYOUNG,USA）。上述仪器均与CR1000型数据采集器（CR1000,Campbell,USA）相连，每30min输出一组平均值。通量数据由一个开路涡度相关系统得到，该开路涡度相关系统包括两部分：二氧化碳/水汽开路红外气体分析仪（Li-7500A,Li-Cor.,USA）和一个三维超声风速仪(CSAT3,CampbellSci.,USA)。下载表230分钟尺度气象数据表说明及指标观测高度数据项计量单位观测高度数据项说明年年份月月份日日期时小时分分钟秒秒近地面空气温度℃2.2m近地面平均空气温度冠层上方空气温度℃28.9m冠层上方平均空气温度近地面空气湿度%2.2m近地面平均相对湿度冠层上方空气湿度%28.9m冠层上方平均相对湿度近地面水汽压kPa2.2m近地面水汽压冠层上方水汽压kPa28.9m冠层上方水汽压近地面风速m/s2.2m近地面风速冠层上方风速m/s28.9m冠层上方风速风向degree56.6m风向大气压hPa2.2m大气压强太阳辐射W/m228.6m太阳辐射净辐射W/m228.6m净辐射光合有效辐射μmol/m2/s28.6m光合有效辐射一层土壤温度℃0cm0cm土壤温度二层土壤温度℃−5cm5cm土壤温度三层土壤温度℃−20cm20cm土壤温度四层土壤温度℃−100cm100cm土壤温度一层土壤体积含水量m3/m3−5cm5cm土壤水分二层土壤体积含水量m3/m3−20cm20cm土壤水分三层土壤体积含水量m3/m3−100cm100cm土壤水分降水量mm56.9m总降雨量下载表330分钟尺度通量数据表说明数据项计量单位数据项说明年年份月月份日日期时小时分分钟NEEμmol/m2/s半小时尺度的净生态系统生产力REμmol/m2/s半小时尺度的生态系统呼吸GPPμmol/m2/s半小时尺度的总生态系统生产力LEW/m2半小时尺度的潜热通量HsW/m2半小时尺度的显热通量ETg/m2/s半小时尺度水汽通量",
    "数据质量": "半小时尺度上，不同年份之间净生态系统生产力（NEE）、潜热通量（LE）和显热通量（Hs）有效观测数据比例分别为56.9%–86.9%、73.7%–93.8%、74.7%–96%。其中，除2010和2011年NEE有效数据是56.9%和57.8%以外，其余年份通量有效数据量均达到70%以上，LE和Hs的通量有效数据比例均高于质控后的NEE有效数据比例（图2）。图2半小时尺度上不同年份质控后的有效通量数据比例（%）",
    "数据价值": "在全球气候变化的背景下，关于森林生态系统碳–水循环过程和碳汇能力的研究一直是国际上的热点问题，尤其是目前国际气候谈判上，对于减排的需求受到越来越多的关注，因此准确估计森林生态系统的碳储量和碳汇能力，关系着国家的重大发展战略。橡胶林作为热带地区主要的人工林之一，也是我国热带地区最重要的人工林生态系统。近年来，随着社会和经济发展的需要，我国橡胶林的种植面积不断扩大，大面积的人工种植橡胶林取代了原生森林。这种土地利用方式的变化，必然会带来生态环境的变化，包括土壤性质的变化，影响区域碳–水循环过程，碳储量的变化等。采用涡度相关技术对橡胶林生态系统进行长期定位观测，可以为橡胶林的生态功能研究、分析橡胶林的生态效益、科学评价橡胶林生态系统在碳收支方面的作用、为政府决策和碳汇贸易提供基础数据，为橡胶林的经营管理策略等提供数据依据。虽然利用涡度相关技术对森林生态系统碳–水通量进行研究已经发展了许多年，但是将涡度相关技术应用在单一人工橡胶林的研究在国际和国内尚不多见。根据调查，目前通过建立涡度相关系统对橡胶林进行碳–水通量相关研究的只有泰国、科特迪瓦和中国[31]，国内的橡胶林通量观测研究只有海南和云南西双版纳两个地区。长期连续的观测数据对于研究橡胶林在固碳能力、水文以及气候、土壤方面的影响尤为重要。本数据集采用国际先进的碳–水通量观测技术，在数据处理上采用ChinaFLUX的数据处理方法，得到了经过质量控制后的完整的连续的半小时、天、月和年4种时间尺度的碳、水、能量通量和常规气象数据，对森林生态系统碳–水循环过程研究、人工橡胶林生态效益、森林生态系统物质、能量循环过程模型建立和模型验证、区域小气候研究、政府土地利用决策和土地利用管理等方面具有重要意义。",
    "引用格式": "于辉, 起德花, 张一平, 等. 2010–2014年西双版纳橡胶林碳水通量观测数据集[DB/OL]. Science Data Bank, 2020. (2020-09-16). DOI: 10.11922/sciencedb.j00001.00123."
}