{
    "类目名称": "中国通量观测研究网络（ChinaFLUX）专题",
    "名称": "2013–2015年元江干热河谷生态站碳水通量观测数据集",
    "资源信息链接地址": "http://www.dx.doi.org/10.11922/sciencedb.j00001.00066",
    "摘要": "摘要：本研究以元江干热河谷稀树草原生态系统为研究对象。采用涡动相关(EC)系统，开展稀树草原生态系统碳水通量长期定位观测。元江站作为我国第一个干热河谷生态系统研究站，基于中国通量观测研究网络（ChinaFLUX）数据处理体系，整理了2013年5月到2015年12月元江稀树草原生态系统通量和常规气象数据，包括生态系统净碳交换量、生态系统呼吸、生态系统碳交换总量、潜热通量、显热通量、空气温度、空气相对湿度、水汽压、风速、风向、大气压、太阳总辐射、净辐射、光合有效辐射、土壤温度、土壤水分、降水量等指标，分为半小时、日、月和年四种时间尺度的数据文件。可为我们开展稀树草原生态系统碳水交换特征、稀树草原生态系统结构与功能、物质和能量循环、特殊生物资源可持续利用、稀树草原生态系统保护与管理、全球气候变化的响应与适应等研究方面提供有力数据基础。",
    "关键词": "涡度相关技术；通量数据；碳水循环；气象要素；干热河谷；稀树草原",
    "参考引用": [
        {
            "名称": "张垚. 金沙江乌东德水电站运营期对干热河谷植被的影响预测研究[D]. 上海: 华中师范大学, 2013.",
            "资源信息链接地址": "http://xueshu.baidu.com/s?wd= 金沙江乌东德水电站运营期对干热河谷植被的影响预测研究"
        },
        {
            "名称": "欧晓昆, 金振洲. 干热河谷植被的保护与发展[C]. 生物多样性保护与区域可持续发展——第四届全国生物多样性保护与持续利用研讨会论文集, 2000.",
            "资源信息链接地址": "http://xueshu.baidu.com/s?wd= 干热河谷植被的保护与发展"
        },
        {
            "名称": "刘方炎, 李昆. 萨王纳群落研究进展[J]. 世界林业研究, 2008, 21(6): 25-30.",
            "资源信息链接地址": "http://xueshu.baidu.com/s?wd= 萨王纳群落研究进展"
        },
        {
            "名称": "张教林. 元江干热河谷木本植物的物候、叶片结构和功能关系及光合作用的季节变化[D]. 北京: 中国科学院研究生院, 2007.",
            "资源信息链接地址": "http://xueshu.baidu.com/s?wd= 元江干热河谷木本植物的物候、叶片结构和功能关系及光合作用的季节变化"
        },
        {
            "名称": "金艳强, 李敬, 张一平, 等. 元江干热河谷稀树灌草丛植被碳储量及净初级生产力[J]. 生态学报, 2017, 37(17): 5584-5590．",
            "资源信息链接地址": "http://xueshu.baidu.com/s?wd= 元江干热河谷稀树灌草丛植被碳储量及净初级生产力"
        },
        {
            "名称": "杨世龙. 元江干热河谷农户生计与土地利用变化研究[D]. 昆明: 云南大学, 2016.",
            "资源信息链接地址": "http://xueshu.baidu.com/s?wd= 元江干热河谷农户生计与土地利用变化研究"
        },
        {
            "名称": "张雯雯. 我国将建首个干热河谷生态站[EB/OL]. 科学时报, 2007. (2007-11-12). http:// www.sciencenet.cn/.",
            "资源信息链接地址": "http://xueshu.baidu.com/s?wd= 我国将建首个干热河谷生态站"
        },
        {
            "名称": "郝雅婕, 邓巧玲, 王艳霞, 等. 元江干热河谷稀树灌丛土壤热通量特征[J]. 西北林学院学报, 2019, 5: 23-28.",
            "资源信息链接地址": "http://xueshu.baidu.com/s?wd= 元江干热河谷稀树灌丛土壤热通量特征"
        },
        {
            "名称": "姜汉侨. 云南植被分布的特点及其地带规律性[J]. 植物分类与资源学报, 1980, 2(1): 22-32.",
            "资源信息链接地址": "http://xueshu.baidu.com/s?wd= 云南植被分布的特点及其地带规律性"
        },
        {
            "名称": "张教林, 郝广友, 曹坤芳. 云南元江干热河谷木本植物的物候[J]. 武汉植物学研究 2009, 27( 1): 76-82.",
            "资源信息链接地址": "http://xueshu.baidu.com/s?wd= 云南元江干热河谷木本植物的物候"
        },
        {
            "名称": "沈蕊, 张建利, 何彪. 等. 元江流域干热河谷草地植物群落结构特征与相似性分析[J]. 生态环境学报, 2010, 19(12): 2821-2825.",
            "资源信息链接地址": "http://xueshu.baidu.com/s?wd= 等. 元江流域干热河谷草地植物群落结构特征与相似性分析"
        },
        {
            "名称": "熊壮, 叶文. 张树斌. 等.元江稀树灌丛降雨再分配及其与气象因子的关系[J]. 西北林学院学报, 2019, 34(1): 47-53.",
            "资源信息链接地址": "http://xueshu.baidu.com/s?wd= 张树斌. 等.元江稀树灌丛降雨再分配及其与气象因子的关系"
        },
        {
            "名称": "刘文国. 湖南岳阳滩地抑螺防病林生态系统水热、CO2通量研究探[D]. 北京: 中国林业科学研究院, 2010.",
            "资源信息链接地址": "http://xueshu.baidu.com/s?wd= 湖南岳阳滩地抑螺防病林生态系统水热、CO2通量研究探"
        },
        {
            "名称": "李一哲. 生态过程模型敏感参数的时空异质性研究[D]. 陕西咸阳: 西北农林科技大学, 2017.",
            "资源信息链接地址": "http://xueshu.baidu.com/s?wd= 生态过程模型敏感参数的时空异质性研究"
        },
        {
            "名称": "张雷明, 罗艺伟, 刘敏, 等. 2003–2005年中国通量观测研究联盟（ChinaFLUX）碳水通量观测数据集[J/OL]. 中国科学数据, 2019, 4(1). (2018-12-29). DOI: 10.11922/csdata. 2018. 0028.zh.",
            "资源信息链接地址": "http://xueshu.baidu.com/s?wd= 2003–2005年中国通量观测研究联盟（ChinaFLUX）碳水通量观测数据集"
        },
        {
            "名称": "于贵瑞, 孙晓敏. 陆地生态系统通量观测的原理与方法（第二版）[M]. 北京: 高等教育出版社, 2018.",
            "资源信息链接地址": "http://xueshu.baidu.com/s?wd= 陆地生态系统通量观测的原理与方法（第二版）"
        },
        {
            "名称": "解静. 黄土高原半干旱区草地生态系统碳交换的观测研究[D]. 兰州: 兰州大学, 2010.",
            "资源信息链接地址": "http://xueshu.baidu.com/s?wd= 黄土高原半干旱区草地生态系统碳交换的观测研究"
        },
        {
            "名称": "费学海. 云南典型森林生态系统碳交换及其对气候变化响应研究[D]. 北京: 中国科学院研究生院, 2018.",
            "资源信息链接地址": "http://xueshu.baidu.com/s?wd= 云南典型森林生态系统碳交换及其对气候变化响应研究"
        },
        {
            "名称": "HOLLINGER D, KELLIHER F, BYERS J, et al. Carbon dioxide exchange between an undisturbed old‐growth temperate forest and the atmosphere[J]. Ecology, 1994, 75(1): 134-150.",
            "资源信息链接地址": "http://xueshu.baidu.com/s?wd= Carbon dioxide exchange between an undisturbed old‐growth temperate forest and the atmosphere"
        },
        {
            "名称": "AUBINET M, CHERMANNE B, VANDENHAUTE M, et al. Long term carbon dioxide exchange above a mixed forest in the Belgian Ardennes[J]. Agricultural and Forest Meteorology, 2001, 108(4): 293-315.",
            "资源信息链接地址": "http://xueshu.baidu.com/s?wd= Long term carbon dioxide exchange above a mixed forest in the Belgian Ardennes"
        },
        {
            "名称": "LLOYD J and TAYLOR J A. On the Temperature-Dependence of Soil Respiration[J]. Functional Ecology, 1994, 8(3): 315-323.",
            "资源信息链接地址": "http://xueshu.baidu.com/s?wd= On the Temperature-Dependence of Soil Respiration"
        },
        {
            "名称": "Yu G R, Wen X F, Sun X M, et al. Overview of ChinaFLUX and evaluation of its eddy covariance measurement[J]. Agricultural and Forest Meteorology, 2006, 137:125-137.",
            "资源信息链接地址": "http://xueshu.baidu.com/s?wd= Overview of ChinaFLUX and evaluation of its eddy covariance measurement"
        }
    ],
    "作者": [
        {
            "姓名": "起德花",
            "机构": [
                "中国科学院热带森林生态学重点实验室(中国科学院西双版纳热带植物园)",
                "Key Laboratory of Tropical Forest Ecology, Xishuangbanna Tropical Botanical Garden,Chinese Academy of Sciences"
            ],
            "贡献": "主要承担工作：数据采集和处理。 ",
            "简介": "（1993—），女，云南省永仁县人，硕士，研究助理，研究方向为全球变化。"
        },
        {
            "姓名": "杨大新",
            "机构": [
                "中国科学院热带森林生态学重点实验室(中国科学院西双版纳热带植物园)",
                "Key Laboratory of Tropical Forest Ecology, Xishuangbanna Tropical Botanical Garden,Chinese Academy of Sciences",
                "中国科学院西双版纳热带植物园元江干热河谷生态站",
                "Yuanjiang Savanna Ecosystem Research Station, Xishuangbanna Tropical Botanical Garden, Chinese Academy of Sciences"
            ],
            "贡献": "主要承担工作：数据集格式规范化、数据管理和服务。",
            "简介": "（1991—），男，山东省东营市人，硕士，初级工程师，研究方向为数据库运行。"
        },
        {
            "姓名": "宋清海",
            "机构": [
                "中国科学院热带森林生态学重点实验室(中国科学院西双版纳热带植物园)",
                "Key Laboratory of Tropical Forest Ecology, Xishuangbanna Tropical Botanical Garden,Chinese Academy of Sciences",
                "中国科学院西双版纳热带植物园元江干热河谷生态站",
                "Yuanjiang Savanna Ecosystem Research Station, Xishuangbanna Tropical Botanical Garden, Chinese Academy of Sciences"
            ],
            "贡献": "主要承担工作：碳水通量数据最终质量控制。",
            "简介": "（1979—），男，云南省昆明市人，博士，副研究员，研究方向为生态系统碳水分配模式。"
        },
        {
            "姓名": "刘运通",
            "机构": [
                "中国科学院热带森林生态学重点实验室(中国科学院西双版纳热带植物园)",
                "Key Laboratory of Tropical Forest Ecology, Xishuangbanna Tropical Botanical Garden,Chinese Academy of Sciences"
            ],
            "贡献": "主要承担工作：数据质量分析。",
            "简介": "（1979—），男，云南省昆明市人，博士，副研究员，研究方向为生态系统碳通量时空格局。"
        },
        {
            "姓名": "张一平",
            "机构": [
                "中国科学院热带森林生态学重点实验室(中国科学院西双版纳热带植物园)",
                "Key Laboratory of Tropical Forest Ecology, Xishuangbanna Tropical Botanical Garden,Chinese Academy of Sciences"
            ],
            "贡献": "主要承担工作：通量的总体运行与科学发展。",
            "简介": "（1957—），男，云南省昆明市人，博士，研究员，研究方向为区域气候变化。"
        },
        {
            "姓名": "费学海",
            "机构": [
                "贵州大学资源与环境工程学院",
                "College of resource and environmental engineering, Guizhou University"
            ],
            "贡献": "主要承担工作：数据处理与撰写论文。",
            "简介": "（1984—），男，贵州省贵阳市人，博士，讲师，研究方向为气候变化与生态响应。"
        },
        {
            "姓名": "沙丽清",
            "机构": [
                "中国科学院热带森林生态学重点实验室(中国科学院西双版纳热带植物园)",
                "Key Laboratory of Tropical Forest Ecology, Xishuangbanna Tropical Botanical Garden,Chinese Academy of Sciences"
            ],
            "贡献": "主要承担工作：碳水通量数据综合处理方法和技术途径。",
            "简介": "（1963—），男，云南省昆明市人，博士，研究员，研究方向为生态系统碳水循环过程与全球变化。"
        },
        {
            "姓名": "周文君",
            "机构": [
                "中国科学院热带森林生态学重点实验室(中国科学院西双版纳热带植物园)",
                "Key Laboratory of Tropical Forest Ecology, Xishuangbanna Tropical Botanical Garden,Chinese Academy of Sciences"
            ],
            "贡献": "主要承担工作：数据集格式规范化、数据管理和服务。",
            "简介": "（1977—），女，云南省昆明市人，博士，副研究员，研究方向为数据挖掘与运用。"
        },
        {
            "姓名": "陈爱国",
            "机构": [
                "中国科学院热带森林生态学重点实验室(中国科学院西双版纳热带植物园)",
                "Key Laboratory of Tropical Forest Ecology, Xishuangbanna Tropical Botanical Garden,Chinese Academy of Sciences",
                "中国科学院西双版纳热带植物园元江干热河谷生态站",
                "Yuanjiang Savanna Ecosystem Research Station, Xishuangbanna Tropical Botanical Garden, Chinese Academy of Sciences"
            ],
            "贡献": "主要承担工作：数据质量控制。",
            "简介": "（1963—），男，云南省昆明市人，硕士，高级工程师，研究方向为生态系统通量观测与数据分析。"
        },
        {
            "姓名": "闻国静",
            "机构": [
                "中国科学院热带森林生态学重点实验室(中国科学院西双版纳热带植物园)",
                "Key Laboratory of Tropical Forest Ecology, Xishuangbanna Tropical Botanical Garden,Chinese Academy of Sciences",
                "中国科学院西双版纳热带植物园元江干热河谷生态站",
                "Yuanjiang Savanna Ecosystem Research Station, Xishuangbanna Tropical Botanical Garden, Chinese Academy of Sciences"
            ],
            "贡献": "主要承担工作：数据采集与质量控制。",
            "简介": "（1992—），女，云南省元谋县人，硕士，初级工程师，研究方向为生态信息学。"
        },
        {
            "姓名": "张树斌",
            "机构": [
                "中国科学院热带森林生态学重点实验室(中国科学院西双版纳热带植物园)",
                "Key Laboratory of Tropical Forest Ecology, Xishuangbanna Tropical Botanical Garden,Chinese Academy of Sciences",
                "中国科学院西双版纳热带植物园元江干热河谷生态站",
                "Yuanjiang Savanna Ecosystem Research Station, Xishuangbanna Tropical Botanical Garden, Chinese Academy of Sciences"
            ],
            "贡献": "主要承担工作：数据分析与撰写论文。",
            "简介": "（1981—），男，云南省鹤庆县人，博士，高级工程师，研究方向为气候变化对生态系统的响应。"
        }
    ],
    "基金": "国家自然科学基金（41671209、40571163、31061140359、31770528、41961144017、U1602234、U1202234、41271056、31290221、41071071、41975147、42075119）、国家973项目（2002CB412501）、国家重点研发计划（2016YFC0502105）、国家基金青年科学基金项目（40801035）、国家重点基础研究发展计划（2010CB833501）、中国科学院创新工程重大项目（KZCX1-SW-01-01A）、中国科学院知识创新工程重要方向项目（KJCX2-YW-432-1、KZCX2-YW-Q1-05-04）、中国科学院战略性先导科技专项（XDA19020302）。",
    "数据集名称": "2013–2015年元江干热河谷生态站碳水通量观测数据集",
    "数据作者": "起德花、杨大新、张一平、费学海、沙丽清、周文君、陈爱国、闻国静、张树斌",
    "时间范围": "2013–2015年",
    "空间范围": "云南省元江县元江干热河谷生态站",
    "生态系统类型": "稀树草原生态系统",
    "数据量": "11 MB",
    "数据格式": "*.xlsx",
    "数据组成": "分为半小时、日尺度、月尺度和年尺度常规气象数据（空气温度、空气相对湿度、水汽压、风速、风向、土壤温度、土壤水分、太阳辐射、光合有效辐射和降水等）和碳水通量（生态系统净碳交换量、生态系统呼吸、生态系统碳交换总量、潜热通量、显热通量）数据产品表格。",
    "数据采集和处理方法": "1.1数据来源观测铁塔位于云南省玉溪市元江国家级自然保护区内，即我国第一个稀树草原生态系统国家级自然保护区——元江干热河谷生态站，地处我国最为典型的稀树草原生态系统区域，102°10′39″E，23°28′26″N，海拔为553m，土壤为燥红土，土壤pH为7.3。据长期观测资料统计，年平均气温为23.8℃，年平均日照时数为2350h[8]，年平均降水量为711.8mm，降雨集中在5–10月，雨季土壤体积含水量为10％–30％，干季土壤体积含水量为6％–20％，土壤有机碳、总氮、总磷分别为12.1g/kg、1.0g/kg、0.30g/kg。年平均相对湿度为67％，年平均水汽压为2.17hPa，平均风速为1.6m/s。观测铁塔处地形相对较平坦，生态系统群落外貌上，为“稀树–灌木–草丛”状，植被类型为肉质多刺灌丛和稀树草原[9]，主要以落叶植物占优势[10]，群落之间生境差异性较大，物种多样性明显[11]，是中国最典型的干热河谷植被类型，平均林冠冠层高度4–6m，草本优势种为禾本科扭黄茅（Heteropogoncontortus），乔木优势种为厚皮树(Lanneacoromandelica)，灌丛主要为霸王鞭（Euphorbiaroyleana）。稀树灌丛穿透雨率较高（83.8％），林冠截留率较低（14.3%）[12]。生物量大约70t/ha，凋落物量大约4.31t/ha。观测铁塔于2013年5月正式投入使用，塔高13.9m，塔上的仪器分地上、地下两部分。地上部分包括开路涡度相关观测系统和常规气象观测项目[13]。主要观测仪器包括三维超声风速仪、自动雨量计、2层大气温湿度传感器、四分量辐射传感器以及开路CO2/H2O分析仪；地下部分观测仪器包括5层土壤温度传感器、2层土壤含水量传感器、土壤热通量板。全部观测数据保存到PC卡并由电脑实时下载。下载的通量数据包括实时数据和半小时平均数据，常规气象数据则包括半小时平均和日平均数据[14]。1.2数据采集方法观测系统的涡度相关和气象梯度观测数据都是通过数据采集器进行自动采集并存储，CO2、H2O和能量通量系统频率为10Hz，常规气象要素的数据采样频率为0.5Hz。为了保证数据可比性和准确性，提升研究结果可靠性，对所有仪器设备进行定期校对和维护。涡度相关系统和气象梯度观测系统仪器型号、生产商等相关信息见表1，安装位置具体情况见表2。下载表1观测项目所用分析仪相关信息观测系统测定要素分析仪器分析仪制造商数据采集传感器数据采集传感器制造商常规气象要素空气温度/湿度HMP45CVAISALACR10XCR23XCAMPBELL降水量52203RMYOUNG总辐射CM11KIPP&ZONEN净辐射CNR-1KIPP&ZONEN光合有效辐射LQS70-10APOGEE风速WindMaster_1590Gill风向W200PVECTOR压力CS105VAISALA红外温度传感器IRTS-PPOGEE土壤温度105T/107-LCAMPBELL土壤水分CS615-LCAMPBELL土壤热通量HFP01HUKSEFLUXCO2和水热通量三维超声风速CSAT3CAMPBELLCR5000CAMPBELLCO2、H2O密度LI-7500ALI-COR1.3数据处理和产品加工方法经过涡动相关处理后得到的CO2通量数据的时间间隔为30min，数据处理基本基于ChinaFLUX流程与标准[15-16]，在获得湍流通量之前，数据进行了严格的质量控制[17]，详细介绍参见费学海等[18]。数据处理流程见图1。气象数据质量保证/质量控制：（1）30min原始气象数据时间校对：检查每年的数据是否全（平年数据是365×48=17520行/年，加上表头信息是17524行/年，对于时间信息没全的时间数据进行检查并插补。（2）异常值剔除：对输出30min的气象数据值为1.#IND,1.#INF,NAN（1.#IND,1.#INF,NAN均为数据缺失值）的数据进行剔除。（3）阈值剔除：对Tair（空气温度）、Tsoil（土壤温度）大于40℃、小于0℃的数据进行剔除（经过元江多年、多个站点数据，元江温度未出现负值），对空气湿度rh小于0%的数据进行剔除；对于风向数据大于360度和小于0度〔陆地上，风向一般用16个方位表示，在高空则用角度表示。用角度表示风向，是把圆周分成360度，北风（N）是0度（即360度），东风（E）是90度，南风（S）是180度，西风（W）是270度，因此风向不会大于360度，也不会小于0度。〕的数据进行剔除；对于夜间太阳辐射Dr大于10Wm-2，白天太阳辐射Dr大于2000Wm-2的数据进行剔除；降水量明显低于最近气象站的降水数据进行剔除（雨量筒出现堵塞）。（4）气象数据插补：申请元江干热河谷生态站的气象数据，对已经缺失或者剔除的气象数据用元江站气象数据进行插补，气象站离通量塔0.7km，是离通量塔最近的另外一个气象站。碳水通量质量保证/质量控制：（1）对已经转换出来的30min原始通量数据时间校对：检查每年的数据是否全（平年数据是365×48=17520行/年，加上表头信息是17524行/年，对于时间信息没全的时间数据进行检查并插补。（2）异常值剔除：对输出30min的通量数据值为1.#IND,1.#INF,NAN（1.#IND,1.#INF,NAN均为数据缺失值）的数据进行剔除。（3）阈值剔除：对水汽浓度H2O>40gm-3或者H2O<0gm-3）的数据进行剔除；对CO2浓度>1000mgm-3或者CO2<200mgm-3的数据进行剔除；对n_Tot（样本总数）<15000的数据进行剔除；对夜间摩擦风速u*<0.2ms-1的数据进行剔除；对涡度碳通量数值Fc>2mgm-2s-1或者Fc<−2mgm-2s-1的数据进行剔除；对LE>1200Wm-2或LE<−300Wm-2的数据进行剔除；对有降雨发生的通量和CO2浓度数据进行了剔除；对HS>900Wm-2或HS<−300Wm-2的数据进行剔除。（4）坐标轴旋转（采用自然风系统三次旋转方法）、WPL校正：在Matala中输入代码进行坐标轴旋转、WPL校正。图1涡度相关系统30min碳水通量数据处理流程数据（引自文献[18]）（5）重复数据筛选步骤，对通量数据进一步筛选（经过坐标轴旋转、WPL校正出来的数据偶偶会出现明显超范围数值）。NEE的计算：生态系统净碳交换量（NEE）是生态系统中植物光合作用吸收的CO2〔即生态系统总初级生产力（GPP）〕与生态系统生物及非生物呼吸释放的CO2〔即生态系统呼吸（Reco）〕间平衡的结果。对于森林生态系统来说，其由涡度相关系统测得的碳通量（Fc）与同一时间段内存储在地表到测量界面这段空间碳储量（Fs）这两部分组成，Fc，Fs和NEE表达如公式（1）[19]和公式（2）[20]所示：（1）（2）其中，Fc为生态系统与大气间CO2通量，其由EC测得，在数据处理时Fc为经过坐标轴旋转（采用自然风系统三次旋转方法）、WPL校正后的Fc值；Fs表示涡度相关系统观测高度与地面间CO2储存量变化量，其根据单位时间内单位体积CO2浓度变化计算所得，∆c/∆t表示单位时间内CO2浓度变化速率，∆t为相邻时间间隔（取30min），zr为观测界面（涡度相关系统安装）的高度。当NEE和Fc为正值时，表示生态系统释放CO2，为负值时表示生态系统吸收CO2，此时生态系统为碳汇功能。以太阳辐射（Dr）区分白天（Dr≥10wm-2）和夜间（Dr<10wm-2），视夜间的NEE（μmolm–2s–1）为生态系统夜间呼吸速率（Reco）。通量数据插补：通量数据插补在涡流相关数据处理工具网（https://www.bgc-jena.mpg.de/REddyProc/brew/REddyProc.rhtml）进行在线插补。CO2通量数据拆分：由于涡度相关法只能直接测量出生态系统的NEE，因此需通过一定方法实现NEE的拆分，从而得到Reco和GPP值。本研究据Lloyd-Taylor方程（3）[21]来计算生态系统呼吸Reco：（3）式（3）中T为土壤5cm处温度；Rref为生态系统在参考温度Tref（13℃即283.15K）下的呼吸值；E0为活化能（本研究取307K）；Reco,ref表示生态系统的基础呼吸速率；T0是生态系统呼吸为零时5cm土壤温度（K），本研究取（–46.02℃，即227.13K）。单位为μmolm–2s–1。由于在夜间（Dr<10wm-2），夜间净CO2交换量（NEEn）与夜间生态系统呼吸（Rn-eco）间关系为NEEn=−Rn-eco，故用式（3）对夜间筛选后的有效CO2净交换（NEEn）数据与土壤5cm温度分时段进行拟合，从而对模型进行校准和参数化，求得生态系统白天的呼吸（Rd-eco）结果。故GPP计算公式为（4）：GPP=Reco−NEE（4）GEE=−GPP式（4）中，GPP、GEE、Reco和NEE单位都为μmolm–2s–1。在获得完整的30min数据后，将NEE、Reco、GEE等累加求和，得到日、月、年不同时间尺度上的通量数据[22]。",
    "数据描述": "2.1数据子集与数据量本数据集为元江干热河谷生态站2013–2015年连续3年的碳水通量观测数据，每年有8个EXCEL数据文件，分为两类数据文件：一类常规气象数据文件，一类通量数据文件。每年每类数据文件各有4个，即30min、日、月和年尺度，总共24个文件，总数据量11MB。2.2数据文件示例以2014年数据文件为例，表2为2014年元江干热河谷生态站30分钟气象数据表头说明。表3为2014年元江干热河谷生态站不同时间尺度通量数据表头说明，所有数据均是以数字形式呈现。下载表2气象数据表说明及指标观测高度数据项计量单位观测高度数据项说明年年份月月份日日期时小时分分钟秒秒近地面空气温度℃1.5m近地面平均空气温度冠层上方空气温度℃13.5m冠层上方平均空气温度近地面空气湿度%1.5m近地面平均相对湿度冠层上方空气湿度%13.5m冠层上方平均相对湿度近地面水汽压hPa1.5m近地面水汽压冠层上方水汽压hPa13.5m冠层上方水汽压近地面风速m/s1.5m近地面风速冠层上方风速m/s13.9m冠层上方风速风向degree13.9m风向大气压hPa13.5m大气压强太阳辐射W/m28.5m太阳辐射净辐射W/m213.5m净辐射光合有效辐射μmol/m213.5m光合有效辐射一层土壤温度℃0cm0cm土壤温度二层土壤温度℃−5cm5cm土壤温度三层土壤温度℃−10cm10cm土壤温度四层土壤温度℃−20cm20cm土壤温度五层土壤温度℃−40cm40cm土壤温度一层土壤体积含水量%−5cm5cm土壤水分二层土壤体积含水量%−40cm40cm土壤水分降水量mm13.9m总降雨量下载表3不同时间尺度通量数据表说明时间尺度数据项计量单位数据项说明半小时年年份月月份日日期时小时分分钟NEEmgCO2m-2s-1半小时尺度的生态系统净碳交换量REmgCO2m-2s-1半小时尺度的生态系统呼吸GEEmgCO2m-2s-1半小时尺度的生态系统碳交换量LEWm-2半小时尺度的潜热通量HsWm-2半小时尺度的显热通量日尺度年年份月月份日日期NEEgCm-2d-1每日生态系统净碳交换量累计值REgCm-2d-1每日生态系统呼吸累计值GEEgCm-2d-1每日生态系统碳交换量累计值LEMWm-2d-1每日潜热通量累计值HsMWm-2d-1每日显热通量累计值月尺度年年份月月份NEEgCm-2m-1每月生态系统净碳交换量累计值REgCm-2m-1每月生态系统呼吸累计值GEEgCm-2m-1每月生态系统碳交换量累计值LEMWm-2m-1每月潜热通量累计值HsMWm-2m-1每月显热通量累计值年尺度年年份NEEgCm-2y-1每年生态系统净碳交换量累计值REgCm-2y-1每年生态系统呼吸累计值GEEgCm-2y-1每年生态系统碳交换量累计值LEMWm-2y-1每年潜热通量累计值HsMWm-2y-1每年显热通量累计值",
    "数据质量": "半小时尺度上，不同年份之间生态系统净碳交换量（NEE）、潜热通量（LE）和显热通量（H）有效观测数据比例分别为56.8%–66.5%、87.8%–90.9%、89.9%–92.2%。其中，除2015年净生态系统生产力是56.8%外，其余年份的生态系统净碳交换量、潜热通量和显热通量有效数据量均达到65%以上（图2）。图2半小时尺度上不同年份质控的有效通量数据比例（%）",
    "数据使用和建议": "碳水通量数据集的时间范围为2013–2015年，本数据集可应用于全球气候变化情形下的水分循环分析、不同森林类型的生态系统服务功能比较、林业经营管理等相关领域，也可为稀树草原生态系统碳水热时空动态的科学认知、遥感反演、模型的开发、模型验证提供地面观测数据支撑。本数据集可通过链接ScienceDataBank在线服务网址（http://www.dx.doi.org/10.11922/sciencedb.j00001.00066）下载数据；也可通过中国科学院西双版纳热带植物园元江干热河谷生态站申请数据。为了便于不同站点数据的比较，基于ChinaFLUX数据处理体系进行数据处理和质量控制。但是本数据集在使用中需要注意以下3个方面：（1）由于不同方法处理结果之间存在一定的差异，共享的数据可能与台站自行计算发表的文章中的研究结果存在一定的差异。（2）由于夜间空气层结过于稳定，使得涡度相关仪器响应小，从而导致涡度相关观测中的存在无法避免误差，因此在机理解析中应尤其慎重。（3）缺失数据的插补必然引起不确定性。由于本数据集包括了从半小时到年尺度的4类数据，尤其通量数据日、月和年尺度是以半小时数据为基础进行的数据累积求和，所以，以半小时为步长测量的数据的精确性和完整性影响了更大时间尺度的数据准确性。不管是用于模型验证还是研究碳水过程的控制机制研究，建议以半小时步长未插补的数据集为准。",
    "引用格式": "宋清海, 刘运通, 起德花, 等. 2013–2015年元江干热河谷生态站碳水通量观测数据集[DB/OL]. Science Data Bank, 2020. (2020-11-25). DOI: 10.11922/sciencedb. j00001.00066."
}