{
    "类目名称": "其他数据论文",
    "名称": "缅甸陆龟（爬行纲：龟鳖目）头骨高精度CT扫描数据集",
    "资源信息链接地址": "http://www.dx.doi.org/10.11922/sciencedb.j00001.00203",
    "摘要": "摘要：龟鳖类根据颈部收缩方式分为颈部在垂直平面内弯曲收缩的曲颈龟亚目和颈部在水平平面内收缩的侧颈龟亚目两大类。曲颈龟亚目和侧颈龟亚目的单系性多次得到了形态学和分子学分支系统学研究的支持，且分子定年认为两个支系的分离发生在侏罗纪早期。但是目前关于龟鳖类内部的谱系关系，特别是曲颈龟类内部谱系关系依然存在分歧，其主要原因之一是龟鳖类的形态特征研究不够详细。所以，对龟鳖类化石和现生类群进行详细的形态学研究对厘清龟鳖类的谱系关系和演化具有重要意义。本文提供一件现生缅甸陆龟（Indotestudo elongata）的头骨标本的高精度CT扫描数据集，包括CT原始图片数据，根据CT数据重建的三维模型导出的stl文件及视频。缅甸陆龟属于曲颈龟亚目陆龟科印度陆龟属，其头骨CT数据在龟鳖类的形态学数据库中的补充可促进龟鳖类的形态学和系统发育学研究，而基于此重建的三维模型的3D打印模型可应用于教学、科研和科普。",
    "关键词": "龟鳖类；形态学；系统发育学；高精度CT扫描；数据",
    "参考引用": [
        {
            "名称": "GAFFENEY E S. The comparative osteology of the Triassic turtle Proganochelys[J]. Bulletin of the American Museum of Natural History, 1990, 194: 1-263.",
            "资源信息链接地址": "http://xueshu.baidu.com/s?wd= The comparative osteology of the Triassic turtle Proganochelys"
        },
        {
            "名称": "LI C, WU X C, RIEPPEL O, et al. An ancestral turtle from the Late Triassic of southwestern China[J]. Nature, 2008, 456(7221): 497-501.",
            "资源信息链接地址": "http://xueshu.baidu.com/s?wd= An ancestral turtle from the Late Triassic of southwestern China"
        },
        {
            "名称": "LI C, FRASER N C, RIEPPEL O, WU X C. A Triassic stem turtle with an edentulous beak[J]. Nature, 2018, 560(7719): 476-479.",
            "资源信息链接地址": "http://xueshu.baidu.com/s?wd= A Triassic stem turtle with an edentulous beak"
        },
        {
            "名称": "TATE J, CHAN C. High-resolution computed tomography for the comparative study fossil and extant bone[J]. American Journal of Physical Anthropology, 1982, 58: 67-73.",
            "资源信息链接地址": "http://xueshu.baidu.com/s?wd= High-resolution computed tomography for the comparative study fossil and extant bone"
        },
        {
            "名称": "NI X J, FLYNN J, WYSS A. Imaging the inner ear in fossil mammals: high-resolution CT scanning and 3-D Virtual reconstructions[J]. Palaeontologia Electronica, 2012, 15: 1-10.",
            "资源信息链接地址": "http://xueshu.baidu.com/s?wd= Imaging the inner ear in fossil mammals: high-resolution CT scanning and 3-D Virtual reconstructions"
        },
        {
            "名称": "JIANG J P, JIA J, ZHANG M H, GAO K Q. Osteology of Batrachuperus londongensis (Urodela, Hynobiidae): Study of bony anatomy of a facultatively neotenic salamander from Mount Emei, Sichuan Province, China. PeerJ, 2018, 6: e4517. DOI 10.7717/peerj. 4517.",
            "资源信息链接地址": "http://xueshu.baidu.com/s?wd=[6]JIANG J P, JIA J, ZHANG M H, GAO K Q."
        },
        {
            "名称": "易鸿宇, 周长付, 高克勤. 中国侏罗纪原始辽翼龙（爬行纲：翼龙目）头骨CT三维形态数据集[J/OL]. 中国科学数据, 2017, 2(4). (2017-12-22). DOI:10.11922/csdata.2017.22.zh.",
            "资源信息链接地址": "http://xueshu.baidu.com/s?wd= 中国侏罗纪原始辽翼龙（爬行纲：翼龙目）头骨CT三维形态数据集"
        },
        {
            "名称": "周长付，王超凡，常美静.辽西建昌早白垩世九佛堂组矢部龙新材料研究[J]. 山东科技大学学报（自然科学版），2021，40(1). DOI:10.16452/j.cnki.sdkjzk.2021.01.001.",
            "资源信息链接地址": "http://xueshu.baidu.com/s?wd=辽西建昌早白垩世九佛堂组矢部龙新材料研究"
        }
    ],
    "作者": [
        {
            "姓名": "李烂",
            "机构": [
                "北京大学  地球与空间科学学院 北京  100871 中国",
                "School of Earth and Space Sciences  , Peking University, Beijing  100871, China"
            ],
            "贡献": "主要承担工作：实验规划和标本扫描，文本撰写，CT数据的处理。",
            "简介": "（1991—），女，湖南省醴陵市人，在读博士，研究方向为中生代龟鳖类形态学及分支系统学。"
        },
        {
            "姓名": "殷亚磊",
            "机构": [
                "北京大学  地球与空间科学学院 北京  100871 中国",
                "School of Earth and Space Sciences  , Peking University, Beijing  100871, China"
            ],
            "贡献": "主要承担工作：本文CT数据的三维数据处理。",
            "简介": "（1992—），男，河南省周口市人，在读博士，研究方向为中生代爬行动物的分类与演化。"
        },
        {
            "姓名": "周长付",
            "机构": [
                "山东科技大学，地球科学与工程学院，山东青岛 26590",
                "College of Earth Science and Engineering, Shandong University of Science and Technology, Qingdao 266590, P. R. China"
            ],
            "贡献": "主要承担工作：文本撰写指导。",
            "简介": "（1979—），男，山东省枣庄市人，博士，教授，研究方向为中生代四足动物化石的分类与演化。"
        }
    ],
    "基金": "山东省泰山学者项目（201812070）",
    "数据集名称": "缅甸陆龟（爬行纲：龟鳖目）头骨高精度CT扫描数据集",
    "数据作者": "李烂",
    "样品地质年代": "现代；CT扫描于2018年。",
    "空间范围": "缅甸陆龟主要分布于马来半岛地区、印度东北部至越南，该扫描标本为北京大学地质博物馆收藏，具体地理位置尚不清楚。",
    "扫描精度": "0.035 mm",
    "数据量": "1873.83 MB",
    "数据格式": "*.tiff, *.stl, *.avi",
    "数据组成": "数据集由3部分数据组成，其中：（1）Indotestudo1.zip为CT扫描图片数据，包括1536张tiff格式图片和一个扫描参数文本文件（.ini），数据量为1.85GB；（2）Indotestudo2.zip是导出的每块骨骼三维重建后的stl文件（.stl），总共38个stl文件，数据量为842 MB；（3）Indotestudo3.zip是三维重建后的头骨动画视频数据，包括一个视频数据（.avi），数据量为7.83 MB。",
    "数据采集和处理方法": "1.1标本收集与处理该缅甸陆龟骨骼标本由北京大学地球与空间科学学院地质博物馆收藏，收藏前已经是骨骼标本。1.2CT扫描与数据预处理标本在中国科学院古脊椎动物与古人类研究所完成扫描，扫描仪器为该单位和中国科学院高能物理研究所联合开发研制的225kV高精度断层扫描装置。扫描过程中，将样品以X光能垂直于样品的最长轴照射样品的方向固定在扫描仪的样品台上。设定的电压为80kV，通过调节显示屏上的参数来获取视框中最大的样品图像，调节旋转参数确保样品在360°旋转过程中都在扫描区域内，然后开始扫描。初始三维数据通过扫描仪自带软件生成1536张tiff格式图像堆栈。工业CT技术系统组成见图1。图1工业CT技术系统组成图1.3CT数据三维重建本文使用VGStudioMax3.0软件对样品进行三维建模（图2）。图2利用VGStudioMax3.0进行样本三维重建的工作界面图第一步：数据导入。将1536张tiff格式图像堆栈导入软件VGStudioMax3.0，通过弱化背景和强化骨骼灰度值来清晰显示骨骼，将工程文件保存为vgl格式。第二步：骨骼分割和三维重建。在软件窗口的右侧导航栏中，针对每一块骨骼新建一个感兴趣区（RegionOfInterest，缩写为ROI），将每一块骨骼在所有截面的骨骼区域画入建立的对应ROI中，在感兴趣区绘制骨骼的方式采用画笔中的手动与自动（regiongrowing）工具相结合的方式。第三步：stl文件和图像导出。选中要导出stl文件的每一块骨骼的ROI，单击右键，选择下拉选项中的转化为网格选项，点击转化按钮，将每一块骨骼的stl文件导出。将三维窗口最大化，将显示的头骨三维模型旋转和移动至想要的位置，选择文件选项卡下的保存图像选项，自定义图像大小，保存3D模型的二维图片。第四步：视频制作。移动、旋转三维窗口的模型使旋转轴在垂直方向，选择VGStudioMax3.0软件菜单栏动画选项，点击其下拉框的默认曲线：圆（C）选项，单击该窗口中的圆，如所示选项，然后在弹出的动画对话框中设置播放时间等参数，点击渲染动画按钮保存视频文件，格式为avi。",
    "数据描述": "该标本为现生缅甸陆龟骨骼标本，收藏于北京大学地球与空间科学学院地质博物馆，标本编号为GMPKU-P-3801。本次CT扫描针对该标本的头骨部分。头骨最大长度约39毫米，宽约27毫米。该头骨丢失了两侧鳞骨和颧骨，下颌丢失了关节骨和隅骨，但不影响其整体的解剖结构认识。扫描后导入VGstudio3.0软件中直接显示的头骨背视（图3）和重建后的头骨状态（图4）。龟鳖目TestudinesLinnaeus,1758曲颈龟亚目CryptodiraCope,1868陆龟科TestudinidaeBatsch,1788缅甸陆龟IndotestudoelongateBlyth,1853图3缅甸陆龟标本GMPKU-P-3801扫描后未进行骨块分割的头骨背视图图4三维重建的缅甸陆龟标本GMPKU-P-3801头骨背视图(A)和腹视图(B)对缅甸陆龟的头骨进行高精度CT扫描揭露了肉眼和显微镜下难以识别的头骨内部结构特征。在三维重建软件内，可以通过显示重建后的单个骨骼来详细观察每块骨骼的形态特征，数据下载者也可以将数据集中的Indotestudo2.zip文件的每一块骨骼的stl文件导入三维重建软件中来实现。图5示例通过扫描揭露的耳区结构特征：三维重建清晰展示了缅甸陆龟的耳柱骨呈棒状，且具有轻微的弧度（图5A），完全被方骨的耳柱骨切迹包裹；后耳骨窗间突与翼骨不接触（图5B）。图5三维重建显示的缅甸陆龟耳柱骨(A)以及后耳骨窗间突与翼骨的接触关系(B)",
    "数据质量": "标本每次扫描前会通过分辨率校正卡，检测仪器分辨率精度是否达标。由于标本属于现生骨骼标本，各骨骼间的骨缝较易识别，三维重建工作完成度高。本样品扫描精度为35µm，对标本头骨的单个骨骼均有较好的揭示。",
    "数据价值": "本数据集主要作用是科学研究，借助于高精度断层扫面技术，对现生缅甸陆龟头骨材料进行三维重建，能够更好揭示该类群的头骨内部特征，完善该类群的形态学信息，进一步丰富龟鳖类形态矩阵数据，促进对曲颈龟类谱系关系的厘定，从而有利于整个龟鳖类的演化研究。建立的三维重建模型导出来的stl文件可以进行3D打印，打印出来的模型在科研、教学和科普领域都具有较大的应用价值，让数据使用者更直观观察缅甸陆龟的头骨特征，同时也减少了骨骼标本的展示次数，对于标本具有一定的保护意义。",
    "引用格式": "李烂, 殷亚磊, 周长付. 缅甸陆龟（爬行纲：龟鳖目）头骨高精度CT扫描数据集[DB/OL]. Science Data Bank, 2021. (2021-01-14). DOI: 10.11922/sciencedb.j00001.00203."
}