{
    "类目名称": "其他数据论文",
    "名称": "中国典型城市建筑物实例数据集",
    "资源信息链接地址": "https://doi.org/10.11922/sciencedb.00620",
    "摘要": "摘要：建筑物轮廓信息是国家基础地理信息的重要组成部分。高精度建筑物轮廓自动提取往往依赖于大规模的建筑物标注样本。为了丰富中国地区建筑物提取数据集，本文研究以高分辨率遥感影像为数据源，采用人工标注与交互式标注相结合的方式构建形成中国典型城市建筑物实例数据集。本数据集包含7260个影像区域样本，共63886栋建筑物，分布在北京、上海、深圳及武汉4个城市。数据集由MS COCO 2017格式的标注文件及相应的建筑物掩膜二值图构成，可为研究高分辨率遥感影像的建筑物检测和提取提供基础数据。",
    "关键词": "建筑物提取；实例分割；高分辨率遥感影像",
    "参考引用": [
        {
            "名称": "JI S P, WEI S Q, LU M. Fully Convolutional Networks for Multisource Building Extraction from an Open Aerial and Satellite Imagery Data Set[J]. IEEE Transactions on Geoscience and Remote Sensing, 2018, 57(1): 574-586.",
            "资源信息链接地址": "http://xueshu.baidu.com/s?wd= Fully Convolutional Networks for Multisource Building Extraction from an Open Aerial and Satellite Imagery Data Set"
        },
        {
            "名称": "DENG J, DONG W, SOCHER R, et al. ImageNet: A large-scale hierarchical image database[C]. Proceedings of the IEEE Conference on Computer Vision and Pattern Recognition, Miami, FL, USA, 2009.",
            "资源信息链接地址": "http://xueshu.baidu.com/s?wd= ImageNet: A large-scale hierarchical image database"
        },
        {
            "名称": "LIN T Y, MAIRE M, BELONGIE S, et al. Microsoft COCO: Common Objects in Context[C]. Proceedings of the European Conference on Computer Vision, Springer, Cham, 2014.",
            "资源信息链接地址": "http://xueshu.baidu.com/s?wd= Microsoft COCO: Common Objects in Context"
        },
        {
            "名称": "CHEN Q, WANG L, WU Y, et al. Aerial imagery for roof segmentation: A large-scale dataset towards automatic mapping of buildings[J]. ISPRS Journal of Photogrammetry and Remote Sensing, 2019, 147: 42-55.",
            "资源信息链接地址": "http://xueshu.baidu.com/s?wd= Aerial imagery for roof segmentation: A large-scale dataset towards automatic mapping of buildings"
        },
        {
            "名称": "MAGGIORI E, TARABALKA Y, CHARPIAT G, et al. Can semantic labeling methods generalize to any city? The INRIA aerial image labeling benchmark[C]. Proceedings of the IEEE International Geoscience and Remote Sensing Symposium (IGARSS), Fort Worth, TX, USA, 2017.",
            "资源信息链接地址": "http://xueshu.baidu.com/s?wd= Can semantic labeling methods generalize to any city? The INRIA aerial image labeling benchmark"
        },
        {
            "名称": "MNIH V. Machine learning for aerial image labeling[M]. Canada: University of Toronto, 2013.",
            "资源信息链接地址": "http://xueshu.baidu.com/s?wd= Machine learning for aerial image labeling"
        },
        {
            "名称": "GERKE M, ROTTENSTEINER F, WEGNER J D, et al. ISPRS Semantic Labeling Contest[EB/OL].(2014) [2021–02–03]. http://www2.isprs.org/semantic-labeling.html.",
            "资源信息链接地址": "http://xueshu.baidu.com/s?wd= ISPRS Semantic Labeling Contest[EB/OL].(2014) "
        },
        {
            "名称": "LE S B, YOKOYA N , HANSCH R, et al. 2018 IEEE GRSS Data Fusion Contest: Multimodal Land Use Classification [Technical Committees][J]. IEEE Geoscience and Remote Sensing Magazine, 2018, 6(1): 52-54.",
            "资源信息链接地址": "http://xueshu.baidu.com/s?wd= 2018 IEEE GRSS Data Fusion Contest: Multimodal Land Use Classification [Technical Committees]"
        },
        {
            "名称": "RUSSELL B C, TORRALBA A, MURPHY K P, et al. A Database and Web-Based Tool for Image Annotation[J]. International Journal of Computer Vision, 2008, 77(1-3):157-173.",
            "资源信息链接地址": "http://xueshu.baidu.com/s?wd= A Database and Web-Based Tool for Image Annotation"
        },
        {
            "名称": "KONSTANTIN S, ILIA P, OLGA B, et al. F-BRS: Rethinking Backpropagating Refinement for Interactive Segmentation[C]. Proceedings of the IEEE/CVF Conference on Computer Vision and Pattern Recognition (CVPR), Seattle, WA,USA,2020.",
            "资源信息链接地址": "http://xueshu.baidu.com/s?wd= F-BRS: Rethinking Backpropagating Refinement for Interactive Segmentation"
        },
        {
            "名称": "HE K M, GKIOXARI G, DOLLAR P, et al. Mask R-CNN[C]. Proceedings of the IEEE International Conference on Computer Vision (ICCV), Venice, Italy, 2017.",
            "资源信息链接地址": "http://xueshu.baidu.com/s?wd= Mask R-CNN"
        },
        {
            "名称": "Liang-Chieh Chen, Yukun Zhu, George Papandreou, et al. Encoder-Decoder with Atrous Separable Convolution for Semantic Image Segmentation[C]. Proceedings of the European Conference on Computer Vision(ECCV), Munich, Germany, 2018.",
            "资源信息链接地址": "http://xueshu.baidu.com/s?wd= Encoder-Decoder with Atrous Separable Convolution for Semantic Image Segmentation"
        }
    ],
    "作者": [
        {
            "姓名": "吴开顺",
            "机构": [
                "中国地质大学, （, 武汉, ）, 国家地理信息系统工程技术研究中心 武汉  430074",
                "National Engineering Research Center of Geographic Information System, China University of Geosciences, P., R., China, Wuhan  430074"
            ],
            "贡献": "主要承担工作：数据集整体结构设计，交互式标注算法研究与实现。",
            "简介": "（1995—），男，四川省彭州市人，在读硕士研究生，研究方向为图像智能处理及遥感应用。"
        },
        {
            "姓名": "郑道远",
            "机构": [
                "中国地质大学, （, 武汉, ）, 地理与信息工程学院 武汉  430074",
                "School of Geographic and Information Engineering, China University of Geosciences, P., R. China, Wuhan  430074"
            ],
            "贡献": "主要承担工作：数据集人工及交互式标注，论文初稿撰写。",
            "简介": "（1999—），男，湖北省荆州市人，在读硕士研究生，研究方向为目标检测、图像分割及遥感应用。"
        },
        {
            "姓名": "陈妍伶",
            "机构": [
                "中国地质大学, （, 武汉, ）, 地理与信息工程学院 武汉  430074",
                "School of Geographic and Information Engineering, China University of Geosciences, P., R. China, Wuhan  430074"
            ],
            "贡献": "主要承担工作：数据集人工及交互式标注。",
            "简介": "（1997—），女，四川省射洪市人，在读硕士研究生，研究方向为大数据城市意向分析。"
        },
        {
            "姓名": "曾林芸",
            "机构": [
                "中国地质大学, （, 武汉, ）, 地理与信息工程学院 武汉  430074",
                "School of Geographic and Information Engineering, China University of Geosciences, P., R. China, Wuhan  430074"
            ],
            "贡献": "主要承担工作：数据集人工及交互式标注。",
            "简介": "（1996—），女，四川省成都市人，在读硕士研究生，研究方向为图卷积神经网络及应用。"
        },
        {
            "姓名": "张嘉辉",
            "机构": [
                "中国地质大学, （, 武汉, ）, 国家地理信息系统工程技术研究中心 武汉  430074",
                "National Engineering Research Center of Geographic Information System, China University of Geosciences, P., R., China, Wuhan  430074"
            ],
            "贡献": "主要承担工作：数据集人工及交互式标注。",
            "简介": "（1998—），女，山东省潍坊市人，在读硕士研究生，研究方向为多模态图像数据融合及应用。"
        },
        {
            "姓名": "柴生华",
            "机构": [
                "中国地质大学, （, 武汉, ）, 地理与信息工程学院 武汉  430074",
                "School of Geographic and Information Engineering, China University of Geosciences, P., R. China, Wuhan  430074"
            ],
            "贡献": "主要承担工作：数据集人工标注。",
            "简介": "（2000—），男，河北省承德市人，在读本科生。"
        },
        {
            "姓名": "徐文杰",
            "机构": [
                "中国地质大学, （, 武汉, ）, 地理与信息工程学院 武汉  430074",
                "School of Geographic and Information Engineering, China University of Geosciences, P., R. China, Wuhan  430074"
            ],
            "贡献": "主要承担工作：数据集人工标注。",
            "简介": "（2000—），男，湖北省武汉市人，在读本科生。"
        },
        {
            "姓名": "杨永亮",
            "机构": [
                "中国地质大学, （, 武汉, ）, 地理与信息工程学院 武汉  430074",
                "School of Geographic and Information Engineering, China University of Geosciences, P., R. China, Wuhan  430074"
            ],
            "贡献": "主要承担工作：数据集人工标注。",
            "简介": "（1999—），男，甘肃省武威市人，在读本科生。"
        },
        {
            "姓名": "李圣文",
            "机构": [
                "中国地质大学, （, 武汉, ）, 国家地理信息系统工程技术研究中心 武汉  430074",
                "National Engineering Research Center of Geographic Information System, China University of Geosciences, P., R., China, Wuhan  430074",
                "中国地质大学, （, 武汉, ）, 地理与信息工程学院 武汉  430074",
                "School of Geographic and Information Engineering, China University of Geosciences, P., R. China, Wuhan  430074"
            ],
            "贡献": "主要承担工作：论文方向指导与质量把关。",
            "简介": "（1978—），男，山东省济宁市人，博士，副教授，研究方向为时空大数据挖掘与机器学习。"
        },
        {
            "姓名": "刘袁缘",
            "机构": [
                "中国地质大学, （, 武汉, ）, 国家地理信息系统工程技术研究中心 武汉  430074",
                "National Engineering Research Center of Geographic Information System, China University of Geosciences, P., R., China, Wuhan  430074",
                "中国地质大学, （, 武汉, ）, 地理与信息工程学院 武汉  430074",
                "School of Geographic and Information Engineering, China University of Geosciences, P., R. China, Wuhan  430074"
            ],
            "贡献": "主要承担工作：算法指导。",
            "简介": "（1984—），女，江西省景德镇人，博士，副教授，研究方向为计算机视觉。"
        },
        {
            "姓名": "方芳",
            "机构": [
                "中国地质大学, （, 武汉, ）, 国家地理信息系统工程技术研究中心 武汉  430074",
                "National Engineering Research Center of Geographic Information System, China University of Geosciences, P., R., China, Wuhan  430074",
                "中国地质大学, （, 武汉, ）, 地理与信息工程学院 武汉  430074",
                "School of Geographic and Information Engineering, China University of Geosciences, P., R. China, Wuhan  430074"
            ],
            "贡献": "主要承担工作：项目规划与论文质量把关。",
            "简介": "（1976—）女，湖北省黄冈市人，博士，副教授，研究方向为智能信息处理。"
        }
    ],
    "基金": "国家对地观测科学数据中心开放基金项目（NODAOP2020015）",
    "数据集名称": "中国典型城市建筑物实例数据集",
    "数据作者": "方芳（fangfang@cug.edu.cn）",
    "时间范围": "2017–2019年",
    "空间范围": "中国",
    "空间分辨率": "0.29 m",
    "数据量": "约5000 MB",
    "数据格式": "*.tif, *.json, *.png",
    "数据组成": "数据集包括7260个区域样本，由3部分信息构成：(1) *.tif存储了遥感影像瓦片；(2) *.json描述了建筑物标注，包含训练集和测试集两个文件，可用于实例分割任务；(3) *.png存储了建筑物区域的像素级语义标签，可用于语义分割任务。",
    "数据采集和处理方法": "本数据集选取北京、上海、深圳、武汉等4个具有代表性的城市中心城区作为数据采集目标区域，具体位置如表1所示。原始数据源自由谷歌提供的19级卫星影像，地面分辨率为0.29m。为了提高数据集的通用性，数据区域的选取包括正射影像和非正射影像区域、建筑物稀疏分布和密集分布区域，同时考虑建筑物轮廓形状多样性等因素。数据集样本覆盖区域共计约120平方公里。下载表1数据采集目标区域信息城市名数据所在经纬度范围样本区域面积（km2）区域建筑物数（栋）北京116.1605°–116.4111°E，39.8701°–40.0974°N25.4815205上海121.3288°–121.6262°E，30.8819°–31.5582°N20.8513487深圳113.7552°–114.0738°E，22.5432°–22.7815°N42.6627018武汉114.1418°–114.3718°E，30.4768°–30.6800°N35.338176数据处理及标注的流程如图1所示，处理流程主要包含数据预处理阶段、人工标注阶段和人机交互标注阶段。图1数据处理流程图首先，在数据预处理阶段，针对4个城市的原始卫星影像，人工筛选并截取无重叠的82块5000×5000像素大小的影像区域。同时，参考现有标准实例分割数据集格式，将每幅影像统一切割为100幅500×500像素大小的瓦片。本数据集从以上瓦片数据中随机选取7260个区域作为样本进行标注，其中北京2237个，深圳2344个，上海1231个，武汉1448个。在人工标注阶段，首先采用数据标注软件（labelme[9]）对20%的遥感影像数据建筑物轮廓进行标注，形成初始样本集；随后，基于初始样本集训练神经网络模型，使模型具有初步处理的能力。在交互式标注阶段，借鉴反向传播修正机制（BackpropagatingRefinementScheme，BRS）[10]对其余80%的数据进行交互式数据标注。最终获得全部数据的建筑物实例标签，完成数据集的制作。",
    "数据描述": "本数据集以“遥感影像+数据标注文件”的形式组织存储，分别存储原始遥感影像和所对应的建筑物轮廓标注信息。数据集样本包括训练集和测试集两个文件夹，每个文件夹包含一个遥感影像数据文件夹和一个json格式标注文件。数据集的文件组织形式如表2所示。下载表2数据集文件组织形式文件夹文件内容文件说明trainImages/*.tif训练集影像目录PNG/*.png训练集像素标签Annotations.json训练集标注文件testImages/*.tif测试集影像目录PNG/*.png测试集像素标签Annotations.json测试集标注文件其中，tif格式文件为500×500像素的包含位置信息的原始遥感影像；json格式文件则描述了该遥感影像所对应的建筑物轮廓标注信息，主要包括4个方面的信息：info、images、categories和annotations。其中，info记录的是数据集的制作年份、版本、描述等基本信息；images记录了数据集中影像的大小等信息；categories将类别从名称映射到类别编号；annotations则记录了标注编号、标注对应的影像编号、建筑物轮廓点坐标等标注信息。数据标注文件的组织形式如图2所示。图2数据标注文件的组织形式图3展示了在4个城市中选取的具有代表性的遥感影像及相应的建筑物轮廓。图3数据集样例展示(a)北京(b)上海(c)深圳(d)武汉",
    "数据质量": "为保证数据集质量，我们在影像整理和检查、人工标注和交互式标注阶段均采用了完整的质量控制过程（如图4所示），通过多重检查保证标注数据的可靠性、完整性和统一性。图4数据集质量控制过程在影像整理和检查阶段，人工剔除了失真、畸变、模糊等影像，以减少原始影像引入的噪声。在人工标注阶段采用人工交叉检验方法检查标注结果并修正发现的问题，检查内容包括标注轮廓不完整、建筑物标注遗漏以及非建筑物误标注为建筑物等。交互式标注阶段则重点检查标签文件的准确性、一致性，确保标注质量。为避免影像标签缺失、标签与影像匹配错误等问题，我们采用循环遍历算法进行检验，并对错误数据逐一确认和修改。此外，在制作最终的标注文件之前，为了确保数据组织按照既定的规则进行，所有的遥感影像及其所对应的标注信息均通过程序自动从原始数据中读取得到，并按照规则批量化自动命名，最后采取人工方式进行复核。通过以上步骤，本数据集的质量能够得到良好的保证。",
    "数据价值": "本数据集是首个公开的取材于国内城市的高分辨率遥感影像城市建筑物轮廓的实例分割数据集，从一定程度上反映了国内的建筑物特征和遥感影像的关系，丰富了遥感领域建筑物数据集，有望更好地支撑国内遥感影像建筑物提取的研究和生产。本数据集的组织和标注方式与常用实例分割数据集一致，可以很方便地服务于影像分割任务。",
    "数据使用和建议": "本数据集可用于实例分割任务和基于像素级别的语义分割任务。数据集的使用方法与常用于上述两种分割任务的标准数据集使用方法一致，总体步骤如图5所示。图5数据使用流程对于实例分割任务，本数据集采用的标注格式与实例分割数据集MSCOCO相同，使用方式相同。实例分割任务可通过解析json文件，从annotations字段中批量读取建筑物轮廓标注；从images字段中获取影像存储路径，进而获取实例标注所对应的建筑物影像。实例分割模型可将获取的标注和影像两类信息作为输入，进行模型的训练和预测。语义分割的类别标签是像素级的，其中建筑物区域对应的像素值为1，非建筑物区域对应的像素值为0。每个样本的标签存储在一个png文件中，其原始影像文件存储在与标签相同文件名的tif文件中。语义分割任务依次读取每个样本的标注和影像文件，输入到语义分割模型中进行训练和预测。后续过程需根据实际任务进行设计，主要包括模型训练、预测和精度验证等。两种任务使用中的模型也在不断发展，现有经典模型如MaskR-CNN[11]，DeepLabv3[12]等，此文不再赘述。",
    "引用格式": "方芳, 吴开顺, 郑道远, 等. 中国典型城市建筑物实例数据集[DB/OL]. Science Data Bank, 2021. (2021-03-19). DOI: 10.11922/sciencedb.00620."
}