{
    "类目名称": "其他数据论文",
    "名称": "华南板块古生代维管植物数据集",
    "资源信息链接地址": "http://www.dx.doi.org/10.11922/sciencedb.j00001.00068",
    "摘要": "摘要：陆生维管植物在古生代中期的起源和辐射演化对地球环境产生了深远的影响。古生代期间，华南板块位于低纬度地区，与其他古大陆相对隔离，维管植物的多样性高，且面貌独特。本数据集共享了华南古生代维管植物的分类单元名录、大植物–孢粉化石产出的地理和地层分布信息，以及421种植物的营养或繁殖器官形态学数据（包括茎轴直径、孢子囊、叶片的测量值，以及基于二元性状对植物进行编码的数据矩阵）。作为重要的证据，这些数据可用于探讨古生代维管植物在低纬度地区的属种多样性和表型演化模式，以及它们在不同板块之间的扩散和迁移等植物地理学问题。",
    "关键词": "华南板块；古生代；维管植物；分类单元多样性；形态演化",
    "参考引用": [
        {
            "名称": "BATEMAN R M, CRANE P R, DIMICHELE W A, et al. Early evolution of land plants: phylogeny, physiology, and ecology of the primary terrestrial radiation[J]. Annual Review of Ecology and Systematics, 1998, 29: 263–292.",
            "资源信息链接地址": "http://xueshu.baidu.com/s?wd= Early evolution of land plants: phylogeny, physiology, and ecology of the primary terrestrial radiation"
        },
        {
            "名称": "GENSEL P G. The earliest land plants[J]. Annual Review of Ecology, Evolution, and Systematics, 2008, 39: 459–477.",
            "资源信息链接地址": "http://xueshu.baidu.com/s?wd= The earliest land plants"
        },
        {
            "名称": "HAO S G, XUE J Z. The Early Devonian Posongchong flora of Yunnan—A contribution to an understanding of the evolution and early diversification of vascular plants[M]. Beijing: Science Press, 2013.",
            "资源信息链接地址": "http://xueshu.baidu.com/s?wd= The Early Devonian Posongchong flora of Yunnan—A contribution to an understanding of the evolution and early diversification of vascular plants"
        },
        {
            "名称": "GERRIENNE P, SERVAIS T, VECOLI M. Plant evolution and terrestrialization during Palaeozoic times—the phylogenetic context[J]. Review of Palaeobotany and Palynology, 2016, 227: 4–18.",
            "资源信息链接地址": "http://xueshu.baidu.com/s?wd= Plant evolution and terrestrialization during Palaeozoic times—the phylogenetic context"
        },
        {
            "名称": "STEIN W E, BERRY C M, HERNICK L V A, et al. Surprisingly complex community discovered in the mid-Devonian fossil forest at Gilboa[J]. Nature, 2012, 483: 78–81.",
            "资源信息链接地址": "http://xueshu.baidu.com/s?wd= Surprisingly complex community discovered in the mid-Devonian fossil forest at Gilboa"
        },
        {
            "名称": "BERRY C M, MARSHALL J E A. Lycopsid forests in the early Late Devonian paleoequatorial zone of Svalbard[J]. Geology, 2015, 43: 1043–1046.",
            "资源信息链接地址": "http://xueshu.baidu.com/s?wd= Lycopsid forests in the early Late Devonian paleoequatorial zone of Svalbard"
        },
        {
            "名称": "WANG D M, QIN M, LIU L, et al. The most extensive Devonian fossil forest with small lycopsid trees bearing the earliest stigmarian roots[J]. Current Biology, 2019, 29(16): 2604–2615.",
            "资源信息链接地址": "http://xueshu.baidu.com/s?wd= The most extensive Devonian fossil forest with small lycopsid trees bearing the earliest stigmarian roots"
        },
        {
            "名称": "DAVIES N S, GIBLING M R. Paleozoic vegetation and the Siluro–Devonian rise of fluvial lateral accretion sets[J]. Geology, 2010, 38: 51–54.",
            "资源信息链接地址": "http://xueshu.baidu.com/s?wd= Paleozoic vegetation and the Siluro–Devonian rise of fluvial lateral accretion sets"
        },
        {
            "名称": "XUE J Z, DENG Z Z, HUANG P, et al. Belowground rhizomes in paleosols: the hidden half of an Early Devonian vascular plant[J]. Proceedings of the National Academy of Sciences of the United States of America, 2016, 113: 9451–9456.",
            "资源信息链接地址": "http://xueshu.baidu.com/s?wd= Belowground rhizomes in paleosols: the hidden half of an Early Devonian vascular plant"
        },
        {
            "名称": "李星学, 周志炎, 蔡重阳, 等. 中国地质时期植物群[M]. 广州: 广东科技出版社, 1995.",
            "资源信息链接地址": "http://xueshu.baidu.com/s?wd= 中国地质时期植物群"
        },
        {
            "名称": "WANG Y, BERRY C M, HAO S G, et al. The Xichong flora of Yunnan, China: Diversity in late Mid Devonian plant assemblages[J]. Geological Journal, 2007, 42: 339–350.",
            "资源信息链接地址": "http://xueshu.baidu.com/s?wd= The Xichong flora of Yunnan, China: Diversity in late Mid Devonian plant assemblages"
        },
        {
            "名称": "XIONG C H, WANG D M, WANG Q, et al. Diversity dynamics of Silurian−Early Carboniferous land plants in South China[J]. PLoS ONE, 2013, 8: e75706.",
            "资源信息链接地址": "http://xueshu.baidu.com/s?wd= Diversity dynamics of Silurian−Early Carboniferous land plants in South China"
        },
        {
            "名称": "LI X X, YAO Z Q. Fructifications of gigantopterids from South China[J]. Palaeontographica Abt. B., 1983, 185: 11–26.",
            "资源信息链接地址": "http://xueshu.baidu.com/s?wd= Fructifications of gigantopterids from South China"
        },
        {
            "名称": "CASCALES-MIÑANA B, CLEAL C J, DIEZ J B. What is the best way to measure extinction? A reflection from the palaeobotanical record[J]. Earth-Science Reviews, 2013, 124: 126–147.",
            "资源信息链接地址": "http://xueshu.baidu.com/s?wd= What is the best way to measure extinction? A reflection from the palaeobotanical record"
        },
        {
            "名称": "BENTON M J. Exploring macroevolution using modern and fossil data[J]. Proceedings of the Royal Society B, 2015, 282: 1–10.",
            "资源信息链接地址": "http://xueshu.baidu.com/s?wd= Exploring macroevolution using modern and fossil data"
        },
        {
            "名称": "樊隽轩, 黄冰, 泮燕红, 等. 定量古生物学及重要名词释义[J]. 古生物学报, 2016, 2: 220–243.",
            "资源信息链接地址": "http://xueshu.baidu.com/s?wd= 定量古生物学及重要名词释义"
        },
        {
            "名称": "REES P M. Land plant diversity and the end-Permian mass extinction[J]. Geology, 2002, 30: 827–830.",
            "资源信息链接地址": "http://xueshu.baidu.com/s?wd= Land plant diversity and the end-Permian mass extinction"
        },
        {
            "名称": "DERA G, TOUMOULIN A, BAETS K. Diversity and morphological evolution of Jurassic belemnites from South Germany[J]. Palaeogeography, Palaeoclimatology, Palaeoecology, 2016, 457: 80–97.",
            "资源信息链接地址": "http://xueshu.baidu.com/s?wd= Diversity and morphological evolution of Jurassic belemnites from South Germany"
        },
        {
            "名称": "XUE J Z, HUANG P, RUTA M, et al. Stepwise evolution of Paleozoic tracheophytes from South China: contrasting leaf disparity and taxic diversity[J]. Earth Science Review, 2015, 148: 77–93.",
            "资源信息链接地址": "http://xueshu.baidu.com/s?wd= Stepwise evolution of Paleozoic tracheophytes from South China: contrasting leaf disparity and taxic diversity"
        },
        {
            "名称": "KORN D, KLUG C, WALTON S A. Taxonomic diversity and morphological disparity of Paleozoic ammonoids[M]. In: KLUG C, KORN D, BAETS K, et al. (Eds.), Ammonoid paleobiology: from macroevolution to paleogeography. Berlin: Springer, 2015, 431–464.",
            "资源信息链接地址": "http://xueshu.baidu.com/s?wd= Taxonomic diversity and morphological disparity of Paleozoic ammonoids"
        },
        {
            "名称": "EDIE S M, JABLONSKIA D, VALENTINE J M. Contrasting responses of functional diversity to major losses in taxonomic diversity[J]. Proceedings of the National Academy of Sciences, 2018, 115: 732–737.",
            "资源信息链接地址": "http://xueshu.baidu.com/s?wd= Contrasting responses of functional diversity to major losses in taxonomic diversity"
        },
        {
            "名称": "TING V K. Report on the geology of the Yangtze Valley below Wuhu[J]. Whangpoo Conservancy Board, Shanghai Harbor Investigation. 1919, 1(1):1–84.",
            "资源信息链接地址": "http://xueshu.baidu.com/s?wd= Report on the geology of the Yangtze Valley below Wuhu"
        },
        {
            "名称": "SZE H C. Fossil Pflanzen aus Shensi, Szechuan and Kueichow[J]. Palaeontologia Sinica, Series A, 1933, 1(3): 1–32.",
            "资源信息链接地址": "http://xueshu.baidu.com/s?wd= Fossil Pflanzen aus Shensi, Szechuan and Kueichow"
        },
        {
            "名称": "YABE H, OISHI S. Notes on some fossil plants from Fukien Province, China[J]. Science Reports of Tohoku Imperical University, Sendai, Japan, 2nd Series (Geology), 1937–1938, 19(2): 221–234.",
            "资源信息链接地址": "http://xueshu.baidu.com/s?wd= Notes on some fossil plants from Fukien Province, China"
        },
        {
            "名称": "李星学. 中国各主要含煤地层的标准植物化石[M]. 北京: 科学出版社, 1956.",
            "资源信息链接地址": "http://xueshu.baidu.com/s?wd= 中国各主要含煤地层的标准植物化石"
        },
        {
            "名称": "中国科学院南京地质古生物研究所、植物研究所《中国古生代植物》编写小组. 中国植物化石, 第一册, 中国古生代植物[M]. 北京: 科学出版社, 1974.",
            "资源信息链接地址": "http://xueshu.baidu.com/s?wd= 中国植物化石, 第一册, 中国古生代植物"
        },
        {
            "名称": "王士俊, 孙克勤, 崔金钟, 等. 中国煤核植物[M]// 崔金钟（主编）.中国化石植物志（第二卷）. 北京: 高等教育出版社, 2009.",
            "资源信息链接地址": "http://xueshu.baidu.com/s?wd= 中国煤核植物"
        },
        {
            "名称": "孙克勤, 崔金钟, 王士俊. 中国化石蕨类植物[M]// 崔金钟（主编）.中国化石植物志（第二卷）. 北京: 高等教育出版社, 2010.",
            "资源信息链接地址": "http://xueshu.baidu.com/s?wd= 中国化石蕨类植物"
        },
        {
            "名称": "熊聪慧. 中国二叠纪—三叠纪陆生植物多样性变化的研究[D]. 北京: 中国科学院植物研究所, 2009.",
            "资源信息链接地址": "http://xueshu.baidu.com/s?wd= 中国二叠纪—三叠纪陆生植物多样性变化的研究"
        },
        {
            "名称": "熊聪慧. 华南志留纪—石炭纪陆生植物多样性研究[D]. 北京: 北京大学, 2013.",
            "资源信息链接地址": "http://xueshu.baidu.com/s?wd= 华南志留纪—石炭纪陆生植物多样性研究"
        },
        {
            "名称": "黄璞. 晚古生代植物叶片形态演化：华南晚泥盆世两种楔叶类及其他真叶植物的形态测量学证据[D]. 北京: 北京大学, 2017.",
            "资源信息链接地址": "http://xueshu.baidu.com/s?wd= 晚古生代植物叶片形态演化：华南晚泥盆世两种楔叶类及其他真叶植物的形态测量学证据"
        },
        {
            "名称": "XIONG C H, WANG Q. Permian–Triassic land–plant diversity in South China: was there a mass extinction at the Permian/Triassic boundary? [J]. Paleobiology, 2011, 37, 157–167.",
            "资源信息链接地址": "http://xueshu.baidu.com/s?wd= Permian–Triassic land–plant diversity in South China: was there a mass extinction at the Permian/Triassic boundary? "
        },
        {
            "名称": "XUE J Z, HUANG P, WANG D M, et al. Silurian–Devonian terrestrial revolution in South China: Taxonomy, diversity, and character evolution of vascular plants in a paleogeographically isolated, low-latitude region[J]. Earth-Science Reviews, 2018, 180: 92–125.",
            "资源信息链接地址": "http://xueshu.baidu.com/s?wd= Silurian–Devonian terrestrial revolution in South China: Taxonomy, diversity, and character evolution of vascular plants in a paleogeographically isolated, low-latitude region"
        },
        {
            "名称": "CASCALES-MIÑANA B, DIEZ J B, GERRIENNEA P, et al. A palaeobotanical perspective on the great end-Permian biotic crisis[J]. Historical Biology, 2016, 28, 1066–1074.",
            "资源信息链接地址": "http://xueshu.baidu.com/s?wd= A palaeobotanical perspective on the great end-Permian biotic crisis"
        },
        {
            "名称": "YU J X, BROUTIN J, CHEN Z Q, et al. Vegetation changeover across the Permian–Triassic Boundary in Southwest China[J]. Earth-Science Reviews, 2015, 149: 203–224.",
            "资源信息链接地址": "http://xueshu.baidu.com/s?wd= Vegetation changeover across the Permian–Triassic Boundary in Southwest China"
        },
        {
            "名称": "FENG Z, WEI H B, GUO Y, et al. From rainforest to herbland: New insights into land plant responses to the end-Permian mass extinction[J]. Earth-Science Reviews, 2020, 204: 103–153.",
            "资源信息链接地址": "http://xueshu.baidu.com/s?wd= From rainforest to herbland: New insights into land plant responses to the end-Permian mass extinction"
        }
    ],
    "作者": [
        {
            "姓名": "熊聪慧",
            "机构": [
                "兰州大学，地质科学与矿产资源学院，甘肃省西部矿产资源重点实验室",
                "School of Earth Sciences & Key Laboratory of Mineral Resources in Western China (Gansu Province), Lanzhou University"
            ],
            "贡献": "主要承担工作：数据整理与论文撰写。",
            "简介": "（1986—），女，安徽人，博士，实验师，研究方向为古生物学与地层学。"
        },
        {
            "姓名": "黄璞",
            "机构": [
                "中国科学院南京地质古生物研究所，现代古生物学和地层学国家重点实验室",
                "Nanjing Institute of Geology and Palaeontology, State Key Laboratory of Palaeobiology and Stratigraphy",
                "中国科学院生物演化与环境卓越创新中心",
                "Center for Excellence in Life and Paleoenvironment, Chinese Academy of Sciences"
            ],
            "贡献": "主要承担工作：数据整理与论文修改。",
            "简介": "（1987—），男，四川人，博士，助理研究员，研究方向为古生物学与地层学。"
        },
        {
            "姓名": "王德明",
            "机构": [
                "北京大学，地球与空间科学学院，造山带与地壳演化教育部重点实验室",
                "School of Earth and Space Sciences, The Key Laboratory of Orogenic Belts and Crustal Evolution, Peking University"
            ],
            "贡献": "主要承担工作：数据核对与论文修改。",
            "简介": "（1970—），男，青海人，博士，教授，研究方向为古生物学与地层学。"
        },
        {
            "姓名": "薛进庄",
            "机构": [
                "北京大学，地球与空间科学学院，造山带与地壳演化教育部重点实验室",
                "School of Earth and Space Sciences, The Key Laboratory of Orogenic Belts and Crustal Evolution, Peking University"
            ],
            "贡献": "主要承担工作：数据整理与论文修改。",
            "简介": "（1981—），男，甘肃人，博士，副教授，研究方向为古生物学与地层学。"
        }
    ],
    "基金": "国家自然科学基金项目（41802008、41722201）",
    "数据集名称": "华南板块古生代维管植物数据集",
    "数据作者": "薛进庄（pkuxue@pku.edu.cn）",
    "时间范围": "1919–2018年",
    "空间范围": "华南板块",
    "数据量": "692 KB",
    "数据格式": "*.docx, *. xlsx",
    "数据组成": "本数据集包括3个部分：（1）华南古生代维管植物大化石、孢粉的分类单元数据集：名录（包括相似种和不定种等）、产地、层位、植物大化石分类位置，以及华南特有属的名录；（2）华南志留纪至泥盆纪维管植物的性状数据集：连续形态学性状（包括茎轴直径、孢子囊、叶片）的测量值，以及66种植物、36个二元形态学性状的编码矩阵；（3）华南古生代95种单叶、218种复叶的叶形态编码矩阵（分别以96个、103个离散的二元形态学性状对化石叶片进行编码）。",
    "数据采集和处理方法": "1.1数据采集自丁文江[22]对云南、浙江等地泥盆纪地层和化石开展工作以后，一些国外学者及斯行健、李星学等对华南古生代的植物化石进行了一系列重要研究[23,24,25]。此后的百余年来，几代古植物学家对华南古生代植物的系统研究积累了丰富的资料。据统计，截至2018年，已发表的涉及华南古生代维管植物及相关地层的论文和专著近500篇（部）。《中国古生代植物》[26]系统总结了之前的工作。此后，涉及华南古生代植物化石及相关地层研究的论著大幅增加[3,10,27,28,29,30,31]。这些已发表的文献对大量植物化石进行了系统描述，或对植物群的地层分布进行了详细研究。本数据集即是基于1919–2018年期间已发表的文献汇编而成。本数据集的建设工作历时十年，是一个逐渐完善的过程。第一作者、第二作者攻读硕士、博士学位期间，收集、整理了部分数据[29,30,31]。研究团队对数据的一些分析结果，已相继在4篇期刊论文发表[12,19,32-33]。这4篇论文的原始数据文件均以附属材料的形式在期刊网站上提供了链接，供读者下载阅览、再使用。但是，文献[32]的附属材料链接已经失效。工作过程中，我们深感很有必要将这些数据整合、形成统一的数据集，以便分享给更多的研究者使用，推动相关研究的深入。因此在本文中，我们将上述4篇期刊论文中的数据，进行了整合，划分为三个部分（子集），构成更完整的华南板块古生代维管植物数据集。1.2数据处理方法数据集的第一部分，即华南古生代植物大化石、孢粉化石分类单元多样性数据，依据近500篇（部）文献中提供的化石属种及其地层时代、剖面地理位置、以及图版信息等汇编而成。主要根据文献[3]和原作者意见，将植物大化石属种归入具体的纲、目级单元。根据华南的植物大化石属是否在全球同期其他陆块出现，将其鉴定为地方性分子或广布性分子。研究图版较少或暂时不清楚，或鉴定可能有误的属种，以及一些不能明确归入具体物种的相似种和不定种等，均包含在本数据中，力求完整地、最大程度地反映华南地区古生代植物化石记录。为研究华南古生代维管植物分类单元的多样性变化型式，我们首先依据生物地层学的最新进展，将化石属种划分入不同的时段；一般以期为单位，如早泥盆世布拉格期、埃姆斯期等，但在一些情况下，对期又进行了细分。其次，基于所统计的属种和剖面、产地数目，计算每个时段的多个定量指标，包括：每剖面物种丰度和每百万年平均物种丰度、属种新生率（新生属种数目/总数）和灭绝率（灭绝属种数目/总数）、每百万年成种率和每百万年物种灭绝率（方法参见文献[12,32]）。数据集的第二部分，即华南志留纪、泥盆纪维管植物的形态学性状数据，以两种方法采集数据：其一，从已发表文献中汇编了108种植物的可测量形态学性状，包括这些植物的茎轴最大直径、孢子囊大小和叶片大小的测量值；其二，依据36个二元性状（离散的形态学性状），对66种华南维管植物进行编码，形成数据矩阵。这些性状是植物生长和发育的重要指标，与植物生理和生态演化密切相关，可用于研究植物表型的宏演化。研究方法参考文献[33]。数据集的第三部分，即华南古生代95种单叶、218种复叶的多维形态学数据集。分别以96个、103个性状特征对这些单叶、复叶进行编码，建立了单叶、复叶的多维形态学数据集。通过研究叶片（数据点）在多维形态空间的分布特征以及占据模式，对叶片的形态变异度（MorphologicalDisparity）进行了定量刻画，并计算了不同时段的叶片形态变异的范围总和、方差总和、平均不相似度等变异度指标，分析了叶片变异度与植物属种多样性之间的动态关系。研究方法详见文献[19]。",
    "数据描述": "2.1华南古生代维管植物的分类单元多样性华南志留纪至二叠纪植物的分类单元详细名录参见本数据集附件1，包含：华南志留纪至石炭纪巴什基尔期的植物大化石（约167属、448种）和孢粉属种（约257属、1724种），及其剖面、地层数据，所研究时代被划分为15个时段（附件1第一部分，为文献[12]的附属材料TableS1和TextS1，可在PLoSONE期刊网站免费下载：https://journals.plos.org/plosone/article?id=10.1371/journal.pone.0075706）；华南早二叠世至晚二叠世的植物大化石（约152属、520种）和孢粉属种（约175属、589种），及其剖面、地层数据，所研究时代被划分为4个时段（附件1第二部分，为文献[32]的附属材料，但目前其网址链接已失效，数据已无法下载）。石炭纪中晚期至早二叠世早期，由于海侵的影响，华南陆相地层不发育，维管植物化石记录稀少，因此未包含在数据集中。分类单元的多样性分析显示，华南志留纪至石炭纪维管植物的多样性演化可分为4个阶段，即兰多维列世至艾菲尔期、艾菲尔期至法门早期、法门早期至杜内晚期和杜内晚期至巴什基尔期，每一阶段变化均呈低谷−高峰−低谷型式（图2）。植物化石属种分异度及每百万年种平均分异度在每个阶段均有一次辐射，分别发生在布拉格期、吉维特期、法门晚期和维宪期，同时幅度整体递增，种多样性和每百万年孢粉种平均分异度尤其显著（图2A）。早二叠世晚期至晚二叠世早期，植物化石属种多样性持续增长，吴家坪期至长兴期下降明显。整体上，植物大化石多样性在早三叠世印度期降至最低，但孢粉多样性稍有回升（图2B）。由二叠纪沃德期至早三叠世印度期，植物大化石属灭绝率持续上升，新生率持续下降，更替显著（图2C）。二叠纪–三叠纪之交的生物大灭绝事件对海洋生物造成了巨大的影响，但陆生植物在这一事件期间是否存在大灭绝，仍存在很大争议[34,35,36]。我们目前对华南古生代化石记录的收录较为完善，但对三叠纪早期的化石数据仅做了初步收集，因此这一部分在本数据集中未列出。图2华南志留纪至石炭纪早中期、二叠纪至三叠纪早期维管植物多样性演变（改自文献[12,32]）A，志留纪至石炭纪早中期植物大化石、孢粉属种多样性、每百万年物种平均丰度、剖面数目及每剖面物种丰度。B，二叠纪至三叠纪早期植物大化石、孢粉化石属种多样性。C,二叠纪至三叠纪早期植物大化石属灭绝率、新生率和更替率变化。缩写：Ll–W，兰多维列世至文洛克世；Ld–Pd，罗德洛世至普里道利世；Lc，洛霍考夫期；Pr，布拉格期；Em，埃姆斯期；Ef，艾菲尔期；G，吉维特期；Fr，弗拉期；Fm1法门早期；Fm2，法门晚期；T1，杜内早期；T2，杜内晚期；V，维宪期；S，谢尔普霍夫期；B，巴什基尔期；As–Ar，阿瑟尔期至亚丁斯克期；Ku–Ro，空谷期至罗德期；Wo–Ca，沃德期至卡匹敦期；Wu，吴家坪期；Ch，长兴期；I，印度期；O，奥伦尼克期。2.2华南志留纪至泥盆纪维管植物的形态演化华南志留纪至泥盆纪植物的定量形态学数据涉及81属108种植物，包括志留纪1属1种，早泥盆世36属52种，中泥盆世14属14种，晚泥盆世27属41种。数据中包含了绝大多数植物的最大茎轴直径、孢子囊大小，以及大部分真叶植物和石松植物的叶片长度、宽度，这些数据为连续的测量值。另外，依据36个离散的二元形态学性状，对早泥盆世30种、中泥盆世11种、晚泥盆世25种植物进行了编码，形成数据矩阵（附件2，为文献[33]的附属材料Appendix5、6、7，可在Elsevier网站下载，https://www.sciencedirect.com/science/article/abs/pii/S0012825217306591）。代表性特征如：茎轴是否具等二叉分枝（是，即编码为1；否，即编码为0）、螺旋分枝、轮状分枝等；幼叶是否拳卷、是否具有小型叶、是否具有二叉分枝的羽状末端器官或叶片等；是否具有纺锤形或长椭圆形等形状的孢子囊；孢子囊是否两侧或放射状排列等。对连续和离散的形态学性状进行研究，可揭示华南板块维管植物表型宏演化的规律。例如，维管植物孢子囊的大小变异在泥盆纪早期达到最大值，而在中、晚期萎缩，体现为早期爆发模式（“EarlyBurstPattern”；图3）；而植物营养器官的定量特征如茎轴宽度和叶片大小、以及基于36个特征的形态多样性（以表型不相似度表示）自泥盆纪早期逐步递增，至晚期达到峰值，表现为阶段性演化模式（“StepwiseEvolution”）。植物表型的宏演化，反映了它们在登陆进程中在陆地生境的扩展和生态适应过程[33]。图3华南志留纪、泥盆纪维管植物孢子囊大小的演化（改自文献[33]）2.3华南古生代维管植物叶片的形态演化华南古生代维管植物叶片的形态演化数据包括：基于96个二元形态学特征对95种单叶进行编码形成的矩阵，以及基于103个二元形态学特征对218种复叶进行编码形成矩阵（附件3，为文献[19]的附属材料AppendixA，可在Elsevier网站下载，https://www.sciencedirect.com/science/article/abs/pii/S0012825215300027）。这些叶片化石记录被划分为早—中泥盆世、晚泥盆世、密西西比亚纪、宾夕法尼亚亚纪、罗德期—沃德期、卡匹敦期—乐平期6个时段。叶片的形态学性状详见附件3，包括单叶的整体特征（性状[S1]–[S73]）、复叶的整体特征（[C1]–[C80]）、单叶或者复叶小羽片的叶脉特征（[V1]–[V23]）。对数据矩阵的分析显示，在维管植物演化的第一阶段（泥盆纪至石炭纪早期），单叶的变异度初步增加，复叶的变异度在石炭纪早期达到峰值（图4）；期间，伴随着植物维管系统、生殖结构的急剧分化，灌木、藤本、草本、乔木等各种构型出现。从石炭纪晚期到二叠纪，是维管植物演化的第二阶段，期间，单叶的变异度进一步扩大，而复叶的变异度不再增大，但在形态空间的占据位置上发生平移（图4）；此过程伴随着湿地群落在华南的逐渐恢复和繁盛，木贼类、大羽羊齿类，以及松柏、银杏、苏铁等现代类群的古老祖先在华南地区出现。维管植物在泥盆纪演化出的一些叶片形态，一直持续至古生代末（并延续至现代），反映出这些形态在进化上的保守性。图4华南古生代单叶（A–C）、复叶（D–F）的形态空间占据及演化模式（改自文献[33]）对数据矩阵进行主成分分析，利用主成分轴1–3（PCo1-3）构建二维的形态空间投影。",
    "数据质量": "在对华南古生代维管植物的分类单元和形态多样性数据汇编时，出现以下几方面影响因素：第一，由于化石埋藏的影响，目前所获得的植物化石标本肯定只能代表当时植被的一部分。第二，部分地层的研究程度较低，因此产出的植物属种相应也较少。第三，原始描述文献中，对一些化石的鉴定、描述和分类有待完善（或校对），部分原始文献的图版不清楚、建立的属种有效性有待考证。本数据集首先尽可能齐全地收集了华南古生代维管植物大化石、孢粉化石的名录，以及它们的产地和地层信息，力求最大程度地反映以往的研究程度，以及所记载的最大可能多样性。其次，通过对不同时代植物化石产地和地层进行详细梳理，评价并筛选研究程度较高、有清晰图版支撑的植物大化石名录，在此基础上，进一步汇编了志留纪、泥盆纪维管植物的性状数据和古生代单叶、复叶的多维形态学数据集。另外，在对化石多样性进行分析时，采用稀疏标准化方法，在研究程度或采样强度较为一致的基础上，对不同时段的多样性进行比较。对植物化石分类单元的统计、分析工作并不是一劳永逸的，而是应该随着化石采集、研究程度的深入，持续更新。而植物的形态多样性，更多体现的是一个特定时段中植物可测量性状或离散性状所反映出的表型复杂程度，受采样的影响程度较小。因此，分类单元和形态学数据的相互结合，可促进我们更深入地认识维管植物在古生代期间的演化。",
    "数据价值": "本数据集共享了华南古生代维管植物大化石、孢粉化石的分类单元名录、产地及地层分布信息，以及421种植物的形态学数据。当前，国际上著名的ThePaleobiologyDatabase（https://paleobiodb.org/）对华南古生代植物化石数据的收集严重不足；国内的GeodiversityDatabase（http://www.geobiodiversity.com/）中，这部分数据仍在建设之中。特别是，学术界对于化石植物的形态学数据，仍未形成数据共享的规范性建议。例如，如何将不同作者的形态编码系统兼容，形成更全面的数据矩阵。因此，我们希望通过本数据集的发布，引起学术界对形态学数据及形态多样性演化的重视和讨论。本数据集可用于探讨古生代植物在一个相对隔离的低纬度地区的演化模式，以及它们在不同板块之间的扩散和迁移等植物地理学问题。华南古生代维管植物分类单元多样性和形态学演化的综合研究，将植物在形态空间的占据和扩展与它们在生态空间的演化联系了起来，为进化生物学、生态学研究提供了新的思路。在对古生代维管植物的分类学、多样性和表型演化的研究基础上，可进一步探讨植物登陆演化对地球系统所产生的影响。",
    "引用格式": "熊聪慧, 黄璞, 王德明, 等. 华南板块古生代维管植物数据集[DB/OL]. Science Data Bank, 2020. (2020-11-30). DOI: 10.11922/sciencedb.j00001.00068."
}