{
    "类目名称": "中巴经济走廊专题",
    "名称": "1961–2019年新疆高温热浪数据集",
    "资源信息链接地址": "http://www.doi.org/10.11922/sciencedb.01189",
    "摘要": "摘要：气候变化背景下，高温热浪频繁发生，对人体健康、生态环境及社会经济造成严重影响。本文基于新疆地区105个气象站1961–2019年逐日最高气温和相对湿度数据，采用热浪指数作为判别标准，制作了新疆高温热浪数据集。本数据集包括各站点每年发生热浪的频次、累计天数及热浪初日与终日。依据现有文献资料对数据集进行质量评估，结果表明本数据集可信度较高，可为新疆高温热浪研究及风险评估提供数据支撑。",
    "关键词": "高温热浪；热浪指数；气象站点；新疆",
    "参考引用": [
        {
            "名称": "STOCKER T F. Climate change 2013: the physical science basis: Working Group I contribution to the Fifth assessment report of the Intergovernmental Panel on Climate Change[EB/OL]. 2014",
            "资源信息链接地址": "http://xueshu.baidu.com/s?wd= Climate change 2013: the physical science basis: Working Group I contribution to the Fifth assessment report of the Intergovernmental Panel on Climate Change"
        },
        {
            "名称": "黄晓军, 王博, 刘萌萌, 等. 中国城市高温特征及社会脆弱性评价[J]. 地理研究, 2020, 39(7): 1534–1547. DOI:10.11821/dlyj020190608.",
            "资源信息链接地址": "http://xueshu.baidu.com/s?wd= 中国城市高温特征及社会脆弱性评价"
        },
        {
            "名称": "World Meteorological Organization (WMO). Climate Change and Human Health: High Temperature and Health[R]. Geneva, Switzerland: WMO, 2020.",
            "资源信息链接地址": "http://xueshu.baidu.com/s?wd= Climate Change and Human Health: High Temperature and Health"
        },
        {
            "名称": "CAI W J, ZHANG C, SUEN H P, et al. The 2020 China report of the Lancet Countdown on health and climate change[J]. The Lancet Public Health, 2021, 6(1): e64–e81. DOI:10.1016/S2468-2667(20)30256-5.",
            "资源信息链接地址": "http://xueshu.baidu.com/s?wd= The 2020 China report of the Lancet Countdown on health and climate change"
        },
        {
            "名称": "杨军, 章毅之, 贺浩华, 等. 水稻高温热害的研究现状与进展[J]. 应用生态学报, 2020, 31(8): 2817–2830. DOI:10.13287/j.1001-9332.202008.027.",
            "资源信息链接地址": "http://xueshu.baidu.com/s?wd= 水稻高温热害的研究现状与进展"
        },
        {
            "名称": "杨绚, 汤绪, 陈葆德, 等. 气候变暖背景下高温胁迫对中国小麦产量的影响[J]. 地理科学进展, 2013, 32: 1771–1779.",
            "资源信息链接地址": "http://xueshu.baidu.com/s?wd= 气候变暖背景下高温胁迫对中国小麦产量的影响"
        },
        {
            "名称": "徐金芳, 邓振镛, 陈敏. 中国高温热浪危害特征的研究综述[J]. 干旱气象, 2009, 27(2): 163–167. DOI:10.3969/j.issn.1006-7639.2009.02.012.",
            "资源信息链接地址": "http://xueshu.baidu.com/s?wd= 中国高温热浪危害特征的研究综述"
        },
        {
            "名称": "王京齐. 高温热浪的标准和危害[EB/OL]. (2013-0705) [2021-09-28]. http://www.cma.gov.cn/kppd/kppdsytj/201307/t20130705_218624.html.",
            "资源信息链接地址": "http://xueshu.baidu.com/s?wd= 高温热浪的标准和危害[EB/OL]. (2013-0705) "
        },
        {
            "名称": "RUSSO S, SILLMANN J, STERL A. Humid heat waves at different warming levels[J]. Scientific Reports, 2017, 7: 7477. DOI:10.1038/s41598-017-07536-7.",
            "资源信息链接地址": "http://xueshu.baidu.com/s?wd= Humid heat waves at different warming levels"
        },
        {
            "名称": "OSTRO B D, ROTH L A, GREEN R S, et al. Estimating the mortality effect of the July 2006 California heat wave[J]. Environmental Research, 2009, 109(5): 614–619. DOI:10.1016/j.envres.2009.03.010.",
            "资源信息链接地址": "http://xueshu.baidu.com/s?wd= Estimating the mortality effect of the July 2006 California heat wave"
        },
        {
            "名称": "VICEDO-CABRERA A M, SCOVRONICK N, SERA F, et al. The burden of heat-related mortality attributable to recent human-induced climate change[J]. Nature Climate Change, 2021, 11(6): 492–500. DOI:10.1038/s41558-021-01058-x.",
            "资源信息链接地址": "http://xueshu.baidu.com/s?wd= The burden of heat-related mortality attributable to recent human-induced climate change"
        },
        {
            "名称": "卜凡蕊, 孙鹏, 姚蕊, 等. 淮河流域高温热浪时空演变规律及成因分析[J]. 地理科学, 2021, 41(04): 705-16.",
            "资源信息链接地址": "http://xueshu.baidu.com/s?wd= 淮河流域高温热浪时空演变规律及成因分析"
        },
        {
            "名称": "谢盼, 王仰麟, 刘焱序, 等. 基于社会脆弱性的中国高温灾害人群健康风险评价[J]. 地理学报, 2015, 70(07): 1041-51.",
            "资源信息链接地址": "http://xueshu.baidu.com/s?wd= 基于社会脆弱性的中国高温灾害人群健康风险评价"
        },
        {
            "名称": "殷聪, 杨飞.一带一路区域1989-2018年高温热浪数据集的研发[J]. 全球变化数据学报, 2021, 5(2): 120-129.",
            "资源信息链接地址": "http://xueshu.baidu.com/s?wd=一带一路区域1989-2018年高温热浪数据集的研发"
        },
        {
            "名称": "Raei E, Nikoo MR, AghaKouchak, et al. Data Descriptor: GHWR, a multi-method global heatwave and warm-spell record and toolbox[J]. Scientific Data, 2018, 5. DOI: 10.1038/sdata.2018.206.",
            "资源信息链接地址": "http://xueshu.baidu.com/s?wd= Data Descriptor: GHWR, a multi-method global heatwave and warm-spell record and toolbox"
        },
        {
            "名称": "姚俊强, 毛炜峄, 陈静, 等. 新疆气候 “湿干转折” 的信号和影响探讨[J]. 地理学报, 2021, 76(1): 57–72. DOI:10.11821/dlxb202101005.",
            "资源信息链接地址": "http://xueshu.baidu.com/s?wd= 新疆气候 “湿干转折” 的信号和影响探讨"
        },
        {
            "名称": "毛炜峄, 陈鹏翔, 沈永平. 气候变暖背景下2015年夏季新疆极端高温过程及其影响[J]. 冰川冻土, 2016, 38: 291–304.",
            "资源信息链接地址": "http://xueshu.baidu.com/s?wd= 气候变暖背景下2015年夏季新疆极端高温过程及其影响"
        },
        {
            "名称": "樊静, 刘精, 段均泽, 等. 新疆气候公报及影响评价(2017) [R]. 乌鲁木齐: 新疆气候中心, 2017.",
            "资源信息链接地址": "http://xueshu.baidu.com/s?wd= 新疆气候公报及影响评价(2017) "
        },
        {
            "名称": "张山清, 普宗朝, 李景林, 等. 气候变暖背景下南疆棉花种植区划的变化[J]. 中国农业气象, 2015, 36(5): 594–601. DOI:10.3969/j.issn.1000-6362.2015.05.009.",
            "资源信息链接地址": "http://xueshu.baidu.com/s?wd= 气候变暖背景下南疆棉花种植区划的变化"
        },
        {
            "名称": "吴秀兰, 张太西, 王慧, 等. 1961—2017年新疆区域气候变化特征分析[J]. 沙漠与绿洲气象, 2020, 14(4): 27–34. DOI:10.12057/j.issn.1002-0799.2020.04.004.",
            "资源信息链接地址": "http://xueshu.baidu.com/s?wd= 1961—2017年新疆区域气候变化特征分析"
        },
        {
            "名称": "中国国家标准化管理委员会. 高温热浪等级: GB/T 29457—2012 [Z]. 中华人民共和国国家质量监督检验检疫总局, 2012: 8.",
            "资源信息链接地址": "http://xueshu.baidu.com/s?wd= 高温热浪等级: GB/T 29457—2012 "
        },
        {
            "名称": "张太西, 樊静, 李元鹏, 等. 1961—2018年新疆区域高温变化与环流和海温关系[J]. 干旱区研究, 2021, 38(5): 1274–1284. DOI:10.13866/j.azr.2021.05.09.",
            "资源信息链接地址": "http://xueshu.baidu.com/s?wd= 1961—2018年新疆区域高温变化与环流和海温关系"
        }
    ],
    "作者": [
        {
            "姓名": "董弟文",
            "机构": [
                "中国科学院新疆生态与地理研究所，荒漠与绿洲生态国家重点实验室，乌鲁木齐 830011",
                "State Key Laboratory of Desert and Oasis Ecology, Xinjiang Institute of Ecology and Geography, Chinese Academy of Sciences, Urumqi 830011, P.R. China",
                "中国科学院大学，北京 100049",
                "University of Chinese Academy of Sciences, Beijing 100049, P.R. China",
                "新疆大学资源与环境科学学院，乌鲁木齐 830046",
                "College of Resource and Environmental Science, Xinjiang University, Urumqi 830046, P.R. China",
                "新疆财经大学统计与数据科学学院，乌鲁木齐 830012",
                "School of Statistics and Data Science, Xinjiang University of Finance, Urumqi 830021, P.R. China"
            ],
            "贡献": "主要承担工作：论文撰写，数据分析与处理。",
            "简介": "(1993—)，女，甘肃天水人，博士研究生，研究方向为气象水文灾害风险评估。"
        },
        {
            "姓名": "陶辉",
            "机构": [
                "中国科学院新疆生态与地理研究所，荒漠与绿洲生态国家重点实验室，乌鲁木齐 830011",
                "State Key Laboratory of Desert and Oasis Ecology, Xinjiang Institute of Ecology and Geography, Chinese Academy of Sciences, Urumqi 830011, P.R. China"
            ],
            "贡献": "主要承担工作：数据整理和论文修改。",
            "简介": "(1981—)，男，新疆昌吉人，副研究员，研究方向为气象水文灾害风险评估。"
        },
        {
            "姓名": "张增信",
            "机构": [
                "中国科学院新疆生态与地理研究所，荒漠与绿洲生态国家重点实验室，乌鲁木齐 830011",
                "State Key Laboratory of Desert and Oasis Ecology, Xinjiang Institute of Ecology and Geography, Chinese Academy of Sciences, Urumqi 830011, P.R. China"
            ],
            "贡献": "主要承担工作：数据质量与评估。",
            "简介": "(1977—)，男，山东青岛人，教授，研究方向为气候变化和生态水文。"
        }
    ],
    "基金": "科技部基础资源调查专项（2018FY100501）；中国科学院西部之光项目（2019-XBQNXZ-B-004，2019-XBYJRC-001）。",
    "数据集名称": "1961–2019年新疆高温热浪数据集",
    "数据作者": "陶辉（taohui@ms.xjb.ac.cn）",
    "时间范围": "1961–2019年",
    "空间范围": "新疆维吾尔自治区（34°22'– 49°33'N，73°32'– 96°21'E）",
    "数据量": "17.5MB",
    "数据格式": "*.mat",
    "数据组成": "本数据集共包含2个文件夹，其中：（1）各站点每年高温热浪发生频次、累计天数及高温热浪初日与终日，数据量共4.4 MB；（2）各站点不同等级高温热浪的发生天数及热浪初日与终日，数据量共13.1 MB。",
    "数据采集和处理方法": "1.1数据来源与预处理本文所使用的原始观测数据源自中国气象科学数据共享服务网（http://data.cma.cn/），选取了新疆105个气象站的逐日最高气温和相对湿度数据（图1）。将每个站点1961–2019年逐日数据按照日期逐行排序，按站点逐列排序，输出命名为1961_2019年逐日数据.mat的文件，用于后续计算高温热浪。图1气象站点分布图1.2数据生产流程本文从影响人体健康的角度出发，按照现行高温热浪等级国家标准中综合表征炎热程度和累积效应的热浪指数作为判别标准[21]，制作了新疆高温热浪数据集，具体流程如图2所示。图2数据处理流程炎热指数表征了当日天气的炎热程度。在空气湿度较低的情况下，相同气温条件下不同相对湿度对人体产生的影响是基本等效的。因此，在计算炎热指数时根据相对湿度不同分为两个公式，当空气湿度低于60%时，均按照60%代入计算公式，得到炎热指数。当炎热指数大于炎热临界值时，表示当日已达到高温炎热，通过结合其持续时间计算热浪指数。1.3数据处理本文所计算的高温热浪指数及高温热浪分级均参考现行国家标准[21]计算。1.3.1高温热浪指数高温热浪指数（HI）是表征高温热浪程度的指标，计算公式如下：HI=1.2×(TI−TI')+0.35∑N−1i=11/ndi(TIi−TI')+0.15∑N−1i=11/ndi+1HI=1.2×(TI−TI')+0.35∑i=1N−11/ndi(TIi−TI')+0.15∑i=1N−11/ndi+1（1）式中：TI为当日的炎热指数；TI'TI'为炎热临界值；TIiTIi为当日之前第i日的炎热指数；ndindi为当日之前第i日距当日的日数；N为炎热天气过程的持续时间。1.3.2炎热指数炎热指数（TI）是衡量气温和相对湿度对人体健康影响程度的指标，计算公式如下：TI=1.8×Tmax−0.55×(1.8×Tmax−26)×(1−0.6)+32TI=1.8×Tmax−0.55×(1.8×Tmax−26)×(1−0.6)+32当RH≤60%时TI=1.8×Tmax−0.55×(1.8×Tmax−26)×(1−RH)+32TI=1.8×Tmax−0.55×(1.8×Tmax−26)×(1−RH)+32当RH>60%时（2）式中：TmaxTmax为日最高气温；RH为日平均相对湿度。1.3.3炎热临界值采用分位数的方法来计算各站点的炎热临界值。计算出各站点日最高气温大于33℃样本的炎热指数，并将该炎热指数作升序排列，选取第50分位数作为该站点的炎热临界值。1.3.4等级划分高温热浪持续时间越久，对人体健康和社会经济所造成的危害也就越加严重，为了衡量其影响程度，本文根据热浪指数的大小将热浪分为轻度、中度和重度热浪（表1）。下载表1高温热浪等级判别标准等级判别标准轻度热浪（Ⅲ级）2.8≤HI＜6.5中度热浪（Ⅱ级）6.5≤HI＜10.5重度热浪（Ⅰ级）HI≥10.5",
    "数据描述": "本数据集包含新疆地区105个气象站点1961–2019年的高温热浪数据，共由13个文件组成。为了便于计算处理与应用，将数据存储为mat格式文件，文件均以数据类别命名（表2）。下载表2数据集结构说明序号数据名称量纲命名1热浪频次次HWF2热浪累计天数天HWCD3热浪初日年/月/日HWS4热浪终日年/月/日HWE5轻度热浪累计天数天LHWCD6轻度热浪初日年/月/日LHWS7轻度热浪终日年/月/日LHWE8中度热浪累计天数天MHWCD9中度热浪初日年/月/日MHWS10中度热浪终日年/月/日MHWE11重度热浪累计天数天SHWCD12重度热浪初日年/月/日SHWS13重度热浪终日年/月/日SHWE热浪频次表示某站点每年发生高温热浪的次数，热浪累计天数表示某站点每年发生高温热浪的总天数。其中频次和累计天数的数据文件均为59行105列，每一列为对应气象站点的逐年频次和累计天数，每一行为对应年份逐个气象站点的数据，如图3所示。图3热浪频次数据样本高温热浪初日指某站点每年第一次HI≥2.8的日期，高温热浪终日指某站点每年最后一次HI≥2.8的日期。若某站点在某年没有发生高温热浪，热浪初日与终日则用[NaN,NaN,NaN]表示，如图4所示。图4热浪初日数据样本",
    "数据质量": "本高温热浪数据集是基于热浪指数计算得到的，为了保证结果的可靠性，需要对评估结果进行验证。通过计算得出105个气象站中共有95个发生过高温热浪，该数据集由频次、累计天数及热浪初日、终日组成，现选取热浪累计天数及热浪初日对数据结果进行验证，将从未发生过高温热浪的站点进行剔除。如图5所示，新疆高温热浪累计天数最多的站点位于吐鲁番地区，累计天数最多的区域热浪初日也最早。从热浪累计天数及初日的变化趋势来看（图6），全疆大部分站点热浪累计天数呈增多趋势，热浪初日呈提前趋势，这与张太西等的研究结果一致[22]。图5热浪累计天数及热浪初日的空间分布图6热浪累计天数及热浪初日线性趋势的空间分布黑点表示变化趋势显著（p＜0.05）",
    "数据价值": "本数据以新疆105个气象台站的观测数据为基础，制作生成了1961–2019年新疆高温热浪的发生频次、累计发生天数、热浪初日与终日及不同等级高温热浪累计发生天数、初日与终日等13个文件，对于探讨新疆高温热浪的时空分布特征及变化趋势具有重要意义，为新疆高温热浪的时空演变及其风险评估提供了数据支撑。",
    "数据使用和建议": "1961–2019年新疆高温热浪数据集保存为mat格式，可使用Matlab打开，可以直接用于描述新疆高温热浪的空间分布及时间变化，为新疆高温热浪的研究提供重要的数据基础，也可以与人口、耕地、GDP等承灾体数据相结合，进一步揭示高温热浪对不同承灾体的影响，为新疆气象灾害风险评估提供数据参考。",
    "引用格式": "董弟文, 陶辉, 张增信. 1961–2019年新疆高温热浪数据集[DB/OL]. Science Data Bank, 2021. (2021-10-21). DOI: 10.11922/sciencedb.01189."
}