{
    "类目名称": "其他数据论文",
    "名称": "2013–2018年中国主要作物田杂草发生危害数据集",
    "资源信息链接地址": "http://dx.doi.org/10.12205/asda.j00003.00005",
    "摘要": "摘要：作物田杂草严重影响粮食产量和品质，其防控和治理对农业生产安全至关重要。目前，我国对作物田杂草信息的研究大多集中于机器学习和识别上，数据资源以图像数据居多。本研究在野外田间调查的基础上，收集整理了小麦、玉米和茶叶田的281种杂草发生危害的数据资源，记载了3392条发生量记录，包含每种杂草的23个数据字段，资源涵盖7个省份。本数据集的建设对我国作物田杂草数据资源的收集和利用具有十分重要的意义，为杂草发生危害的现状分析和监测预警提供了数据基础。",
    "关键词": "作物田；杂草发生危害；科学数据；数据共享",
    "参考引用": [
        {
            "名称": "杨红梅, 冯莉, 陈光辉. 作物田杂草种子库研究进展[J]. 广东农业科学, 2008, 35(10): 57–60, 67. DOI:10.16768/j.issn.1004-874x.2008.10.009.",
            "资源信息链接地址": "http://xueshu.baidu.com/s?wd= 作物田杂草种子库研究进展"
        },
        {
            "名称": "孙金秋, 任相亮, 胡红岩, 等. 农田杂草群落演替的影响因素综述[J]. 杂草学报, 2019, 37(2): 1–9. DOI:10.19588/j.issn.1003-935X.2019.02.001.",
            "资源信息链接地址": "http://xueshu.baidu.com/s?wd= 农田杂草群落演替的影响因素综述"
        },
        {
            "名称": "李扬汉. 中国杂草志[Ｍ]. 北京: 中国农业出版社, 1998．",
            "资源信息链接地址": "http://xueshu.baidu.com/s?wd= 中国杂草志"
        },
        {
            "名称": "李香菊. 近年我国农田杂草防控中的突出问题与治理对策[J]. 植物保护, 2018, 44(5): 77–84. DOI:10.16688/j.zwbh.2018322.",
            "资源信息链接地址": "http://xueshu.baidu.com/s?wd= 近年我国农田杂草防控中的突出问题与治理对策"
        },
        {
            "名称": "张茹飞. 基于低空遥感的杂草识别及定位方法研究[D]. 杨凌: 西北农林科技大学, 2020.",
            "资源信息链接地址": "http://xueshu.baidu.com/s?wd= 基于低空遥感的杂草识别及定位方法研究"
        },
        {
            "名称": "李颖, 张立福, 严薇, 等. 地面成像光谱数据的田间杂草识别[J]. 遥感学报, 2013, 17: 855–871.",
            "资源信息链接地址": "http://xueshu.baidu.com/s?wd= 地面成像光谱数据的田间杂草识别"
        },
        {
            "名称": "王生生, 王顺, 张航, 等. 基于轻量和积网络及无人机遥感图像的大豆田杂草识别[J]. 农业工程学报, 2019, 35: 81–89.",
            "资源信息链接地址": "http://xueshu.baidu.com/s?wd= 基于轻量和积网络及无人机遥感图像的大豆田杂草识别"
        },
        {
            "名称": "高海峰. 2018-2020年南疆果麦间作麦田杂草种类调查数据库. CSTR:17058.11.E0029.20210706.00.ds.0454.",
            "资源信息链接地址": "http://xueshu.baidu.com/s?wd=[8]高海峰."
        },
        {
            "名称": "中国热带农业科学院环境与植物保护研究所. 2018-2020年广东省果园多种常见杂草生物学特性分析数据集. . CSTR:17058.11.E0030.20210706.30.ds.0467.",
            "资源信息链接地址": "http://xueshu.baidu.com/s?wd=[9]中国热带农业科学院环境与植物保护研究所."
        },
        {
            "名称": "齐建平. 2019年淮阳区玉米田杂草监测调查结果与原因分析[J]. 乡村科技, 2020(19): 89–90. DOI:10.19345/j.cnki.1674-7909.2020.19.047.",
            "资源信息链接地址": "http://xueshu.baidu.com/s?wd= 2019年淮阳区玉米田杂草监测调查结果与原因分析"
        },
        {
            "名称": "江新凤, 孙永明, 贺望兴, 等. 井冈山市茶园主要危害性杂草调查[J]. 茶叶通讯, 2020, 47: 623–628.",
            "资源信息链接地址": "http://xueshu.baidu.com/s?wd= 井冈山市茶园主要危害性杂草调查"
        },
        {
            "名称": "强胜, 魏守辉, 胡金良. 江苏省主棉区棉田杂草草害发生规律的研究[J]. 南京农业大学学报, 2000, 23(2): 18–22.",
            "资源信息链接地址": "http://xueshu.baidu.com/s?wd= 江苏省主棉区棉田杂草草害发生规律的研究"
        },
        {
            "名称": "张绍明, 张开龙, 强胜. 江苏省主要农田杂草调查方法探讨[J]. 杂草科学, 2014, 32(4): 24–27. DOI:10.19588/j.issn.1003-935x.2014.04.006.",
            "资源信息链接地址": "http://xueshu.baidu.com/s?wd= 江苏省主要农田杂草调查方法探讨"
        },
        {
            "名称": "魏守辉. 农田杂草调查技术规范[S]. 中国农业科学院植物保护研究所. CSTR:17058.11.A0004.20201216.06.ds.0091.",
            "资源信息链接地址": "http://xueshu.baidu.com/s?wd= 农田杂草调查技术规范"
        },
        {
            "名称": "李扬汉. 中国杂草志[M]. 农业出版社, 1998.",
            "资源信息链接地址": "http://xueshu.baidu.com/s?wd= 中国杂草志"
        },
        {
            "名称": "中国科学院中国植物志编辑委员会. 中国植物志[M]. 科学出版社, 2004.",
            "资源信息链接地址": "http://xueshu.baidu.com/s?wd= 中国植物志"
        },
        {
            "名称": "马旭明, 路战远, 张德健, 等. 保护性耕作条件下小麦、玉米、大豆田间杂草防治存在的问题及对策研究[J]. 农村牧区机械化, 2004(4): 6–7. DOI:10.3969/j.issn.1007-3191.2004.04.004.",
            "资源信息链接地址": "http://xueshu.baidu.com/s?wd= 保护性耕作条件下小麦、玉米、大豆田间杂草防治存在的问题及对策研究"
        },
        {
            "名称": "万方浩. 杂草生物防治的传统方法及理论[J]. 生物防治通报, 1992, 8(3): 131–136. DOI:10.16409/j.cnki.2095-039x.1992.03.012.",
            "资源信息链接地址": "http://xueshu.baidu.com/s?wd= 杂草生物防治的传统方法及理论"
        },
        {
            "名称": "吴彩玲. 潜山市稻田杂草发生情况及防治策略[J]. 基层农技推广, 2019, 7: 74–76.",
            "资源信息链接地址": "http://xueshu.baidu.com/s?wd= 潜山市稻田杂草发生情况及防治策略"
        },
        {
            "名称": "张俊, 刘娟, 臧秀旺, 等. 花生田常见杂草防治措施及展望[J]. 江苏农业科学, 2016, 44(1): 141–145. DOI:10.15889/j.issn.1002-1302.2016.01.039.",
            "资源信息链接地址": "http://xueshu.baidu.com/s?wd= 花生田常见杂草防治措施及展望"
        },
        {
            "名称": "申时才, 张付斗, 徐高峰, 等. 云南外来入侵农田杂草发生与危害特点[J]. 西南农业学报, 2012, 25(2): 554–561. DOI:10.16213/j.cnki.scjas.2012.02.028.",
            "资源信息链接地址": "http://xueshu.baidu.com/s?wd= 云南外来入侵农田杂草发生与危害特点"
        }
    ],
    "作者": [
        {
            "姓名": "张翔鹤",
            "机构": [
                "中国农业科学院农业信息研究所",
                "Agricultural Information Institute of Chinese Academy of Agricultural Sciences",
                "国家农业科学数据中心",
                "National Agriculture Science Data Center"
            ],
            "贡献": "数据汇总整理及论文撰写。 ",
            "简介": "女，山东省青岛市人，硕士，研究生，研究方向为农业科学数据获取与研究。 "
        },
        {
            "姓名": "满芮",
            "机构": [
                "中国农业科学院农业信息研究所",
                "Agricultural Information Institute of Chinese Academy of Agricultural Sciences",
                "国家农业科学数据中心",
                "National Agriculture Science Data Center",
                "农业农村部农业大数据重点实验室",
                "Key Laboratory of Agricultural Big Data, Ministry of Agriculture and Rural Affairs"
            ],
            "贡献": "数据汇总整理。 ",
            "简介": "女，北京市人，博士，助理研究员，研究方向为农业科学数据管理与共享研究。 "
        },
        {
            "姓名": "王晓丽",
            "机构": [
                "中国农业科学院农业信息研究所",
                "Agricultural Information Institute of Chinese Academy of Agricultural Sciences",
                "国家农业科学数据中心",
                "National Agriculture Science Data Center",
                "农业农村部农业大数据重点实验室",
                "Key Laboratory of Agricultural Big Data, Ministry of Agriculture and Rural Affairs"
            ],
            "贡献": "数据汇总整理。 ",
            "简介": "女，河北省栾城市人，博士，助理研究员，研究方向为农业科学数据管理与分析研究。 "
        },
        {
            "姓名": "樊景超",
            "机构": [
                "中国农业科学院农业信息研究所",
                "Agricultural Information Institute of Chinese Academy of Agricultural Sciences",
                "国家农业科学数据中心",
                "National Agriculture Science Data Center",
                "农业农村部农业大数据重点实验室",
                "Key Laboratory of Agricultural Big Data, Ministry of Agriculture and Rural Affairs"
            ],
            "贡献": "总体方案设计与组织实施。 ",
            "简介": "男，辽宁省沈阳市人，博士，副研究员，研究方向为农业科学数据管理。 "
        },
        {
            "姓名": "黄红娟",
            "机构": [
                "中国农业科学院植物保护研究所",
                "Institute of Plant Protection, Chinese Academy of Agricultural Sciences"
            ],
            "贡献": "杂草发生危害数据采集。 ",
            "简介": "女，陕西省汉中市人，博士，副研究员，研究方向为杂草生物生态学及综合治理。 "
        },
        {
            "姓名": "魏守辉",
            "机构": [
                "中国农业科学院植物保护研究所",
                "Institute of Plant Protection, Chinese Academy of Agricultural Sciences"
            ],
            "贡献": "杂草发生危害数据采集。 ",
            "简介": "男，湖北省武汉市人，博士，副研究员，研究方向为杂草生物生态学及综合治理。 "
        }
    ],
    "基金": "中国农业科学院创新工程（2020CX017）；科技部科技基础性工作专项（2013FY113200）。",
    "数据集名称": "2013–2018年中国主要作物田杂草发生危害数据集",
    "数据作者": "樊景超（fanjingchao@caas.cn）；魏守辉（weishouhui@caas.cn）",
    "时间范围": "2013–2018年",
    "空间范围": "地理范围为28.4824°N–45.8273°N，111.4499°E–127.0559°E，其中包括中国安徽省、河南省、湖北省、吉林省、江苏省、山东省和浙江省。地理区域范围涉及的国家有中国。",
    "数据量": "1.62 GB",
    "数据格式": "*.xls, *.jpg",
    "数据组成": "数据集主要包含作物田杂草发生危害的文本属性数据和图像数据，其中：(1) 3392个作物田杂草文本数据，涵盖281个杂草种类，约1.7 MB；(2) 3392张作物田杂草资源图像，数据量约1.62 GB。",
    "引言": "作物田杂草是威胁农业生产的重要生物灾害之一，兼具野生植物特点和栽培作物习性，通常对环境的适应和抗逆性均很强[1]，与作物激烈竞争光照、水分、养分和生长空间等资源[2]。目前，我国农田杂草有1454种，其中难治恶性杂草有130种，通常造成作物减产10%–20%，严重时可减产50%以上甚至颗粒无收[3]。我国杂草发生危害面积年均超过14亿亩次，在每年投入235亿元草害防治费用的情况下，杂草仍会导致粮食减产达5000万吨，每年直接经济损失近千亿元[4]。保障我国粮食安全和生态安全，发展绿色高质量农产品生产，已成为现代农业发展的重要战略目标之一。阐明作物田杂草发生分布和危害状况，对草害的监测预警和精准防控具有重要意义。当前，我国作物田杂草信息数据的研究，主要集中于图像数据，通过遥感等前沿采集技术，对田间杂草进行数据采集和识别等，而缺乏对杂草实际发生危害的数量调查。张茹飞[5]等人通过低空遥感技术，测得相关数据后，创新建立了一套杂草识别和定位方法研究模型。李颖[6]等人收集田间杂草的地面成像光谱数据，提出了一种综合面向对象与高光谱特征匹配的杂草识别方法。王生生[7]等人改进传统和积网络为轻量和积网络，基于无人机遥感图像，对大豆田杂草识别方法开展研究。此外，对于有记载的可信度高的同类调查数据集，高海峰[8]等人以喀什地区泽普县为主，对喀什、和田等地的杂草种类进行了调查，形成2018–2020年南疆果麦间作麦田杂草种类调查数据库，体现了不同间作模式、不同杂草种类和麦田杂草的多样性。中国热带农业科学院环境与植物保护研究所[9]，对广东省果园多种常见杂草生物学特性进行了分析，形成分析调查数据集，含有采样地点、植物种类、处理方法、环境控制、光合作用、根系特征、化感作用等数据。本研究主要调查了玉米、小麦、茶园等农作物田杂草发生数量与危害程度，采用的调查方法为倒置“W”九点取样法[10-11]，其他可用调查方法还有七级目测法[12]和三层三级目测法[13]等。调查遍及安徽、河南、湖北、江苏、山东、浙江、吉林等省份。通过对我国主要作物田杂草组成、实际发生危害情况的实地调查，同时结合历年发生危害的资料调研，数据经过研究人员规范化整理、鉴定和录入，得到了我国主要作物田杂草的发生危害数据，填补了当前我国杂草相关数据资源的空白。本数据集共记载了3392条发生量记录。每条记录记载了每个物种的中文名、学名、调查对象、资源归类编码（可选）、调查省份、调查地点、经度、纬度、海拔、作物种类、作物生育期（可选）、寄主（可选）、图像、调查人、调查时间、调查编号、用药情况（可选）、发生密度、发生频度、植株高度（可选）、发生盖度（可选）、植株鲜重（可选）、发生优势度等信息，可以提供给相关技术人员使用和分析。",
    "数据采集和处理方法": "本数据集是基于中国农业科学院创新工程（2020CX017）、国家科技基础性工作专项“主要农作物有害生物及其天敌资源调查”（2013FY113200），对其完成的主要作物田杂草实际发生数量的调查内容，进行数据信息的规范化整理，结合历年文献数据等资料调研，最终得到的我国主要作物田杂草发生危害数据。1.1数据采集本数据集通过野外实地调查，记载我国主要作物田草害组成、发生危害情况，同时与历年发生危害的资料调研相结合。其中经纬度、海拔等地理数据是根据Garmin系列手持GPS接收信息填写，照片通过Canon相机、Leica显微镜相机以及Huawei、iPhone各型号手机等拍摄。株高、鲜重等数据为米尺、卷尺、电子秤或弹簧秤等科学仪器观测产生，盖度、频度等为现场调查值，由实验操作人员仔细记录。现场记录表格如表1所示。最初获得发生危害有关的原始数据，经过加工筛选，剔除不完整有缺失的数据后，或与其他有记载的同类型可信度高的调查数据比较后，逐一整理汇交。数据采集时间为2013年7月至2018年4月。下载表1主要作物田杂草调查表地点：省市县（乡）镇村经度：纬度：海拔：作物：生育期：栽培方式：上年茬口：当年前茬：土壤肥力：调查时间：年月日杂草名称样点备注123456株数盖度重量株数盖度重量株数盖度重量株数盖度重量株数盖度重量株数盖度重量1.2杂草群落调查方法本数据集采用倒置“W”9点取样法进行取样，每块样方面积不小于0.25m2（50cm×50cm），用GPS测量样地的经度、纬度、海拔，记录样地的地理信息、土壤类型、种植制度及除草剂应用历史，记载杂草的发生种类、密度、危害作物（具体品种、生长状况）、杂草覆盖度（百分比）、株高或鲜重等。如地块面积为240×280步，在田间调查时，可沿地边向前走70步，向右转后向地里走24步，开始倒置“W”9点的第一点取样，第1点调查结束后，向纵深前方走70步，再向右转后向地里走24步，开始第2点取样，用同样的方法（如图1所示）完成9点取样。图1倒置“W”9点取样示意图1.3数据数字化加工作物田杂草发生危害数据集的主体部分是文本信息，形式为表格文件。每一条数据都是以真实的野外调查情况为数据来源，经由实验操作人员认真仔细记录，比对处理后，整合成完整的数据集。各指标的单位确定和计算公式均严格遵循《农田杂草调查技术规范》[14]。作物田杂草发生危害数据集的整理加工步骤为：第一步，实验操作人员参考《中国杂草志》[15]或《中国植物志》[16]，熟悉常见的作物田杂草种类；第二步，根据《农田杂草调查技术规范》[14]，实验操作人员进行野外实地调查，并仔细记录在Excel文件中；第三步，研究人员对数据进行规范化整理，鉴定、加工、筛选不合理数据；第四步，研究人员对同一数据项不同调查单位不同仪器进行对比测量，或与其他有记载的同类型可信度高的调查数据比较后，逐一整理汇交；第五步，研究人员把经过加工整理过的数据上传到数据汇交系统，开放共享。在杂草发生危害数据的采集过程中，研究人员逐条对数据进行审核后，提交的数字化数据经由专业领域专家进行审核，形成Excel表格文件，实体储存介质为硬盘，作为原始文件进行归档保存。此外，本数据集通过国家农业科学数据中心的数据汇交系统，提交到共享平台，实现网络共享。",
    "数据描述": "作物田杂草发生危害数据集涵盖281种杂草资源，调查遍及安徽、河南、湖北、江苏、山东、浙江、吉林7个省份，共3392条记录，形成一个Excel表格文件。其中，数据集中描述规范的字段数量分别为：安徽省小麦作物田杂草记录383条，河南省玉米作物田杂草记录904条，湖北省小麦作物田杂草记录275条，江苏省小麦作物田杂草记录237条，山东省小麦作物田杂草记录220条，浙江省茶叶田杂草记录818条，吉林省玉米作物田杂草记录555条。2.1文件说明本数据集记载的文本属性数据，共有3392条发生量记录。数据要素项包括：发生ID、中文名、学名、调查对象、资源归类编码（可选）、调查省份、调查地点、经度、纬度、海拔、作物种类、作物生育期（可选）、寄主（可选）、图像、调查人、调查时间、调查编号、用药情况（可选）、发生密度、发生频度、植株高度（可选）、发生盖度（可选）、发生优势度、调查单位、共享方式、获取途径（可选）、联系人、单位、地址、邮编、电话、E-mail。内容说明如表2所示，可以提供给相关技术人员分析使用。数据集内容表征的时间频度，为杂草的年发生数量；内容表征的空间粒度，分省、分县、分村、农场、团场等。其中，调查编号的命名规则为：省份首字母+城市首字母+作物种类编号+杂草种类编号，小麦编号为X，玉米编号为Y，茶编号为C；例如，山东省临沂市兰陵县二庙乡小麦田采集的第3个样方的杂草，调查编号为：SLX3。发生密度为单位面积内某种杂草的株数或分蘖数。发生频度为某种杂草出现的样方数占调查总样方数的百分比。植株鲜重为单位面积内某种杂草地上部植株的总鲜重。发生优势度为某种杂草在杂草群落中所占的比重，即该种杂草的相对频度、相对鲜重、相对密度之和的平均值。相对频度=（某种杂草的频度/各种杂草的频度和）×100%。相对鲜重=（某种杂草的平均鲜重/各种杂草的鲜重和）×100%。相对密度=（某种杂草的平均密度/各种杂草的密度和）×100%。所有指标的计算方式均严格遵循《农田杂草调查技术规范》[14]。下载表2数据要素项内容说明要素项（字段）字段度量单位字段代码说明发生ID由3个英文字母和5个阿拉伯数字组成F发生危害；A所有作物；W草害中文名/物种中文名称学名/物种的拉丁名资源归类编码(可选)/无调查省份/调查所在的省份调查对象/杂草经度小数点后保留四位经度纬度小数点后保留4位纬度海拔小数点后保留2位海拔调查地点/调查的县级及以下单位作物种类/调查的作物种类作物生育期(可选)/调查时作物所处生育期寄主(可选)/作物种类及为害部位图像/现场调查图像调查人/调查人调查时间由年月日表示调查时间调查编号/调查编号用药情况(可选)/用药情况发生密度株/m2发生密度发生频度%杂草发生频度植株高度（可选）cm杂草的高度发生盖度（可选）%杂草盖度植株鲜重（可选）g杂草地上部植株的总鲜重发生优势度%发生优势度调查单位/调查人所在单位共享方式/完全开放共享获取途径(可选)/邮寄联系人/联系人单位/联系人所在单位地址/联系人所在单位地址邮编/联系人所在单位邮编电话/联系人所在单位电话E-mail/联系人邮箱2.2数据资源实体共享本数据集的共享方式为完全开放共享，相关网络访问和下载服务交由数据汇交管理机构（国家农业科学数据中心）提供。",
    "数据质量": "3.1数据来源作物田杂草发生危害数据信息的主要来源有野外监测、考察调查、实验试验数据等。结合历年发生危害的资料调研，由专业人员规范记录。数据由专业技术人员使用工具测量生产，均保留有原始数据，未经加工处理，从而保证数据的原始可靠性。杂草种类的鉴定和命名主要依据《中国杂草志》[14]和《中国植物志》[15]，调查前预先悉知作物田杂草种类，并在野外实地调查过程中，对一些罕见杂草进行识别确认，保证了数据资源的准确性。3.2数据处理规范本研究中，数据采集方法严格按照《农田杂草调查技术规范》[16]进行，严格遵守该规范所规定的农田杂草调查的内容、取样方式、数据处理以及分析方法。该规范由中国农业科学院植物保护研究所制定，经由国家农业科学数据中心整理发布。该规范是在分析相关已有调查方法的基础上研究制定的，具有科学性和历史逻辑性，适用于调查主要作物田杂草的发生分布、种群动态和危害水平。在该规范下建立的作物田杂草发生危害数据集，能够对我国常见作物田杂草的种类以及发生危害数量进行全面、统一、科学、完整收集和整合。并且本数据集收集记录的数据均为原始数据，并未进行大量加工处理，只完成了不合理数据的剔除，因此能够反映最真实的田间调查结果。再通过国家农业科学数据中心对其进行整理发布，开放共享，合理提高数据集的开发利用价值。",
    "数据价值": "本数据集通过野外实地调查，获得原始、真实、反映实际情况的杂草发生危害数据资源。通过对本数据集的分析与利用，可以明确我国主要作物田主产省份的杂草发生危害状况，分析其发展趋势，从而提出因地制宜的草害防治对策[17-18]，并结合生物生态或化学方法进行杂草防控[19]。此外，针对本数据集中的图像数据资源，可以对杂草的图像识别进行研究，开发杂草识别模型系统等，为我国杂草的智能防控提供技术支撑[20-21]。",
    "引用格式": "魏守辉. 2013–2018年中国主要作物田杂草发生危害数据[DB/OL]. 国家农业科学数据中心, 2020. (2020-10-12). DOI: 10.12205/asda.j00003.00005. "
}