{
    "类目名称": "中国生物多样性数据集专题",
    "名称": "中国贵州省中三叠世胡氏贵州龙（爬行纲：鳍龙超目）头骨μCT扫描数据集",
    "资源信息链接地址": "http://www.dx.doi.org/10.11922/sciencedb.j00001.00271",
    "摘要": "摘要：胡氏贵州龙（Keichousaurus hui）是一种产自贵州省兴义市及其邻区的中三叠世拉丁期法郎组竹竿坡段的小型鳍龙类。它是我国最早发现、研究与命名的三叠纪海生爬行动物，也是始鳍龙类在亚洲的首次报道，对于理解鳍龙类的地理分布和演化具有重要意义。本文提供一件胡氏贵州龙归入标本（GMPKU-P-3406）头骨的高精度X射线CT扫描数据集，包括CT原始图片数据，拼合的完整头骨图像堆栈，3D pdf，视频和可用于3D打印的stl格式文件。CT原始图片数据和拼合的完整头骨图像堆栈有助于鳍龙类形态学和系统学的进一步研究。3D pdf，视频和基于stl文件打印的3D模型可用于中国三叠纪海生爬行动物的科研、教学、科普和文创。",
    "关键词": "鳍龙类；胡氏贵州龙；三叠纪；头骨；CT",
    "参考引用": [
        {
            "名称": "秦燕娇， 喻美艺， 罗永明. 胡氏贵州龙的个体发育研究[J]. 贵州地质， 2014, 31(3): 210–214, 205. DOI:10.3969/j.issn.1000-5943.2014.03.009.",
            "资源信息链接地址": "http://xueshu.baidu.com/s?wd= 胡氏贵州龙的个体发育研究"
        },
        {
            "名称": "HOLMES R, CHENG Y N, WU X C. New information on the skull of Keichousaurus hui (Reptilia: Sauropterygia) with comments on sauropterygian interrelationships[J]. Journal of Vertebrate Paleontology, 2008, 28(1): 76–84. ",
            "资源信息链接地址": "10.1671/0272-4634(2008)28"
        },
        {
            "名称": "杨钟健. 贵州新发现的肿肋龙化石[J]. 古脊椎动物学报， 1958, 2 (2–3): 69–81.",
            "资源信息链接地址": "http://xueshu.baidu.com/s?wd= 贵州新发现的肿肋龙化石"
        },
        {
            "名称": "赵丽君， 王立亭， 李淳. 中国三叠纪海生爬行动物化石研究的回顾与进展[J]. 古生物学报， 2008, 47: 232–239.",
            "资源信息链接地址": "http://xueshu.baidu.com/s?wd= 中国三叠纪海生爬行动物化石研究的回顾与进展"
        },
        {
            "名称": "LIN K, RIEPPEL O. Functional morphology and ontogeny of Keichousaurus hui (Reptilia, Sauropterygia)[J]. Fieldiana (Geology), 1998, 39: 1–35.",
            "资源信息链接地址": "http://xueshu.baidu.com/s?wd= Functional morphology and ontogeny of Keichousaurus hui (Reptilia, Sauropterygia)"
        },
        {
            "名称": "CHENG Y N, WU X C, JI Q. Triassic marine reptiles gave birth to live young[J]. Nature, 2004, 432(7015): 383–386. DOI:10.1038/nature03050.",
            "资源信息链接地址": "http://xueshu.baidu.com/s?wd= Triassic marine reptiles gave birth to live young"
        },
        {
            "名称": "付宛璐， 张璇， 季承， 等. 贵州兴义中三叠世胡氏贵州龙形态特征及生殖方式初探[J]. 北京大学学报(自然科学版), 2013, 49(5): 839–846. DOI:10.13209/j.0479-8023.2013.112.",
            "资源信息链接地址": "http://xueshu.baidu.com/s?wd= 贵州兴义中三叠世胡氏贵州龙形态特征及生殖方式初探"
        },
        {
            "名称": "XUE Y, JIANG D, MOTANI R, et al. New information on sexual dimorphism and allometric growth in Keichousaurus hui, a pachypleurosaur from the Middle Triassic of Guizhou, South China[J]. Acta Palaeontologica Polonica, 2015, 60 (3): 681–687.",
            "资源信息链接地址": "http://xueshu.baidu.com/s?wd= New information on sexual dimorphism and allometric growth in Keichousaurus hui, a pachypleurosaur from the Middle Triassic of Guizhou, South China"
        },
        {
            "名称": "MOTANI R, JIANG D Y, RIEPPEL O, et al. Adult sex ratio, sexual dimorphism and sexual selection in a Mesozoic reptile[J]. Proceedings of the Royal Society B: Biological Sciences, 2015, 282(1815): 20151658. DOI:10.1098/rspb.2015.1658.",
            "资源信息链接地址": "http://xueshu.baidu.com/s?wd= Adult sex ratio, sexual dimorphism and sexual selection in a Mesozoic reptile"
        },
        {
            "名称": "LIN W B, JIANG D Y, RIEPPEL O, et al. Panzhousaurus rotundirostris Jiang et al., 2019 (Diapsida: Sauropterygia) and the recovery of the monophyly of Pachypleurosauridae[J]. Journal of Vertebrate Paleontology, 2021: e1901730. DOI:10.1080/02724634.2021.1901730.",
            "资源信息链接地址": "http://xueshu.baidu.com/s?wd= Panzhousaurus rotundirostris Jiang et al., 2019 (Diapsida: Sauropterygia) and the recovery of the monophyly of Pachypleurosauridae"
        },
        {
            "名称": "易鸿宇， 周长付， 高克勤. 中国侏罗纪原始辽翼龙（爬行纲：翼龙目）头骨CT三维形态数据集[J/OL]. 中国科学数据， 2017, 2(4). (2017-12-22). DOI: 10.11922/csdata.2017.22.zh.",
            "资源信息链接地址": "http://xueshu.baidu.com/s?wd= 中国侏罗纪原始辽翼龙（爬行纲：翼龙目）头骨CT三维形态数据集"
        }
    ],
    "作者": [
        {
            "姓名": "殷亚磊",
            "机构": [
                "北京大学，地球与空间科学学院，北京 100871",
                "School of Earth and Space Sciences  , School of Earth and Space Sciences, Peking University, Beijing 100871, P. R China"
            ],
            "贡献": "主要承担工作：标本扫描，CT数据处理，3D pdf及视频制作，文本撰写和修改。",
            "简介": "（1992—），男，河南省周口市人，在读博士，研究方向为中生代爬行动物的分类与演化。"
        },
        {
            "姓名": "周敏",
            "机构": [
                "北京大学，地球与空间科学学院，北京 100871",
                "School of Earth and Space Sciences  , School of Earth and Space Sciences, Peking University, Beijing 100871, P. R China"
            ],
            "贡献": "主要承担工作：文本修改。",
            "简介": "（1988—），女，山东省聊城市人，博士，工程师，研究方向为早三叠世鱼龙类的分类学和谱系分析。"
        },
        {
            "姓名": "鲁昊",
            "机构": [
                "北京大学，考古文博学院，北京 100871",
                "School of Archaeology and Museology, Peking University, Beijing 100871, P. R China"
            ],
            "贡献": "主要承担工作：CT数据处理，文本修改。 ",
            "简介": "（1985—），男，河南省开封市人，博士，博士后，研究方向为古玉石器、石窟寺考古与保护，中生代海生爬行动物的分类与演化。"
        }
    ],
    "基金": "国家自然科学基金（41920104001、41572008、40920124002、41372016）",
    "数据集名称": "中国贵州省中三叠世胡氏贵州龙（爬行纲：鳍龙超目）头骨µCT扫描数据集",
    "数据作者": "鲁昊（luchengze@pku.edu.cn）",
    "样品地质年代": "中三叠世拉丁期法郎组竹杆坡段，240.8±1.8百万年前。",
    "空间范围": "化石产自贵州省兴义市",
    "扫描精度": "7.1 µm",
    "数据量": "75.6 GB",
    "数据格式": "*.tiff, *.xteckt, *.stl, *.pdf, *.avi",
    "数据组成": "数据集由7部分数据组成：（1）Keichousaurus1.zip为头骨第一段CT扫描投影图（.tiff）和一个扫描参数文本文件（.xteckt），数据量21 GB；（2）Keichousaurus2.zip为头骨第二段CT扫描投影图（.tiff）和一个扫描参数文本文件（.xteckt），数据量21.5 GB；（3）Keichousaurus3.zip为头骨第三段CT扫描投影图（.tiff）和一个扫描参数文本文件（.xteckt），数据量21.8 GB；（4）Keichousaurus4.zip为完整头骨图像堆栈（.tiff），数据量11 GB；（5）Keichousaurus5.zip为头骨动画视频（.avi），数据量12.9 MB；（6）Keichousaurus6.zip为三维模型（.stl），数据量222.4 MB；（7）Keichousaurus7.zip为头骨的3D pdf，数据量171.6 MB。",
    "数据采集和处理方法": "1.1化石样品机械修理标本头骨首先通过机械修理与其他骨骼分离开来，以方便进行CT扫描。之后，在实体显微镜下对头骨周围的围岩进行剥离，以提高扫描效果。最后，在化石表面涂抹一层B72（甲基丙烯酸乙酯共聚物），以加固化石和防止化石被腐蚀。该步骤在北京大学地质博物馆完成。1.2µCT扫描与数据预处理胡氏贵州龙归入标本的扫描工作在中国地质科学院地质研究所古生物重点实验室，使用高精度X射线扫描仪（NikonXTH225ST）完成。扫描过程中，X光以垂直于样品的最长轴方向照射样品。为了提高扫描的空间分辨率，本研究采用分段扫描的方式进行（图1）。一段扫描完成后，将标本沿其长轴向下移动。移动过程中，确保相邻两段扫描存在一定重叠区域，并确保是在相同扫描参数下进行扫描，以便后续图像拼接。本次头骨的扫描被分成3段进行。扫描参数设置如下：电压为180kV，电流为89μA，空间分辨率为7.1μm，曝光时间为1秒。扫描结束后，将CT机产生的投影图用其自带的三维重构软件（CT-pro3D）进行相位恢复和重构后，将生成的3个体积文件分别导入VGStudioMax3.0，导出Tiff格式的图像堆栈。然后将3个图像堆栈导入Figi软件进行拼合，得到一个完整的胡氏贵州龙头骨的图像堆栈。此完整的胡氏贵州龙头骨图像堆栈用于下一步三维建模。图1胡氏贵州龙归入标本GMPKU-P-3406照片以及µCT扫描方案1.3µCT数据的三维重建本研究使用VGStudioMax3.0对胡氏贵州龙的头骨进行三维重建。三维重建于中国地质科学院地质研究所完成。此外，还可用Mimics，Drishiti和Avizo等软件完成三维重建。重建过程如下：第一步，数据导入。将4755张tiff格式图像沿头骨的长轴方向导入软件VGStudioMax3.0进行叠覆。并将工程文件保存为vgl格式。第二步，三维重建。针对头骨、下颌、外翼骨和舌骨分别建立感兴趣区。在本文中采用手动的方式进行三维建模。手动重建后，使用平滑和修正的功能对感兴趣区进行处理以使其形态以更加自然的方式呈现。第三步，视频制作。在三维窗口中，将标本移动至屏幕中央。通过软件自带默认曲线：圆（C）选项功能，将头骨保存为沿长轴方向旋转的视频文件，格式为avi。第四步，stl文件存储。将每一个重建的感兴趣区进行表面测定，然后导出stl文件。上述步骤完成后，将导出的stl格式的文件，依次导入Adobe3DReviewer，调整颜色后，保存为3Dpdf。",
    "数据描述": "本次研究标本是胡氏贵州龙的归入标本，收藏于北京大学地质博物馆，编号为GMPKU-P-3406。CT扫描仪仅针对该标本的头骨部分。其头骨长约30毫米，最大宽约11毫米。胡氏贵州龙系统分类位置如下：双孔亚纲DiapsidaOsborn,1903鳍龙超目SauropterygiaOwen,1860始鳍龙目EosauropterygiaRieppel,1994胡氏贵州龙KeichousaurushuiYoung,1958对胡氏贵州龙头骨的CT扫描与三维重建，不仅可以清楚地展示实体显微镜下难以观察到的特征，而且可以更清楚地展示已观察到的特征。如顶孔，外翼骨出现，舌骨呈棒状，方骨窝（quadratefossa）出现，前部边缘齿不仅呈匍匐状而且上颌齿向腹侧弯曲、下颌齿向背侧弯曲（图2）。图2胡氏贵州龙归入标本GMPKU-P-3406头骨三维重建图A.背视；B.腹视",
    "数据质量": "本样品扫描精度为7.1µm。扫描结果对头骨上的孔、跟周围骨骼分离的骨块和牙齿有较好的展现，但对其他骨骼展现较差。造成此种情况的原因是标本本身保存的状况。其一，该头骨化石内部存在部分黄铁矿化的现象。其二，该标本为海生爬行动物的化石标本，其骨骼（主要由磷酸钙组成）和围岩（主要由碳酸钙组成）的密度差较小。这两种情况导致CT扫描图片中骨骼和围岩的区分度较低。尽管如此，上述客观情况并不影响整个头骨的形态学重建与观察。",
    "数据价值": "本数据集提供了中国贵州省中三叠世胡氏贵州龙（爬行纲：鳍龙超目）头骨µCT扫描数据。其中，CT原始图片数据和拼合的完整头骨图像堆栈可作为鳍龙类形态学和系统学进一步研究的基础。3Dpdf可以360°人机交互式呈现胡氏贵州龙的头骨形态，有助于科研人员理解该物种的头骨信息。视频经下载后，可让普通大众和学生来了解和认识中国最早发现的三叠纪海生爬行动物胡氏贵州龙。使用stl文件进行3D打印的胡氏贵州龙模型不仅可用于科研、教学和科普，还可作为文创产品来丰富我们的物质生活。",
    "引用格式": "殷亚磊, 周敏, 鲁昊. 中国贵州省中三叠世胡氏贵州龙（爬行纲：鳍龙超目）头骨μCT扫描数据集[DB/OL]. Science Data Bank, 2021. (2021-08-17). DOI: 10.11922/sciencedb.j00001.00271."
}