{
    "类目名称": "中国积雪特性及分布调查",
    "名称": "2002–2021年青海省积雪日数遥感监测数据集",
    "资源信息链接地址": "http://dx.doi.org/10.12072/ncdc.I-SNOW.db0021.2021",
    "摘要": "摘要：青藏高原内积雪的动态变化对区域能量平衡以及水文、气候和生态环境具有重要的影响。因青藏高原季节性积雪多呈现出雪层偏浅、斑块分布且消融较快等特征，积雪日数能更好地体现其时空分布状况。以空间分辨率为500 m的MODIS-NDSI数据为基础，通过逐日积雪覆盖范围提取、积雪日数合成和站点数据校正等步骤，制作了青海省逐雪季年积雪日数遥感监测数据集，并经51个地面气象台站观测资料同期对比，R2在0.75–0.93，平均相对误差25%，表明数据具有较高精度。本数据集将为积雪动态变化监测、雪灾评估和气候变化等研究工作提供数据支撑。",
    "关键词": "青藏高原；积雪日数；气象站点；NDSI",
    "参考引用": [
        {
            "名称": "POKHREL Y, FELFELANI F, SATOH Y, et al. Global terrestrial water storage and drought severity under climate change[J]. Nature Climate Change, 2021, 11(3): 226–233. DOI:10.1038/s41558-020-00972-w.",
            "资源信息链接地址": "http://xueshu.baidu.com/s?wd= Global terrestrial water storage and drought severity under climate change"
        },
        {
            "名称": "冯松, 汤懋苍, 王冬梅. 青藏高原是我国气候变化启动区的新证据[J]. 科学通报, 1998, 43(6): 633–636. DOI:10.1360/csb1998-43-6-633. [FENG S, TANG M C, WANG D M. New evidence for the Qinghai-Xizang (Tibet) Plateau as a pilot region of climatic fluctuation in [J]. Chinese Science Bulletin, 1998, 43(6): 633–636. ",
            "资源信息链接地址": "10.1360/csb1998-43-6-633. [FENG S, TANG M C, WANG D M. New evidence for the Qinghai-Xizang (Tibet) Plateau as a pilot region of climatic fluctuation in"
        },
        {
            "名称": "段安民, 肖志祥, 吴国雄. 1979—2014年全球变暖背景下青藏高原气候变化特征[J]. 气候变化研究进展, 2016, 12(5): 374–381. DOI:10.12006/j.issn.1673-1719.2016.039.[DUAN A M, XIAO Z X, WU G X. Characteristics of climate change over the Tibetan Plateau under the global warming during 1979-2014[J]. Climate Change Research, 2016, 12(5): 374–381. ",
            "资源信息链接地址": "10.12006/j.issn.1673-1719.2016.039.[DUAN A M, XIAO Z X, WU G X. Characteristics of climate change over the Tibetan Plateau under the global warming during 1979-2014"
        },
        {
            "名称": "黄晓东, 李旭冰, 刘畅宇, 等. 青藏高原积雪范围和雪深/雪水当量遥感反演研究进展及挑战[J]. 冰川冻土, 2019, 41(5): 1138–1149. DOI:10.7522/j.issn.1000-0240.2019.0529.[HUANG X D, LI X B, LIU C Y, et al. Remote sensing inversion of snow cover extent and snow depth/snow water equivalent on the Qinghai-Tibet Plateau: advance and challenge[J]. Journal of Glaciology and Geocryology, 2019, 41(5): 1138–1149. ",
            "资源信息链接地址": "10.7522/j.issn.1000-0240.2019.0529.[HUANG X D, LI X B, LIU C Y, et al. Remote sensing inversion of snow cover extent and snow depth/snow water equivalent on the Qinghai-Tibet Plateau: advance and challenge"
        },
        {
            "名称": "王建, 车涛, 李震, 等. 中国积雪特性及分布调查[J]. 地球科学进展, 2018, 33(1): 12–26. DOI:10.11867/j.issn.1001-8166.2018.01.0012. [WANG J, CHE T, LI Z, et al. Investigation on snow characteristics and their distribution in China[J]. Advances in Earth Science, 2018, 33(1): 12–26. ",
            "资源信息链接地址": "10.11867/j.issn.1001-8166.2018.01.0012. [WANG J, CHE T, LI Z, et al. Investigation on snow characteristics and their distribution in China"
        },
        {
            "名称": "车涛, 郝晓华, 戴礼云, 等. 青藏高原积雪变化及其影响[J]. 中国科学院院刊, 2019, 34(11): 1247–1253. DOI:10.16418/j.issn.1000-3045.2019.11.007. [CHE T, HAO X H, DAI L Y, et al. Snow cover variation and its impacts over the Qinghai-Tibet Plateau[J]. Bulletin of Chinese Academy of Sciences, 2019, 34(11): 1247–1253. ",
            "资源信息链接地址": "10.16418/j.issn.1000-3045.2019.11.007. [CHE T, HAO X H, DAI L Y, et al. Snow cover variation and its impacts over the Qinghai-Tibet Plateau"
        },
        {
            "名称": "周敏强, 王云龙, 梁慧, 等. 青藏高原Soumi-NPP和MODIS积雪范围产品的对比分析[J]. 冰川冻土, 2019, 41(1): 36–44. DOI:10.7522/j.issn.1000-0240.2018.0320. [ZHOU M Q, WANG Y L, LIANG H, et al. Comparative analysis of the snow coverage products of Soumi-NPP and MODIS in the Qinghai-Tibet Plateau[J]. Journal of Glaciology and Geocryology, 2019, 41(1): 36–44. ",
            "资源信息链接地址": "10.7522/j.issn.1000-0240.2018.0320. [ZHOU M Q, WANG Y L, LIANG H, et al. Comparative analysis of the snow coverage products of Soumi-NPP and MODIS in the Qinghai-Tibet Plateau"
        },
        {
            "名称": "HUANG X D, DENG J, WANG W, et al. Impact of climate and elevation on snow cover using integrated remote sensing snow products in Tibetan Plateau[J]. Remote Sensing of Environment, 2017, 190: 274–288. DOI:10.1016/j.rse.2016.12.028.",
            "资源信息链接地址": "http://xueshu.baidu.com/s?wd= Impact of climate and elevation on snow cover using integrated remote sensing snow products in Tibetan Plateau"
        },
        {
            "名称": "ESTILOW T W, YOUNG A H, ROBINSON D A. A long-term Northern Hemisphere snow cover extent data record for climate studies and monitoring[J]. Earth System Science Data, 2015, 7(1): 137–142. DOI:10.5194/essd-7-137-2015.",
            "资源信息链接地址": "http://xueshu.baidu.com/s?wd= A long-term Northern Hemisphere snow cover extent data record for climate studies and monitoring"
        },
        {
            "名称": "JIANG Y S, CHEN F, GAO Y H, et al. Using multisource satellite data to assess recent snow-cover variability and uncertainty in the Qinghai–Tibet Plateau[J]. Journal of Hydrometeorology, 2019, 20(7): 1293–1306. DOI:10.1175/jhm-d-18-0220.1.",
            "资源信息链接地址": "http://xueshu.baidu.com/s?wd= Using multisource satellite data to assess recent snow-cover variability and uncertainty in the Qinghai–Tibet Plateau"
        },
        {
            "名称": "杨昊轩.基于NPP-VIIRS DNB夜间灯光日数据的青藏高原积雪探测[D].华东师范大学, 2020.DOI:10.27149/d.cnki.ghdsu.2020.000329.[YANG H X. Snow Cover Detection over the Tibetan Plateau Using Daily Nighttime Light Data from NPP-VIIRS DNB[D]. East China Normal University,2020. ",
            "资源信息链接地址": "10.27149/d.cnki.ghdsu.2020.000329.[YANG H X. Snow Cover Detection over the Tibetan Plateau Using Daily Nighttime Light Data from NPP-VIIRS DNB"
        },
        {
            "名称": "黄晓东.青藏高原地区MODIS逐日无云积雪产品（2002-2010年）[DS/OL].国家冰川冻土沙漠科学数据中心,2018. (2018-3-23). ",
            "资源信息链接地址": "10.12072/ncdc.Westdc.db0022.2020. [HUANG X D. MODIS daily cloudless snow products in Qinghai-Tibet Plateau (2002-2010)"
        },
        {
            "名称": "YU J Y, ZHANG G Q, YAO T D, et al. Developing daily cloud-free snow composite products from MODIS Terra–aqua and IMS for the Tibetan Plateau[J]. IEEE Transactions on Geoscience and Remote Sensing, 2016, 54(4): 2171–2180. DOI:10.1109/TGRS.2015.2496950.",
            "资源信息链接地址": "http://xueshu.baidu.com/s?wd= Developing daily cloud-free snow composite products from MODIS Terra–aqua and IMS for the Tibetan Plateau"
        },
        {
            "名称": "邱玉宝,郭华东,除多,等.青藏高原MODIS逐日无云积雪面积数据集(2002-2015) [DS/OL]. Science Data Bank, 2016. DOI: 10.11922/csdata.170.2016.0003. [QIU Y B, GUO H D, CHU D, et al. MODIS daily cloud-free snow cover product over the Tibetan Plateau (2002-2015) [DS/OL]. National Tibetan Plateau Data Center, 2016.",
            "资源信息链接地址": "10.11922/csdata.170.2016.0003. [QIU Y B, GUO H D, CHU D, et al. MODIS daily cloud-free snow cover product over the Tibetan Plateau (2002-2015)"
        },
        {
            "名称": "唐志光, 王建, 李弘毅, 等. 青藏高原MODIS积雪面积比例产品的精度验证与去云研究[J]. 遥感技术与应用, 2013, 28(3): 423–430. DOI:CNKI:SUN:YGJS.0.2013-03-013. [TANG Z G, WANG J, LI H Y, et al. Accuracy validation and cloud obscuration removal of MODIS fractional snow cover products over Tibetan Plateau[J]. Remote Sensing Technology and Application, 2013, 28(3): 423–430. ",
            "资源信息链接地址": "CNKI:SUN:YGJS.0.2013-03-013. [TANG Z G, WANG J, LI H Y, et al. Accuracy validation and cloud obscuration removal of MODIS fractional snow cover products over Tibetan Plateau"
        },
        {
            "名称": "李培基, 米德生. 中国积雪的分布[J]. 冰川冻土, 1983, 5(4): 9–18. [LI P J, MI D S. Distribution of snow cover in China[J]. Journal of Glaciology and Geocryology, 1983, 5(4): 9–18.]",
            "资源信息链接地址": "http://xueshu.baidu.com/s?wd= 中国积雪的分布[J]. 冰川冻土, 1983, 5(4): 9–18. [LI P J, MI D S. Distribution of snow cover in China"
        },
        {
            "名称": "唐志光, 王建, 王欣, 等. 基于MODIS数据的青藏高原积雪日数提取与时空变化分析[J]. 山地学报, 2017, 35(3): 412–419. DOI:10.16089/j.cnki.1008-2786.000237. [TANG Z G, WANG J, WANG X, et al. Extraction and spatiotemporal analysis of snow covered days over Tibetan Plateau based on MODIS data[J]. Mountain Research, 2017, 35(3): 412–419. ",
            "资源信息链接地址": "10.16089/j.cnki.1008-2786.000237. [TANG Z G, WANG J, WANG X, et al. Extraction and spatiotemporal analysis of snow covered days over Tibetan Plateau based on MODIS data"
        },
        {
            "名称": "ZHANG H B, ZHANG F, ZHANG G Q, et al. Ground-based evaluation of MODIS snow cover product V6 across China: implications for the selection of NDSI threshold[J]. Science of the Total Environment, 2019, 651: 2712–2726. DOI:10.1016/j.scitotenv.2018.10.128.",
            "资源信息链接地址": "http://xueshu.baidu.com/s?wd= Ground-based evaluation of MODIS snow cover product V6 across China: implications for the selection of NDSI threshold"
        },
        {
            "名称": "高扬, 郝晓华, 和栋材, 等. 基于不同土地覆盖类型NDSI阈值优化下的青藏高原积雪判别[J]. 冰川冻土, 2019, 41(5):1162–1172. DOI:10.7522/j.issn.1000-0240.2019.1155. [GAO Y, HAO X H, HE D C, et al. Snow cover mapping algorithm in the Tibetan Plateau based on NDSI threshold optimization of different land cover types[J]. Journal of Glaciology and Geocryology, 2019, 41(5):1162–1172. ",
            "资源信息链接地址": "10.7522/j.issn.1000-0240.2019.1155. [GAO Y, HAO X H, HE D C, et al. Snow cover mapping algorithm in the Tibetan Plateau based on NDSI threshold optimization of different land cover types"
        },
        {
            "名称": "刘时银, 郭万钦, 许君利. 中国第二次冰川编目数据集（V1.0）[DS/OL]. 国家冰川冻土沙漠科学数据中心,2019. ",
            "资源信息链接地址": "10.12072/ncdc.Westdc.db0006.2020. [LIU S Y, GUOW Q, XU J L. The second glacial catalogue data set of China (v1.0)"
        },
        {
            "名称": "刘俊峰, 陈仁升. 基于MODIS双卫星积雪遥感数据的积雪日数空间分布研究[J]. 冰川冻土, 2011, 33(3):504–511. [LIU J F, CHEN R S. Validation of MODIS snow covered days by the combined using of MODIS aqua and Terra snow cover products and in situ observations all over China[J]. Journal of Glaciology and Geocryology, 2011, 33(3): 504–511.]",
            "资源信息链接地址": "http://xueshu.baidu.com/s?wd= 基于MODIS双卫星积雪遥感数据的积雪日数空间分布研究[J]. 冰川冻土, 2011, 33(3):504–511. [LIU J F, CHEN R S. Validation of MODIS snow covered days by the combined using of MODIS aqua and Terra snow cover products and in situ observations all over China"
        }
    ],
    "作者": [
        {
            "姓名": "李晓东",
            "机构": [
                "青海省气象科学研究所 西宁  810008 中国",
                "Institute of Qinghai Meteorological Science Research, Xining  810008, P.R. China",
                "青海省防灾减灾重点实验室 西宁  810008 中国",
                "Key Laboratory of Disaster Prevention and Mitigation of Qinghai Province, Xining  810008, P.R. China",
                "青海省气象局 西宁  810008 中国",
                "Qinghai Meteorological Bureau, Xining  810008, P.R. China"
            ],
            "贡献": "论文撰写，数据质量控制。",
            "简介": "李晓东（1985—），男，青海省贵德县人，高级工程师，研究方向为生态环境和气候变化研究。"
        },
        {
            "姓名": "李林",
            "机构": [
                "青海省气象局 西宁  810008 中国",
                "Qinghai Meteorological Bureau, Xining  810008, P.R. China"
            ],
            "贡献": "论文修改，数据分析。",
            "简介": "李林（1971—），男，甘肃省永登县人，正研级高级工程师，研究方向为气候变化研究。"
        },
        {
            "姓名": "史飞飞",
            "机构": [
                "青海省气象科学研究所 西宁  810008 中国",
                "Institute of Qinghai Meteorological Science Research, Xining  810008, P.R. China",
                "青海省防灾减灾重点实验室 西宁  810008 中国",
                "Key Laboratory of Disaster Prevention and Mitigation of Qinghai Province, Xining  810008, P.R. China",
                "青海省气象局 西宁  810008 中国",
                "Qinghai Meteorological Bureau, Xining  810008, P.R. China",
                "青海师范大学  地理科学学院 西宁  810008 中国",
                "School of Geographical Sciences  , Qinghai Normal University, Xining  810008, P.R. China"
            ],
            "贡献": "数据制作，数据质量评估。",
            "简介": "史飞飞（1991—），男，陕西省凤翔县人，博士研究生，研究方向为生态气象监测评估。"
        },
        {
            "姓名": "苏文将",
            "机构": [
                "青海省气象科学研究所 西宁  810008 中国",
                "Institute of Qinghai Meteorological Science Research, Xining  810008, P.R. China",
                "青海省防灾减灾重点实验室 西宁  810008 中国",
                "Key Laboratory of Disaster Prevention and Mitigation of Qinghai Province, Xining  810008, P.R. China",
                "青海省气象局 西宁  810008 中国",
                "Qinghai Meteorological Bureau, Xining  810008, P.R. China"
            ],
            "贡献": "数据整理与制图。",
            "简介": "苏文将（1974—），男，青海民和县人，高级工程师，研究方向为气候变化研究。"
        },
        {
            "姓名": "肖建设",
            "机构": [
                "青海省气象科学研究所 西宁  810008 中国",
                "Institute of Qinghai Meteorological Science Research, Xining  810008, P.R. China",
                "青海省防灾减灾重点实验室 西宁  810008 中国",
                "Key Laboratory of Disaster Prevention and Mitigation of Qinghai Province, Xining  810008, P.R. China",
                "青海省气象局 西宁  810008 中国",
                "Qinghai Meteorological Bureau, Xining  810008, P.R. China"
            ],
            "贡献": "数据制作，数据质量控制。",
            "简介": "肖建设（1979—），男，河南省永城市人，正研级高级工程师，研究方向为生态环境和气候变化研究。"
        },
        {
            "姓名": "李红梅",
            "机构": [
                "青海省气象局 西宁  810008 中国",
                "Qinghai Meteorological Bureau, Xining  810008, P.R. China",
                "青海省气候中心 西宁  810008 中国",
                "Climate Center of Qinghai Province, Xining  810008, P.R. China"
            ],
            "贡献": "论文修改，数据分析。",
            "简介": "李红梅（1976—），女，山东省曹县人，正研级高级工程师，研究方向为气候变化研究。"
        }
    ],
    "基金": "科技部基础资源调查专项（2017FY10050）；国家自然科学基金（41961012，41761078）；第二次青藏高原综合科学考察研究项目（2019QZKK0106）；青海省气象科学技术重点研究项目（QXZD2021-11）；青海省科技厅科技计划项目（2019-ZJ-7036，2020-ZJ-731）。",
    "数据集名称": "2002–2021年青海省积雪日数遥感监测数据集",
    "数据作者": "史飞飞（shifeifei1203@126.com）",
    "时间范围": "2002–2021年",
    "空间范围": "青海省，地理范围包括89°35′–103°04′E，31°9′–39°19′N。",
    "空间分辨率": "500 m",
    "数据量": "544 MB",
    "数据格式": "*.tif",
    "数据组成": "数据集共包括有19个格式为tif的逐雪季年积雪日数数据。",
    "引言": "第六次IPCC评估报告指出，随着全球变暖的加剧，强降水、高温热浪等高影响气候事件将更为频繁[1]。被誉为世界“第三极”的青藏高原，对全球气候变化的反馈具有一定的“前瞻性”。近年来青藏高原部分地区异常降雪过程增多，积雪状况也发生了显著而又独特的变化[2-3]。青藏高原作为全球典型的高海拔积雪分布区以及中国和周边诸多河流的发源地，积雪消融及其变化状况对该地区乃至全球尺度的水循环、气候变化进程将产生较大影响，因而准确获积雪变化信息具有十分重要意义[4-6]。遥感具有宏观、高效和高频次等优势，能够快速实现积雪的动态监测。在近五十余年的积雪遥感监测过程中，国内外学者利用SMMR、SSM、AMSR-E等微波传感器，以及AVHRR、MODIS、SuomiNPP和FY-3MERSI等光学传感器研制了多种全球和区域尺度的积雪覆盖、积雪深度和雪水当量产品[7-10]，但受青藏高原云系旺盛、积雪斑块化严重以及积雪消融较快等因素影响，现有的全球积雪产品精度在高原地区普遍不够理想[11]。为提高积雪产品在青藏高原的监测精度，黄晓东等[12]、于金媛等[13]和邱玉宝等[14]均基于MODIS研制了逐日无云积雪产品，唐志光等[15]发展了MODIS积雪面积比例产品，上述积雪产品的监测精度均得到较大程度提高并在积雪评估研究中得到广泛应用。青藏高原雪层普遍偏浅且呈非连续性分布，在反映积雪类型分区和分布特征方面积雪日数相比其他积雪监测数据更具有代表性[16-17]，但目前积雪日数多以地面气象站的积雪观测资料为主，受青藏高原地形复杂和气象站点稀少等因素影响其对积雪信息描述存在较大不确定性。本数据集利用2002–2021年MODISV6版积雪产品中的归一化积雪指数（NormalizedDifferenceSnowIndex，NDSI）等数据，通过逐日积雪覆盖提取、积雪覆盖范围校正、雪季内积雪日数合成、冰川区积雪日数修正和气象站点数据校正等步骤，制备了青海省积雪日数遥感监测数据集，将为青藏高原地区的积雪分布及雪水储量评估、积雪变化分析和雪灾风险区划等研究工作提供数据支撑。",
    "数据采集和处理方法": "1.1数据生产流程青海省积雪日数数据集的制作流程主要分为8个步骤：获取MODIS积雪产品、积雪覆盖提取、积雪覆盖范围校正（包括：上下午数据雪盖合成、临近三天雪盖合成）、雪季内积雪日数合成、冰川区积雪日数修正、基于气象站点的积雪日数校正、精度验证和构建积雪日数数据集，具体流程如图1所示。其中输入的原始数据为2002年10月至2021年5月的MODISV6版积雪数据，精度验证采用地面气象台站的人工观测数据，最终输出各积雪季内青海省的积雪日数数据。图1数据处理流程Figure1Dataprocessingflow1.2数据获取积雪日数数据集的构建选用MODIS积雪产品，该产品在青藏高原地区的积雪研究中广泛使用[4]，其500m的空间分辨率以及逐日的观测频次能够满足高原地区积雪特性监测的实际需求。MODIS积雪产品已更新至第六版，本文结合Terra和Auqa双星积雪数据，其产品编号分别为MOD10A1和MYD10A1，在谷歌地球引擎（GoogleEarthEngine，GEE）中获取2002–2021年青海省的逐日积雪数据。1.3积雪覆盖提取方法此前在MODISV5版积雪产品中是利用NDSI进行积雪覆盖的二值判识，其阈值设定为0.4，但在MODISV6版积雪产品中不再提供积雪覆盖的直接判识结果，转而提供NDSI指数。ZHANG等[18]和高杨等[19]研究指出在对青藏高原进行积雪覆盖判识时将NDSI的阈值设定为0.4会存在严重漏判，而将NDSI的阈值设定为0.1较0.4更为合理。本文在此研究基础上，通过前期对MODIS影像中积雪覆盖目视判识和进行野外观测对比，获取了青海省积雪判识时NDSI的经验性阈值，并最终采用分段阈值的方法开展青海省积雪覆盖范围提取，具体方法见公式（1）。在GEE平台下通过编写脚本实现了逐日积雪覆盖提取，同时利用MODIS积雪产品中的云（250）、内陆水体（237）和无数据（200）等质量控制编码值对每日MOD/MYD10A1数据中的非积雪信息进行掩膜。NDSI=B2−B1B2+B1≥NDSIthNDSI=B2−B1B2+B1≥NDSIth（1）式中：B2为0.55–0.57um可见光波段的反射率，B1为1.62–1.65um短波红外波段的反射率，NDSIth为判定阈值，通过实验将青海省内10–12月的NDSIth设定为0.1，1–3月的NDSIth设定为0.13，4–5月的NDSIth设定为0.08。1.4积雪覆盖范围校正上下午数据雪盖合成是指对MODIS/Terra上午星积雪数据（MOD10A1）判识的积雪覆盖范围和MODIS/Aqua下午星积雪数据（MYD10A1）判识的积雪覆盖范围进行最大合成，具体是将一日内两幅积雪判识后的二值栅格图像进行叠加，将每个栅格单元值取两幅积雪判识结果中的最大值，最后合成一日内具有最大积雪覆盖范围的二值数据。临近三天雪盖合成是指在较短时间内积雪未发生快速消融，在当天积雪监测结果中有栅格像元受云影响无法判识是否存在积雪时，如前天和后天该像元上有积雪存在，则认定当天依旧有雪覆盖。1.5积雪日数合成积雪覆盖日数合成是将每日的积雪覆盖提取结果依据使用要求进行旬/月/季/年或任意时段的合成，具体是将每日内积雪覆盖的二值栅格数据进行空间叠加，将每个栅格单元值进行累加后，便可生成统计时段内的累计积雪日数栅格数据。本数据集是按积雪季进行合成，其中当年积雪季一般从上年10月开始至当年5月结束。1.6冰川区积雪日数修正青藏高原冰川分布区海拔高且常年有积雪覆盖，但上述区域经常受云遮挡导致部分地区积雪日数的遥感监测结果偏低，针对该问题选用中国第二次冰川数据集[20]获取青海省内冰川分布区，并对上述区域内的积雪日数进行校正，即整个雪季内冰川区均有积雪覆盖。1.7站点积雪日数校正利用MODIS积雪数据初步获取的积雪日数会受到云的干扰造成一定误差，可利用地面观测的积雪日数对其进行校正[21]。其中积雪日数观测数据来源于地面气象台站，从中国气象局综合气象信息共享平台（ChinaIntegratedMeteorologicalInformationSharingSystem，CIMISS）获取并已进行质量控制，观测员于每日8时定时开展观测，如在后期有降雪过程则在14时和20时进行补测，规定在积雪观测场内积雪覆盖范围超过一半，且多次测量的积雪深度均≥2cm时则记录当天积雪日数为1。在校正方法的具体实施时，首先按3:2比例随机将全省气象台站划分为建模站点（31个）和验证站点（20个），其次需获取整个积雪季内（上年10月至当年5月）建模气象台站观测的积雪日数和与气象台站空间位置对应处MODIS提取的遥感积雪日数，对上述两组时序数据按公式(2)进行拟合，以获得校正系数a和b。最后当其拟合效果较好时则按照公式(3)对MODIS积雪数据提取的积雪日数进行逐栅格像元校正。Y=a×X+bY=a×X+b（2）Y2=Y1−baY2=Y1−ba（3）式中：X为利用MODIS积雪数据监测的积雪日数，Y为站点观测的积雪日数，单位均为天（d），a、b为校正系数，Y1Y1为MODIS积雪数据监测的积雪日数，Y2Y2为校正后的MODIS积雪数据监测的积雪日数。1.8精度验证将积雪日数数据集与验证站点（20个）的积雪日数观测数据进行对比，以评价数据的准确性，按下列公式计算决定系数(R2R2)和相对误差(YrYr)，一般R2越接近1，YrYr越小则认为制备的积雪日数数据精度较高。R2=(∑ni=1(Xi−¯X)(Yi−¯Y)√∑ni=1(Xi−¯X)2√∑ni=1(Yi−¯Y)2)2R2=(∑i=1n(Xi−X¯)(Yi−Y¯)∑i=1n(Xi−X¯)2∑i=1n(Yi−Y¯)2)2（4）Yr=(Yi−Xi)/Xi×100Yr=(Yi−Xi)/Xi×100（5）式中：XiXi为站点积雪覆盖日数，YiYi为遥感监测的积雪覆盖日数，−YY−为遥感监测的积雪覆盖日数平均值，−XX−为站点积雪覆盖日数的平均值，n为验证站点个数。",
    "数据描述": "青海省积雪日数遥感监测数据集共由19个雪季年的栅格数据文件组成，为便于数据在通用遥感软件下处理与展示，将数据存储为tif格式，其中文件名以雪季年（上年10月至当年5月）命名，空间分辨率为500m，属性值为雪季内的积雪日数，单位为天（d），覆盖范围为青海省，图2展示了2017和2019雪季内青海省积雪日数的空间分布状况。图22017雪季（a）和2019雪季（b）积雪日数空间分布图Figure2Spatialdistributionofsnowcoverdaysin2017(a)and2019(b)snowseason",
    "数据质量": "以参与验证的地面台站人工观测的积雪日数作为“真值”，逐积雪季对本文制作的积雪日数数据集进行精度检验，结果表明在各个雪季内遥感提取的积雪日数与台站观测相关程度较高，其R2在0.75–0.93，平均相对误差25%。其中2017和2019雪季的积雪日数及其精度状况如图2、图3所示，积雪日数高值区主要分布在三江源腹地、可可西里地区和祁连山地区，而积雪日数低值区主要分布在柴达木盆地，其较好地展示了积雪在空间尺度上的分布差异，并与实际积雪分布现状较为相符；同时，针对异常降雪年份例如2019年，强降雪日数异常偏多、气温普遍较低、积雪持续时间长，在青海省内玛多县、杂多县、甘德县和玉树市等地雪灾等级为历史最重，本文积雪日数数据也能较好刻画积雪覆盖在空间和时间尺度上的积累状况，并对雪灾发生的风险也具有很好的指示意义。图32017雪季（a）和2019雪季（b）MODIS积雪日数与站点积雪日数相关性图Figure3CorrelationmapofsnowcoverdaysinMODISandsitesnowdaysin2017(a)and2019snowseasons(b)",
    "数据价值": "本数据以MODISV6版积雪产品为基础，通过逐日积雪覆盖提取、积雪覆盖范围校正、雪季内积雪日数合成和气象站点数据校正等步骤制作了2003–2021雪季内青海省的积雪日数数据集，将对开展青藏高原积雪状况评估、积雪演变特征分析、雪灾风险评估及预测等研究工作提供数据支撑。",
    "数据使用和建议": "本数据集为tif文件格式，可使用ArcGIS和ENVI等图像处理软件进行查看、统计和分析等，各数据以积雪季命名，数据起始时间为2003雪季（即2002年10月至2003年5月），数据结束时间为2021雪季（即2020年10月至2021年5月）。",
    "引用格式": "李晓东, 李林, 史飞飞, 等. 2002–2021年青海省积雪日数遥感监测数据集[DS/OL]. 国家冰川冻土沙漠科学数据中心(www.ncdc.ac.cn), 2021. DOI: 10.12072/ncdc.I-SNOW.db0021.2021. "
}