{
    "类目名称": "其他数据论文",
    "名称": "2012–2018年中国马铃薯批发市场交易价格调查统计数据集",
    "资源信息链接地址": "http://dx.doi.org/10.12205/A0007.20211123.36.cs.1914",
    "摘要": "摘要：马铃薯是重要食物资源之一，其历史价格数据对未来价格走势分析和市场宏观调控具有重要意义。基于从全国农产品商务信息公共服务平台、全国农产品批发市场价格信息系统等平台获取的全国219个农产品批发市场马铃薯价格日度数据和项目组实际市场调研数据，按照完整性、连续性、一致性等原则，进行了数据筛选、比对、加工处理和质量检验，形成我国马铃薯批发市场交易价格调查统计数据集，从时间上涵盖2012–2018年期间的周度、月度、季度和年度4个尺度，从空间上分为25个省（自治区、直辖市）、6大地理区划（华北、东北、华东、中南、西南、西北）和全国3个尺度，各时空尺度下的数据项主要包括马铃薯平均价格、环比变化率和同比变化率。本数据集可为马铃薯价格预测、时空传导模拟及监测预警等相关研究和对策建议提供基础科学数据。",
    "关键词": "马铃薯；时空尺度；科学数据；预测研究",
    "参考引用": [
        {
            "名称": "李勤志,冯中朝,谢从华. 我国马铃薯产业发展问题研究[C]//.2005年全国马铃薯产业学术年会论文集.,2005:33-40. [LI Q Z, FENG Z C, XIE C H. Study on the development of Potato industry in China [C]. 2005 National Potato industry academic annual conference proceedings., 2005:33-40.]",
            "资源信息链接地址": "http://xueshu.baidu.com/s?wd= 我国马铃薯产业发展问题研究[C]//.2005年全国马铃薯产业学术年会论文集.,2005:33-40. [LI Q Z, FENG Z C, XIE C H. Study on the development of Potato industry in China "
        },
        {
            "名称": "王瑞波, 高明杰, 张晴. 基于“一带一路”倡议的中国马铃薯国际贸易策略选择[J]. 世界农业, 2017(9): 157–162, 244. DOI:10.13856/j.cn11-1097/s.2017.09.025. [WANG R B, GAO M J, ZHANG Q. Suggestions on the policy of China's potato international trade based on the strategy of “The Belt and Road”[J]. World Agriculture, 2017(9): 157–162, 244. ",
            "资源信息链接地址": "10.13856/j.cn11-1097/s.2017.09.025. [WANG R B, GAO M J, ZHANG Q. Suggestions on the policy of China's potato international trade based on the strategy of “The Belt and Road”"
        },
        {
            "名称": "刘洋, 高明杰, 何威明, 等. 世界马铃薯生产发展基本态势及特点[J]. 中国农学通报, 2014, 30(20): 78–86. DOI:10.3969/j.issn.1002-4433.2014.05.026. [LIU Y, GAO M J, HE W M, et al. Analysis on the basic trend and characteristics of world potatoes production [J]. Chinese Agricultural Science Bulletin, 2014, 30(20): 78–86. ",
            "资源信息链接地址": "10.3969/j.issn.1002-4433.2014.05.026. [LIU Y, GAO M J, HE W M, et al. Analysis on the basic trend and characteristics of world potatoes production"
        },
        {
            "名称": "滕宗璠, 张畅, 王永智. 我国马铃薯适宜种植地区的分析[J]. 中国农业科学, 1989, 22(2): 35–44. [TENG Z F, ZHANG C, WANG Y Z. Study on China's potato-cultivation divisions[J]. Scientia Agricultura Sinica, 1989, 22(2): 35–44.]",
            "资源信息链接地址": "http://xueshu.baidu.com/s?wd= 我国马铃薯适宜种植地区的分析[J]. 中国农业科学, 1989, 22(2): 35–44. [TENG Z F, ZHANG C, WANG Y Z. Study on China's potato-cultivation divisions"
        },
        {
            "名称": "贺加永. 中国马铃薯产业发展现状及建议[J]. 农业展望, 2020, 16(9): 34–39. DOI:10.3969/j.issn.1673-3908.2020.09.007. [HE J Y. Status quo and suggestions of China's potato industry development [J]. Agricultural Outlook, 2020, 16(9): 34–39. ",
            "资源信息链接地址": "10.3969/j.issn.1673-3908.2020.09.007. [HE J Y. Status quo and suggestions of China's potato industry development"
        },
        {
            "名称": "金黎平. 云南马铃薯种薯产业发展建议[J]. 致富天地, 2014(9): 47–48. [JIN L P. Suggestions on the development of seed potato industry in Yunnan [J]. Fortune World, 2014(9): 47–48.]",
            "资源信息链接地址": "http://xueshu.baidu.com/s?wd= 云南马铃薯种薯产业发展建议[J]. 致富天地, 2014(9): 47–48. [JIN L P. Suggestions on the development of seed potato industry in Yunnan "
        },
        {
            "名称": "杨雅伦, 郭燕枝, 孙君茂. 我国马铃薯产业发展现状及未来展望[J]. 中国农业科技导报, 2017, 19(1): 29–36. DOI:10.13304/j.nykjdb.2016.202. [YANG Y L, GUO Y Z, SUN J M. Present status and future prospect for potato industry in China [J]. Journal of Agricultural Science and Technology, 2017, 19(1): 29–36. ",
            "资源信息链接地址": "10.13304/j.nykjdb.2016.202. [YANG Y L, GUO Y Z, SUN J M. Present status and future prospect for potato industry in China"
        },
        {
            "名称": "黄季焜, 杨军, 仇焕广. 新时期国家粮食安全战略和政策的思考[J]. 农业经济问题, 2012, 33(3): 4–8. DOI:10.13246/j.cnki.iae.2012.03.002. [HUANG J K, YANG J, QIU H G. Thinking on national food security strategy and policy in the new period [J]. Issues in Agricultural Economy, 2012, 33(3): 4–8. ",
            "资源信息链接地址": "10.13246/j.cnki.iae.2012.03.002. [HUANG J K, YANG J, QIU H G. Thinking on national food security strategy and policy in the new period"
        },
        {
            "名称": "伦闰琪, 罗其友, 高明杰, 等. 基于组合模型的我国马铃薯价格预测分析[J]. 中国农业资源与区划, 2021, 42(11): 97–108. DOI:10.7621/cjarrp.1005-9121.20211111. [LUN R Q, LUO Q Y, GAO M J, et al. Price forecasting of potato wholesale market in china based on combination model [J]. Chinese Journal of Agricultural Resources and Regional Planning, 2021, 42(11): 97–108. ",
            "资源信息链接地址": "10.7621/cjarrp.1005-9121.20211111. [LUN R Q, LUO Q Y, GAO M J, et al. Price forecasting of potato wholesale market in china based on combination model"
        },
        {
            "名称": "孔繁涛, 赵志成, 张晶, 等. 台风对近期蔬菜价格的影响及后市分析[J]. 农业展望, 2019, 15(8): 4–6. DOI:10.3969/j.issn.1673-3908.2019.08.001. [KONG F T, ZHAO Z C, ZHANG J, et al. Impacts of typhoon on recent vegetable prices and analysis of the future market [J]. Agricultural Outlook, 2019, 15(8): 4–6. ",
            "资源信息链接地址": "10.3969/j.issn.1673-3908.2019.08.001. [KONG F T, ZHAO Z C, ZHANG J, et al. Impacts of typhoon on recent vegetable prices and analysis of the future market"
        },
        {
            "名称": "梁丹辉, 刘合光. 中国马铃薯国际竞争力比较分析[J]. 湖北农业科学, 2015, 54(23): 6102–6106. DOI:10.14088/j.cnki.issn0439-8114.2015.23.076. [LIANG D H, LIU H G. Comparative analysis on international competitiveness of Chinese potato trade [J]. Hubei Agricultural Sciences, 2015, 54(23): 6102–6106. ",
            "资源信息链接地址": "10.14088/j.cnki.issn0439-8114.2015.23.076. [LIANG D H, LIU H G. Comparative analysis on international competitiveness of Chinese potato trade"
        },
        {
            "名称": "唐时俊. 农业产业化的创新路径[N]. 光明日报, 2014-03-31(10). [TANG S J. The innovative path of agricultural industrialization [N]. Guangming Daily, 2014-03-31(10).]",
            "资源信息链接地址": "http://xueshu.baidu.com/s?wd= 农业产业化的创新路径[N]. 光明日报, 2014-03-31(10). [TANG S J. The innovative path of agricultural industrialization "
        }
    ],
    "作者": [
        {
            "姓名": "安民",
            "机构": [
                "中国农业科学院农业信息研究所",
                "Agricultural Information Institute of CAAS",
                "国家农业科学数据中心",
                "National Agriculture Science Data Center",
                "中国农业科学院国家南繁研究院",
                "National Nanfan Research Institute (Sanya), Chinese Academy of Agricultural Sciences"
            ],
            "贡献": "数据整理分析及论文撰写。 ",
            "简介": "女，山东省泰安人，硕士，助理研究员，研究方向为农业信息技术及应用。 "
        },
        {
            "姓名": "孙伟",
            "机构": [
                "中国农业科学院农业信息研究所",
                "Agricultural Information Institute of CAAS",
                "国家农业科学数据中心",
                "National Agriculture Science Data Center",
                "中国农业科学院国家南繁研究院",
                "National Nanfan Research Institute (Sanya), Chinese Academy of Agricultural Sciences"
            ],
            "贡献": "组织实施与数据校对，论文指导与修改。 ",
            "简介": "男，山东省海阳人，博士，副研究员，研究方向为农林时空信息智能分析。 "
        },
        {
            "姓名": "韩昀",
            "机构": [
                "中国农业科学院农业资源与农业区划研究所",
                "Institute of Agricultural Resources and Regional Planning, CAAS"
            ],
            "贡献": "数据质量控制与综合管理。 ",
            "简介": "女，山东省临沂人，硕士，副研究员，研究方向为农村区域发展。 "
        },
        {
            "姓名": "杨入一",
            "机构": [
                "中国农业科学院农业信息研究所",
                "Agricultural Information Institute of CAAS"
            ],
            "贡献": "数据整理与分析。 ",
            "简介": "女，云南昆明人，博士，研究方向为农产品市场信息分析。 "
        },
        {
            "姓名": "闫燊",
            "机构": [
                "中国农业科学院农业信息研究所",
                "Agricultural Information Institute of CAAS",
                "国家农业科学数据中心",
                "National Agriculture Science Data Center",
                "中国农业科学院国家南繁研究院",
                "National Nanfan Research Institute (Sanya), Chinese Academy of Agricultural Sciences"
            ],
            "贡献": "数据集的整合与处理。 ",
            "简介": "男，山东省菏泽人，博士，助理研究员，研究方向为农业大数据。 "
        },
        {
            "姓名": "孔繁涛",
            "机构": [
                "中国农业科学院特产研究所",
                "Institute of Special Animal and Plant Sciences of CAAS"
            ],
            "贡献": "总体方案设计，论文指导与修改。 ",
            "简介": "男，山东省滕州人，博士，研究员，研究方向为农业信息技术。 "
        },
        {
            "姓名": "曹姗姗",
            "机构": [
                "中国农业科学院农业信息研究所",
                "Agricultural Information Institute of CAAS",
                "国家农业科学数据中心",
                "National Agriculture Science Data Center",
                "中国农业科学院国家南繁研究院",
                "National Nanfan Research Institute (Sanya), Chinese Academy of Agricultural Sciences"
            ],
            "贡献": "数据整理与分析。 ",
            "简介": "女，黑龙江省哈尔滨人，博士，副研究员，研究方向为农林时空信息智能分析。 "
        }
    ],
    "基金": "国家自然科学基金面上项目（71573263）",
    "数据集名称": "2012–2018年中国马铃薯批发市场交易价格调查统计数据集",
    "数据作者": "孔繁涛（kongfantao@caas.cn），曹姗姗（caoshanshan@caas.cn）",
    "时间范围": "2012–2018年",
    "空间范围": "安徽、北京市、福建、甘肃、广东、广西、河北、河南、黑龙江、湖北、湖南、江苏、江西、辽宁、内蒙古、宁夏、山东、山西、陕西、上海市、四川、天津市、新疆、云南、浙江25个省（自治区、直辖市）。",
    "数据量": "85.4 MB",
    "数据格式": "*.xlsx, *.jpg",
    "数据组成": "数据集主要包含2012–2018年不同时间、空间尺度下的马铃薯批发市场价格文本数据及图像数据，其中：(1)“文本数据”是EXCEL数据集，包含6个EXCEL文件，共43831条数据（包括2012–2018年25个省、市、自治区的马铃薯周度、月度、季度平均价格数据及其环比、同比变化率，年度平均价格数据及年度变化率，共34241条；2012–2018年6大地理区划范围内的马铃薯周度、月度、季度平均价格数据及其环比、同比变化率，年度平均价格数据及年度变化率，共8220条；2012–2018年全国范围的马铃薯周度、月度、季度平均价格数据及其环比、同比变化率，年度平均价格数据及年度变化率，共1370条）；(2)“jpg图件”是图片数据集，包含反映2012–2018年马铃薯不同时空尺度下平均价格及其变化率的折线图，共304张。",
    "引言": "马铃薯是继小麦、水稻和玉米的世界第四大重要粮食作物，除直接食用外还可以作为原料应用于食品加工、石油化工、纺织造纸、医疗卫生等多个领域[1]，适应性强、产量高，且营养丰富、用途广，在全球都有较为广泛的种植[2-4]。中国是马铃薯生产大国，近年马铃薯种植面积及总产量均居世界首位，种植区域分布较广，种植面积排名前10的省份主要分布在北方和西南方向[5-6]。马铃薯在我国多数区域的地方经济中占有非常重要的地位，马铃薯产业更是新时期农业结构调整和农民持续增收的支柱产业[7]。近年来，我国马铃薯产业稳定发展，但受气候、种植政策以及国内外消费趋势等的影响，马铃薯价格剧烈波动时有发生，危害马铃薯产业的健康平稳发展，损害了薯农利益。因此，以马铃薯历史价格数据整理及分析为依托，研判马铃薯价格波动特点及影响因素，对预测马铃薯价格变化趋势、提出稳价控价政策，具有非常重要的意义[8]。目前，马铃薯平均价格信息多出现在一些农产品价格信息网站上，与其他种类的蔬菜价格信息混在一起，专门的马铃薯平均价格信息数据集较少。为便于科学研究，本研究收集了全国31个省（自治区、直辖市）的219个农产品批发市场2012–2018年的马铃薯日均交易价格数据作为基础研究数据。为了得到较为精确的马铃薯价格数据，从不同的时间尺度、地理空间分布尺度进行分析整理，定量展示马铃薯价格的波动，经过筛选及计算，得到2012–2018年马铃薯价格文本信息共计43831条，其中包括数据连续性较好的25个省（自治区、直辖市）平均价格信息12073条，变化率信息22168条；6大地理区划范围的马铃薯平均价格信息2898条，变化率信息5322条；全国马铃薯平均价格信息483条，变化率信息887条，为马铃薯价格分析及预测提供数据支撑。",
    "数据采集和处理方法": "本数据集的基础数据是2012–2018年全国219个农产品批发市场的马铃薯日均交易价格信息数据。信息主要来源为全国农产品商务信息公共服务平台、全国农产品批发市场价格信息系统等平台和基金项目组实际市场调研数据。按照完整性、连续性、一致性等原则，在对收集整理的各类信息进行对比查证、筛查、鉴定、剔除、拟合填补缺失值等规范化处理后，最终得到马铃薯批发市场日均交易价格数据332007条，作为研究基础数据。表1为价格数据收集所涉及的不同地理区划范围的所有省（自治区、直辖市）内的市场数量。下载表1数据涉及区域及市场个数序号地理区划省（自治区、直辖市）市场个数1华北地区北京市92天津市73河北省144山西省185内蒙古自治区56东北地区辽宁省47吉林省48黑龙江省39华东地区上海市310江苏省1211浙江省1012安徽省1213福建省314江西省815山东省2316中南地区河南省917湖北省1218湖南省819广东省420广西壮族自治区321海南省122西南地区重庆市223四川省924贵州省425云南省326西藏自治区127西北地区陕西省528甘肃省929青海省230宁夏回族自治区231新疆维吾尔自治区10本数据集利用Excel中的AVERAGEIFS函数，选取6大地理区划、25个省（自治区、直辖市）的日度价格数据，经过计算获得不同时间尺度的平均价格及其环比、同比价格变化率等，信息共计43831条。本数据集数据来源上涉及统计数据、调研数据等，空间尺度上有全国数据、地理区划数据、省域数据，时间尺度上有年度数据、季度数据、月度数据、周度数据，数据类型上有文本数据类型、图像数据类型。图1展示了本数据集生成的技术路线。图1数据集生成技术路线图Figure1Thegenerationtechnologyroadmapofthedataset",
    "数据描述": "2.1文本数据数据集包含6个EXCEL文件，共有文本数据43831条。文本数据涉及平均价格、环比变化率、同比变化率等数据项（表2）。其中，华北地区包括北京市、天津市、河北省、山西省、内蒙古自治区等，共计8220条信息；东北地区包括辽宁省、黑龙江省等，共4110条信息；华东地区包括上海市、江苏省、浙江省、安徽省、福建省、江西省、山东省等，共10960条信息；中南地区包括河南省、湖北省、湖南省、广东省、广西壮族自治区等，共8220条信息；西南地区包括四川省、云南省等，共4101条信息；西北地区包括陕西省、甘肃省、宁夏回族自治区、新疆维吾尔自治区等，共6850条信息。下载表2数据项列表及信息数量说明序号数据项时间尺度空间尺度1平均价格（单位：元/千克）周平均华北地区2184条、东北地区1092条、华东地区2912条、中南地区2184条、西南地区1090条、西北地区1820条2月平均华北地区504条、东北地区252条、华东地区672条、中南地区504条、西南地区252条、西北地区420条3季度平均华北地区168条、东北地区84条、华东地区224条、中南地区168条、西南地区84条、西北地区140条4年平均华北地区42条、东北地区21条、华东地区56条、中南地区42条、西南地区21条、西北地区35条5环比变化率周平均华北地区2178条、东北地区1089条、华东地区2904条、中南地区2178条、西南地区2174条、西北地区1815条6月平均华北地区498条、东北地区249条、华东地区664条、中南地区498条、西南地区249条、西北地区415条7季度平均华北地区162条、东北地区81条、华东地区216条、中南地区162条、西南地区81条、西北地区135条8年平均华北地区36条、东北地区18条、华东地区48条、中南地区36条、西南地区18条、西北地区30条9同比变化率周平均华北地区1872条、东北地区936条、华东地区2496条、中南地区1872条、西南地区933条、西北地区1560条10月平均华北地区432条、东北地区216条、华东地区576条、中南地区432条、西南地区216条、西北地区360条11季度平均华北地区144条、东北地区72条、华东地区192条、中南地区144条、西南地区72条、西北地区120条本数据集EXCEL文本数据的数据项主要包括平均价格及其变化率，平均价格单位为“元/千克”，变化率为百分比。文本数据从时间上涵盖2012–2018年期间的周度、月度、季度和年度4个尺度，从空间上分为25个省（自治区、直辖市）、6大地理区划（华北、东北、华东、中南、西南、西北）和全国3个尺度，各时空尺度下的数据项主要包括马铃薯平均价格、环比变化率和同比变化率。其中，数据均为浮点型数据，平均价格数据按原始数据计算价格保留小数位，最长为小数点后9位，变化率保留小数点后1位。表3展示的是数据集中华北、东北两大地理区划的部分周平均价格（单位：元/千克）及其环比、同比变化率。下载表3文本数据样例时间华北地区东北地区周平均价格环比变化率同比变化率周平均价格环比变化率同比变化率2013第1周1.9867377222.8%60.8%2.0616666672.4%71.1%2013第2周2.0104210381.2%63.9%2.095932541.7%78.6%2013第3周2.028761260.9%61.6%2.31734022610.6%77.3%2013第4周2.0512821331.1%60.3%2.3183928570.0%53.6%2013第5周2.1248672763.6%61.6%2.3216304350.1%67.9%2013第6周2.1845355572.8%71.0%2.3709523812.1%65.7%2013第7周2.155411943-1.3%68.5%2.364444444-0.3%75.1%2013第8周2.1565920020.1%69.2%2.29077381-3.1%66.8%2013第9周2.1626418380.3%69.0%2.3509259262.6%66.0%2013第10周2.129372274-1.5%73.1%2.4884531595.8%83.8%2013第11周2.072388265-2.7%66.8%2.518751.2%72.7%2013第12周2.0855768890.6%71.4%2.355994152-6.5%72.1%单位：元/千克2.2jpg图件根据已获取的2012–2018年全国、25个省（自治区、直辖市）、6大地理区划的周度、月度、季度、年度的马铃薯平均价格（单位：元/千克）及变化率数据绘制价格波动折线图、环比及同比变化率折线图。以浙江省周均价格为例，图2分别展示了浙江省2012–2018年马铃薯周平均价格、周均价环比变化率及同比变化率的折线图。本数据集中包含了25个省（自治区、直辖市）、6大地理区划的价格波动折线图、环比及同比变化率折线图，其中反映25个省（自治区、直辖市）价格波动的折线图共227张，反映6大地理区划的价格波动折线图共66张，反映全国范围价格波动的折线图共11张。图2浙江省2012–2018年周平均价格及其环比、同比变化率折线图Figure2ThebrokenlinechartofZheJiangProvince'sweeklyaveragepriceanditssequentialandyear-on-yearchangeratesfrom2012to2018",
    "数据质量": "本次研究基于全国农产品商务信息公共服务平台、全国农产品批发市场价格信息系统等平台提供的批发市场马铃薯日均交易价格数据，充分结合项目组实际市场调研数据，扩充与完善基础数据。按照完整性、连续性、一致性等原则，比对平台提供数据及项目组实际市场调研数据，将当日各来源价格数据进行算术平均，取均值；剔除以自然周为最小单位，缺失一周及以上日度价格数据的省（自治区、直辖市）；缺失值较少的，通过拟合填补缺失值，以此得到各批发市场的日度马铃薯批发价格基础数据集。采用AVERAGEIFS函数进行数据处理，以25个省（自治区、直辖市）、6大地理区划及全国为空间单位，逐步计算自然周、月度、季度、年度马铃薯市场价格算术平均值，并分别以2012年第1自然周、2012年1月、2012年第一季度及2012年为基期，计算得到批发价格环比、同比变化率，对所得数据集进行人工质量检验，数据处理均按步骤逐步操作完成，最终得到反映25个省（自治区、直辖市）、6大地理区划马铃薯年均价格及其变化的数据及图像。",
    "数据价值": "大数据、地理信息系统迅猛发展，为蔬菜历史价格的存储整理及预测分析提供了更高层次的平台及工具[9]。本数据集通过调研与平台统计数据相结合的方式，获得原始、真实的2012–2018年马铃薯批发市场交易价格数据信息，数据时间跨度较长，可满足经济分析的基本要求。本数据集的价值体现在：一是为开展马铃薯价格波动研究提供重要的数据支持。数据有利于总结马铃薯价格波动规律的特征，较为精确地分析季节、天气、政策、节假日等因素对马铃薯价格波动的影响[10]，并以此预测其价格变化趋势，实现价格波动的监测预警；二是为政府部门的调控与管理提供科学决策依据，全面掌握全国乃至世界范围内马铃薯的价格变动趋势，充分发挥政府和市场的消费引导能力，加大宣传马铃薯主食化产品[11]，扩大国内消费市场，维护薯农及消费者权益；三是可以成为马铃薯产业从业者生产经营决策的有效工具，帮助马铃薯产业的龙头企业、农民合作社、家庭农场、种植农户等相关从业者把握产业发展状况，更好把握市场形势和价格走势，科学做出生产经营决策和投资策略选择[12]。",
    "引用格式": "孔繁涛. 2012–2018年中国马铃薯批发市场交易价格调查统计数据集[DS/OL]. 国家农业科学数据中心, 2021. (2021-11-24). DOI: 10.12205/A0007.20211123.36.cs.1914. "
}