{
    "类目名称": "中国生态系统研究网络（CERN）专题",
    "名称": "2015年胶州湾主要入海河流及潮间带表层沉积物微量元素数据集",
    "资源信息链接地址": "http://doi.org/10.57760/sciencedb.j00001.00457",
    "摘要": "摘要：陆地是海洋中微量元素的主要来源，河流沉积物是重要的环境介质之一。胶州湾是一个典型的温带半封闭海域，是我国海洋生态环境研究的典型模式海湾，周边有10余条河流注入。通过对12条入海河流和环胶州湾潮间带76个站点表层沉积物微量元素的分析，获得包含砷(As)、铬(Cr)、锌(Zn)、铜(Cu)、镉(Cd)、钴(Co)、铅(Pb)和镍(Ni) 8个指标的数据集，计算获得常用微量元素污染和生态效应的评估参数，包括地质累积指数（Igeo）、富集因子（EF）、污染因子（CF）和污染负荷指数(PLI)，形成了本数据集。本数据集可以为未来的海岸和河流管理，沉积物污染评价、生态安全评估以及微量元素来源与输运等研究提供数据支撑。",
    "关键词": "胶州湾；微量元素；河流沉积物；潮间带；重金属",
    "参考引用": [
        {
            "名称": "MORINA A, MORINA F, DJIKANOVIĆ V, et al. Common barbel (Barbus barbus) as a bioindicator of surface river sediment pollution with Cu and Zn in three rivers of the Danube River Basin in Serbia[J]. Environmental Science and Pollution Research, 2016, 23(7): 6723–6734. DOI:10.1007/s11356-015-5901-9.",
            "资源信息链接地址": "http://xueshu.baidu.com/s?wd= Common barbel (Barbus barbus) as a bioindicator of surface river sediment pollution with Cu and Zn in three rivers of the Danube River Basin in Serbia"
        },
        {
            "名称": "KESHAVARZI B, MOKHTARZADEH Z, MOORE F, et al. Heavy metals and polycyclic aromatic hydrocarbons in surface sediments of Karoon River, Khuzestan Province, Iran[J]. Environmental Science and Pollution Research, 2015, 22(23): 19077–19092. DOI:10.1007/s11356-015-5080-8.",
            "资源信息链接地址": "http://xueshu.baidu.com/s?wd= Heavy metals and polycyclic aromatic hydrocarbons in surface sediments of Karoon River, Khuzestan Province, Iran"
        },
        {
            "名称": "孙松, 孙晓霞. 海湾生态系统的理论与实践:以胶州湾为例[M]. 北京: 科学出版社, 2015. SUN S, SUN X X. Theory and practice of bay ecosystem: a case study of Jiaozhou bay[M]. Beijing: Science Press, 2015.",
            "资源信息链接地址": "http://xueshu.baidu.com/s?wd= 海湾生态系统的理论与实践:以胶州湾为例[M]. 北京: 科学出版社, 2015. SUN S, SUN X X. Theory and practice of bay ecosystem: a case study of Jiaozhou bay"
        },
        {
            "名称": "王鹏, 李向义, 热甫开提, 等. 2009—2015年塔里木盆地南部荒漠草地土壤元素含量数据集[J/OL]. 中国科学数据, 2021, 6(4). (2021-11-11). DOI: 10.11922/11-6035.csd.2021.0039.zh. [WANG P, LI X Y, Repkat, et al. A dataset of soil elements content of the desert and oasis farmland in southern Tarim Basin during 2009-2015[J/OL]. China Scientific Data, 2021, 6(4). (2021-11-11). ",
            "资源信息链接地址": "10.11922/11-6035.csd.2021.0039.zh. [WANG P, LI X Y, Repkat, et al. A dataset of soil elements content of the desert and oasis farmland in southern Tarim Basin during 2009-2015"
        },
        {
            "名称": "杨阳, 李伟, 王根绪. 2005—2015年青藏高原东南部贡嘎山峨眉冷杉林土壤物理性质和元素数据集[J/OL]. 中国科学数据, 2020, 5(2). (2020-06-23). DOI: 10.11922/csdata.2020.0003.zh. [YANG Y, LI W, WANG G X. A dataset of soil physical properties and elements of Abies fabri in Gongga Mountain, southeastern Qinghai-Tibet Plateau, during 2005-2015[J/OL]. China Scientific Data, 2020, 5(2). (2020-06-23). ",
            "资源信息链接地址": "10.11922/csdata.2020.0003.zh. [YANG Y, LI W, WANG G X. A dataset of soil physical properties and elements of Abies fabri in Gongga Mountain, southeastern Qinghai-Tibet Plateau, during 2005-2015"
        },
        {
            "名称": "宋歌, 施建平, 侯卫龙, 等. 1995—2011年CERN土壤环境元素含量数据集[J/OL]. 中国科学数据, 2017, 2(1): 11–26. DOI: 10.11922/csdata.170.2016.0102. [SONG G, SHI J P, HOU W L, et al. Soil environmental element content dataset of Chinese Ecosystem Research Network(1995-2011)[J/OL]. China Scientific Data, 2017, 2(1): 11–26. ",
            "资源信息链接地址": "10.11922/csdata.170.2016.0102. [SONG G, SHI J P, HOU W L, et al. Soil environmental element content dataset of Chinese Ecosystem Research Network(1995-2011)"
        },
        {
            "名称": "李旭, 曾静, 侯志勇, 等. 2012—2016年洞庭湖洲滩土壤元素含量数据集[J/OL]. 中国科学数据, 2020, 5(2). (2020-06-17). DOI: 10.11922/csdata.2019.0059.zh. [LI X, ZENG J, HOU Z Y, et al. A dataset of soil elements on the beach of the Dongting Lake from 2012 to 2016[J/OL]. China Scientific Data, 2020, 5(2). (2020-06-17). ",
            "资源信息链接地址": "10.11922/csdata.2019.0059.zh. [LI X, ZENG J, HOU Z Y, et al. A dataset of soil elements on the beach of the Dongting Lake from 2012 to 2016"
        },
        {
            "名称": "XU F J, QIU L W, CAO Y C, et al. Trace metals in the surface sediments of the intertidal Jiaozhou Bay, China: sources and contamination assessment[J]. Marine Pollution Bulletin, 2016, 104(1/2): 371–378. DOI:10.1016/j.marpolbul.2016.01.019.",
            "资源信息链接地址": "http://xueshu.baidu.com/s?wd= Trace metals in the surface sediments of the intertidal Jiaozhou Bay, China: sources and contamination assessment"
        },
        {
            "名称": "MÜLLER G. Die Schwermetallbelastung der sedimente des Neckars und seiner Nebenflusse: Eine Bestandsaufnahme[J]. Chemiker Zeitung, 1981, 105(6), 157-164.",
            "资源信息链接地址": "http://xueshu.baidu.com/s?wd= Die Schwermetallbelastung der sedimente des Neckars und seiner Nebenflusse: Eine Bestandsaufnahme"
        },
        {
            "名称": "IOC–UNEP–IMO. Guidance on Assessment of Sediment Quality[M]. London, The International Maritime Organization, 1999.",
            "资源信息链接地址": "http://xueshu.baidu.com/s?wd= Guidance on Assessment of Sediment Quality"
        },
        {
            "名称": "HAKANSON L. An ecological risk index for aquatic pollution control.a sedimentological approach[J]. Water Research, 1980, 14(8): 975–1001. DOI:10.1016/0043-1354(80)90143-8.",
            "资源信息链接地址": "http://xueshu.baidu.com/s?wd= An ecological risk index for aquatic pollution control.a sedimentological approach"
        },
        {
            "名称": "TOMLINSON D L, WILSON J G, HARRIS C R, et al. Problems in the assessment of heavy-metal levels in estuaries and the formation of a pollution index[J]. Helgol&#228;Nder Meeresuntersuchungen, 1980, 33(1): 566–575. DOI:10.1007/BF02414780.",
            "资源信息链接地址": "http://xueshu.baidu.com/s?wd= Problems in the assessment of heavy-metal levels in estuaries and the formation of a pollution index"
        },
        {
            "名称": "GAO S, LUO T C, ZHANG B R, et al. Chemical composition of the continental crust as revealed by studies in East China[J]. Geochimica et Cosmochimica Acta, 1998, 62(11): 1959–1975. DOI:10.1016/S0016-7037(98)00121-5.",
            "资源信息链接地址": "http://xueshu.baidu.com/s?wd= Chemical composition of the continental crust as revealed by studies in East China"
        },
        {
            "名称": "国家质量监督检验检疫总局, 中国国家标准化管理委员会. 海洋监测规范 第5部分: 沉积物分析: GB 17378.5—2007[S]. 北京: 中国标准出版社, 2008. [General Administration of Quality Supervision, Inspection and Quarantine of the People's Republic of China, Standardization Administration of the People's Republic of China. The specification for marine monitoring—part 5: sediment analysis: GB 17378.5—2007[S]. Beijing: Standards Press of China, 2008.]",
            "资源信息链接地址": "http://xueshu.baidu.com/s?wd= 海洋监测规范 第5部分: 沉积物分析: GB 17378.5—2007[S]. 北京: 中国标准出版社, 2008. [General Administration of Quality Supervision, Inspection and Quarantine of the People's Republic of China, Standardization Administration of the People's Republic of China. The specification for marine monitoring—part 5: sediment analysis: GB 17378.5—2007"
        },
        {
            "名称": "XU F J, LIU Z Q, CAO Y C, et al. Assessment of heavy metal contamination in urban river sediments in the Jiaozhou Bay Catchment, Qingdao, China[J]. CATENA, 2017, 150: 9–16. DOI:10.1016/j.catena.2016.11.004.",
            "资源信息链接地址": "http://xueshu.baidu.com/s?wd= Assessment of heavy metal contamination in urban river sediments in the Jiaozhou Bay Catchment, Qingdao, China"
        },
        {
            "名称": "XU F J, LIU Z Q, YUAN S Q, et al. Environmental background values of trace elements in sediments from the Jiaozhou Bay Catchment, Qingdao, China[J]. Marine Pollution Bulletin, 2017, 121(1/2): 367–371. DOI:10.1016/j.marpolbul.2017.06.019.",
            "资源信息链接地址": "http://xueshu.baidu.com/s?wd= Environmental background values of trace elements in sediments from the Jiaozhou Bay Catchment, Qingdao, China"
        }
    ],
    "作者": [
        {
            "姓名": "赵永芳",
            "机构": [
                "中国科学院海洋研究所  山东胶州湾海洋生态系统国家野外科学观测研究站 青岛  266071 中国",
                "Jiaozhou Bay Marine Ecosystem Research Station  , Institute of Oceanology, Chinese Academy of Sciences, Qingdao  266071, P. R. China",
                "青岛海洋科学与技术国家实验室  海洋生态与环境科学功能实验室 青岛  266237 中国",
                "Laboratory for Marine Ecology and Environmental Science  , Qingdao National Laboratory for Marine Science and Technology, Qingdao  266237, P. R. China",
                "中国科学院海洋大科学研究中心 青岛  266071 中国",
                "Center for Ocean Mega-Science, Chinese Academy of Sciences, Qingdao  266071, P. R. China"
            ],
            "贡献": "数据集制作，论文撰写和数据可视化。 ",
            "简介": "（1981—），女，山东临沂人，硕士，工程师，研究方向为数据信息管理与数据产品开发。 "
        },
        {
            "姓名": "田旭",
            "机构": [
                "青岛海上综合试验场有限公司 青岛  266200 中国",
                "Qingdao Marine Comprehensive Proving Ground Co., Ltd, Qingdao  266200, P. R. China"
            ],
            "贡献": "数据处理和样品分析。 ",
            "简介": "（1989—），男，山东潍坊人，博士生，工程师，主要从事海洋地质相关研究，研究方向为海洋沉积与矿物学、海洋地球化学。 "
        },
        {
            "姓名": "叶友权",
            "机构": [
                "福建省海洋地震观测中心 厦门  361021 中国",
                "Xiamen Seismic Survey Research Center, Xiamen, 361021, P. R. China, Xiamen  361021, P. R. China"
            ],
            "贡献": "数据编制和数据可视化。 ",
            "简介": "（1983—），男，福建厦门人，工程师，主要从事地震地质相关研究，研究方向主要为地震地质构造、场地地震影响。 "
        },
        {
            "姓名": "徐方建",
            "机构": [
                "海南大学海洋学院 海口  570228 中国",
                "College of Marine Science, Hainan University, Haikou  570228, P. R. China"
            ],
            "贡献": "数据质量控制和数据质量评估。 ",
            "简介": "（1982—），男，山东济南人，博士，教授，主要从事海洋地质相关研究，研究方向为海洋沉积与矿物学、海洋地球化学。 "
        }
    ],
    "基金": "国家科技部（CNERN）山东胶州湾海洋生态系统国家野外科学观测研究站运行服务项目；中国生态系统研究网络（CERN）胶州湾海洋生态系统定位研究站项目。",
    "数据集名称": "2015年胶州湾主要入海河流及潮间带表层沉积物微量元素数据集",
    "数据作者": "徐方建（xufangjiangg@163.com）",
    "时间范围": "2015年",
    "空间范围": "山东胶州湾周围，地理范围为119°58′51.96″E–120°28′41″E, 36°0′26.72″N–36°18′55.23″N。",
    "数据量": "50 MB",
    "数据格式": "*.xlsx, *.jpg",
    "数据组成": "本数据集包含2个数据文件，其中：(1) 表层沉积物微量元素数据集.xlsx是表层沉积物微量元素浓度和评估参数数据，数据记录76条，包含30个字段；(2)要素空间分布图.zip，是对微量元素浓度和评估参数的空间绘图，包含27张jpg格式图形，分辨率600dpi，数据量约50MB。",
    "数据采集和处理方法": "1.1样品采集与预处理2015年在环胶州湾河流和潮间带采集表层沉积物样品76个，其中47个采集自12条入海河流表层沉积物，29个采集自环胶州湾潮间带表层沉积物。入湾12条小型季节性河流分别为新安河（XA）、道尔河（DE）、草文河（CW）、洋河（YH）、王家滩河（WJT）、大沽河（DG）、洪江（HJ）、磨水河（MS）、白沙河（BS）、娄山河（LS）、李村河（LC）和海泊河（HP），采样点沿河流均匀布设（图1）。样品采集时使用手持式全球定位系统（GPS）定位，使用塑料勺采集表面沉积物样品（顶部2cm），密封在干净的聚乙烯袋中。图1表层沉积物采样站位图Figure1Samplingsitesforsurfacesediments1.2样品分析沉积物样品在60°C下烘干，加入过量的1molL-1HCl在60°C的水浴消解1小时，以去除碳酸钙[8]。用蒸馏水将样品离心（3500rpm，6min）清洗3次，去掉上清液在60°C烘干后，使用玛瑙研钵和杵研磨成粉末。进行微量元素（Cu、Pb、Zn、Cr、Cd、Co、Ni和As）和用于参数计算所需铝元素（Al）浓度测试。样品的检测过程使用购自美国地质调查局（USGS）的BHVO-2和中国标准物质（GBW07315和GBW07316）进行质量控制。1.3参数计算方法（1）地质累积指数（Igeo）：本参数由德国学者Müller[9]提出并被广泛应用，计算公式如下：Igeo=log2(CnK×Bn)Igeo=log2(CnK×Bn)(1)Cn:Cn:元素n在沉积物中的浓度；Bn:Bn:元素n的地球化学背景值；K：为常数，一般取1.5。（2）富集因子（EF）：用于评估人类活动对微量元素的贡献[10]，计算公式如下：EF=(CM/A)sample(CM/Al)backgroundEF=(CM/A)sample(CM/Al)background(2)(CM/Al)sample(CM/Al)sample：样品中元素M和元素Al的浓度比例；(CM/Al)sample(CM/Al)background(CM/Al)sample(CM/Al)background：元素M和元素Al的地球化学背景值比例。（3）污染因子（CF）：由瑞典学者Håkanson提出，是评价沉积物污染程度和水域潜在生态风险的参数[11]，能反应单个元素的污染水平。CF=CsampleCbackgroundCF=CsampleCbackground(3)CsampleCsample：样品中元素浓度；CbackgroundCbackground：元素的地球化学背景值。（4）污染负荷指数（PLI）：是Tomlinson等人在重金属污染水平分级相关研究中提出的一种污染评价方法，能表达各重金属对污染的贡献程度以及重金属时空变化趋势[12]，其计算公式为：PLI=n√CF1×CF2×CF3⋯×CFnPLI=CF1×CF2×CF3⋯×CFnn(4)CFnCFn：元素n的生态风险指数。参数计算的地球化学背景值均选择中国东部地壳元素浓度[13]。",
    "数据描述": "本数据集为Excel表格型数据和zip图形压缩文件。表格型数据文件包含2个数据表：“沉积物微量元素浓度”表存放微量元素浓度数据，包含砷(As)、铬(Cr)、锌(Zn)、铜(Cu)、镉(Cd)、钴(Co)、铅(Pb)和镍(Ni)8个要素76条数据；“参数”表存放计算获取的微量元素污染和生态效应的评估参数，包括重点关注的6个要素的地质累积指数(Igeo)、富集因子(EF)、污染因子(CF)以及综合污染负荷指数(PLI)。数据表单所包含的具体字段名称、类型和示例见表1–2。下载表1沉积物微量元素浓度表结构序号字段名称量纲数据类型样例数据1SampleID-文本型BS12Longitude°E数值型120.412723Latitude°N数值型36.265281674Cu(ppm)mg/kg数值型15.435Pb(ppm)mg/kg数值型13.586Zn(ppm)mg/kg数值型47.227Cr(ppm)mg/kg数值型58.328Cd(ppm)mg/kg数值型0.089As(ppm)mg/kg数值型4.9310Co(ppm)mg/kg数值型4.2711Ni(ppm)mg/kg数值型14.52下载表2参数表结构序号字段名称数据类型样例数据1SampleID文本型BS12Longitude数值型120.412723Latitude数值型36.265281674IgeoCu数值型-1.645IgeoPb数值型-0.996IgeoZn数值型-1.157IgeoCr数值型-1.048IgeoCd数值型-0.539IgeoAs数值型-0.4210EFCu数值型0.5011EFPb数值型0.7912EFZn数值型0.7013EFCr数值型0.7614EFCd数值型1.0815EFAs数值型1.1716CFCu数值型0.4817CFPb数值型0.7518CFZn数值型0.6719CFCr数值型0.7320CFCd数值型1.0421CFAs数值型1.1222PLI数值型0.77zip图形压缩文件绘制要素浓度及参数空间分布图形30张，图形命名规律为“要素名.jpg”，图形分辨率600dpi，可以满足出版和各类显示需求，示例如图2。图2表层沉积物镉元素污染因子空间分布Figure2SpatialdistributionofheavymetalCdinsurfacesediments",
    "数据质量": "微量元素在采样、预处理操作中严格按照海洋监测规范（GB17378.5-2007）[14]进行，避免样品的污染。样品分析采用标准物质BHVO-2（美国地质调查局）、GBW07315和GBW07316进行仪器精密度标定，标准物质测量值均在认证范围内。",
    "数据价值": "本数据集包含胶州湾主要入湾河流及潮间带表层沉积物微量元素的浓度，是该区域非常全面的重金属数据，可以服务于微量元素分布与输运、污染评价、生态安全评估等科学研究，也可为海岸和河流管理、相关环境保护政策的制定和实施提供基础数据。",
    "数据使用和建议": "为方便使用，我们提供数据集xlsx格式的电子资料，用户可以直接使用MicrosoftExcel2007及以上软件版本打开浏览和使用。在此数据基础上，提供高分辨率空间分布图供下载使用，满足出版和屏幕显示的多种需求。本数据集可以访问ScienceDataBank（http://doi.org/10.57760/sciencedb.j00001.00457）下载。通过关联研究论文[8,15-16]，可以进一步了解相应的研究方法和结论。",
    "引用格式": "赵永芳, 田旭, 叶友权, 等.2015年胶州湾主要入海河流及潮间带表层沉积物微量元素数据集[DS/OL]. Science Data Bank, 2022. (2022-08-19). DOI: 10.57760/sciencedb.j00001.00457."
}