{
    "类目名称": "其他数据论文",
    "名称": "2020–2021年南亚热带优势树种树干液流数据集",
    "资源信息链接地址": "http://www.dx.doi.org/10.12072/ncdc.Eco-Hydro.db1664.2022",
    "摘要": "摘要：本研究依托崇左凭祥友谊关森林生态系统广西野外科学观测研究站，于2020年5月至2021年4月，在中国林业科学研究院热带林业实验中心林区，以南亚热带优势树种红椎（Castanopsis hystrix Miq.）和马尾松（Pinus massoniana Lamb.）为研究对象，利用TDP（The thermal dissipation）热扩散探针技术，开展南亚热带典型人工林树干液流连续动态监测和研究，样地布设及监测均按照规范进行。本数据集通过分析处理，统计出了红椎、马尾松树干液流24小时的实测数据，并对数据集的构建进行了说明。建立和共享本数据集可为深入研究森林水分利用格局及其对全球气候变化的响应等科学问题提供基础数据，也为南亚热带森林生态系统可持续经营与管理提供科学的参考依据。",
    "关键词": "南亚热带；红椎；马尾松；人工林；树干液流",
    "参考引用": [
        {
            "名称": "黄德卫, 张德强, 周国逸, 等. 鼎湖山针阔叶混交林优势种树干液流特征及其与环境因子的关系[J]. 应用生态学报, 2012, 23(5): 1159–1166. DOI:10.13287/j.1001-9332.2012.0191. [HUANG D W, ZHANG D Q, ZHOU G Y, et al. Characteristics of dominant tree species stem sap flow and their relationships with environmental factors in a mixed conifer-broadleaf forest in Dinghushan, Guangdong Province of South China[J]. Chinese Journal of Applied Ecology, 2012, 23(5): 1159–1166. ",
            "资源信息链接地址": "10.13287/j.1001-9332.2012.0191. [HUANG D W, ZHANG D Q, ZHOU G Y, et al. Characteristics of dominant tree species stem sap flow and their relationships with environmental factors in a mixed conifer-broadleaf forest in Dinghushan, Guangdong Province of South China"
        },
        {
            "名称": "TFWALA C M, VAN RENSBURG L D, SCHALL R, et al. Whole tree water use: effects of tree morphology and environmental factors[J]. Ecological Indicators, 2019, 102: 366–373. DOI:10.1016/j.ecolind.2019.02.054.",
            "资源信息链接地址": "http://xueshu.baidu.com/s?wd= Whole tree water use: effects of tree morphology and environmental factors"
        },
        {
            "名称": "FORD C R, HUBBARD R M, KLOEPPEL B D, et al. A comparison of sap flux-based evapotranspiration estimates with catchment-scale water balance[J]. Agricultural and Forest Meteorology, 2007, 145(3/4): 176–185. DOI:10.1016/j.agrformet.2007.04.010.",
            "资源信息链接地址": "http://xueshu.baidu.com/s?wd= A comparison of sap flux-based evapotranspiration estimates with catchment-scale water balance"
        },
        {
            "名称": "赵春彦, 司建华, 冯起, 等. 树干液流研究进展与展望[J]. 西北林学院学报, 2015, 30(5): 98–105. DOI:10.3969/j.issn.1001-7461.2015.05.16. [ZHAO C Y, SI J H, FENG Q, et al. Stem sap flow research: progress and prospect[J]. Journal of Northwest Forestry University, 2015, 30(5): 98–105. ",
            "资源信息链接地址": "10.3969/j.issn.1001-7461.2015.05.16. [ZHAO C Y, SI J H, FENG Q, et al. Stem sap flow research: progress and prospect"
        },
        {
            "名称": "TANG Y K, WU X, CHEN Y M. Sap flow characteristics and physiological adjustments of two dominant tree species in pure and mixed plantations in the semi-arid Loess Plateau of China[J]. Journal of Arid Land, 2018, 10(6): 833–849. DOI:10.1007/s40333-018-0027-9.",
            "资源信息链接地址": "http://xueshu.baidu.com/s?wd= Sap flow characteristics and physiological adjustments of two dominant tree species in pure and mixed plantations in the semi-arid Loess Plateau of China"
        },
        {
            "名称": "孔喆, 陈胜楠, 律江, 等. 欧美杨单株液流昼夜组成及其影响因素分析[J]. 林业科学, 2020, 56(3): 8–20. DOI:10.11707/j.1001-7488.20200302. [KONG Z, CHEN S N, LÜ J, et al. Characteristics of Populus euramericana sap flow over day and night and its influencing factors[J]. Scientia Silvae Sinicae, 2020, 56(3): 8–20. ",
            "资源信息链接地址": "10.11707/j.1001-7488.20200302. [KONG Z, CHEN S N, LÜ J, et al. Characteristics of Populus euramericana sap flow over day and night and its influencing factors"
        },
        {
            "名称": "葛晓改, 肖文发, 曾立雄, 等. 三峡库区马尾松林土壤-凋落物层酶活性对凋落物分解的影响[J]. 生态学报, 2014, 34(9):2228–2237. DOI:10.5846/stxb201305261185. [GE X G, XIAO W F, ZENG L X, et al. Effect of soil-litter layer enzyme activities on litter decomposition in Pinus massoniana plantation in Three Gorges Reservoir Area[J]. Acta Ecologica Sinica, 2014, 34(9):2228–2237. ",
            "资源信息链接地址": "10.5846/stxb201305261185. [GE X G, XIAO W F, ZENG L X, et al. Effect of soil-litter layer enzyme activities on litter decomposition in Pinus massoniana plantation in Three Gorges Reservoir Area"
        },
        {
            "名称": "刘志龙, 蔡道雄, 贾宏炎, 等. 我国南方人工林近自然化改造模式和效益分析: 基于中国林科院热林中心实践研究[J]. 林业科技通讯, 2016(10): 3–7. DOI:10.13456/j.cnki.lykt.2016.10.001. [LIU Z L, CAI D X, JIA H Y, et al. Model and benefit analysis on close-to-nature transformation of plantations in Southern China: a case study based on the practices in experimental center of tropical forestry, CAF[J]. Forest Science and Technology, 2016(10): 3–7. ",
            "资源信息链接地址": "10.13456/j.cnki.lykt.2016.10.001. [LIU Z L, CAI D X, JIA H Y, et al. Model and benefit analysis on close-to-nature transformation of plantations in Southern China: a case study based on the practices in experimental center of tropical forestry, CAF"
        },
        {
            "名称": "刘士玲, 杨保国, 姚建峰, 等. 广西红椎树干径向生长研究[J]. 华南农业大学学报, 2020, 41(5): 82-90. [LIU S L, YANG B G, YAO J F, et al. Study on stem radial growth of Castanopsis hystrix in Guangxi[J]. Journal of South China Agricultural University, 2020, 41(5): 82-90.]",
            "资源信息链接地址": "http://xueshu.baidu.com/s?wd= 广西红椎树干径向生长研究[J]. 华南农业大学学报, 2020, 41(5): 82-90. [LIU S L, YANG B G, YAO J F, et al. Study on stem radial growth of Castanopsis hystrix in Guangxi"
        },
        {
            "名称": "卢立华, 李华, 农友, 等. 南亚热带4种人工林生物量及其分配格局[J]. 中南林业科技大学学报, 2020, 40(8): 91–98. DOI:10.14067/j.cnki.1673-923x.2020.08.011. [LU L H, LIHUA, NONG Y, et al. Biomass and its distribution pattern in four subtropical plantation ecosystems[J]. Journal of Central South University of Forestry & Technology, 2020, 40(8): 91–98. ",
            "资源信息链接地址": "10.14067/j.cnki.1673-923x.2020.08.011. [LU L H, LIHUA, NONG Y, et al. Biomass and its distribution pattern in four subtropical plantation ecosystems"
        },
        {
            "名称": "明安刚, 刘世荣, 莫慧华, 等. 南亚热带红锥、杉木纯林与混交林碳贮量比较[J]. 生态学报, 2016, 36(1):244–251. DOI:10.5846/stxb201405211041. [MING A G, LIU S R, MO H H, et al. Comparison of carbon storage in pure and mixed stands of Castanopsis hystrix and Cunninghamia lanceolata in subtropical China[J]. Acta Ecologica Sinica, 2016, 36(1):244–251. ",
            "资源信息链接地址": "10.5846/stxb201405211041. [MING A G, LIU S R, MO H H, et al. Comparison of carbon storage in pure and mixed stands of Castanopsis hystrix and Cunninghamia lanceolata in subtropical China"
        },
        {
            "名称": "尤业明, 徐佳玉, 蔡道雄, 等. 广西凭祥不同年龄红椎林林下植物物种多样性及其环境解释[J]. 生态学报, 2016, 36(1): 164–172. DOI:10.5846/stxb201411242332. [YOU Y M, XU J Y, CAI D X, et al. Environmental factors affecting plant species diversity of understory plant communities in a Castanopsis hystrix plantation chronosequence in Pingxiang, Guangxi, China[J]. Acta Ecologica Sinica, 2016, 36(1): 164–172. ",
            "资源信息链接地址": "10.5846/stxb201411242332. [YOU Y M, XU J Y, CAI D X, et al. Environmental factors affecting plant species diversity of understory plant communities in a Castanopsis hystrix plantation chronosequence in Pingxiang, Guangxi, China"
        },
        {
            "名称": "李海燕. 凋落物对过熟马尾松纯林及混交林土壤养分与微生物的影响[D]. 南宁: 广西大学, 2019. [LI H Y. Effects of litter on soil nutrients and microorganisms in pure and mixed forests of overripe Pinus massoniana [D]. Nanning: Guangxi University, 2019.]",
            "资源信息链接地址": "http://xueshu.baidu.com/s?wd= 凋落物对过熟马尾松纯林及混交林土壤养分与微生物的影响[D]. 南宁: 广西大学, 2019. [LI H Y. Effects of litter on soil nutrients and microorganisms in pure and mixed forests of overripe Pinus massoniana "
        },
        {
            "名称": "GRANIER A. Evaluation of transpiration in a Douglas-fir stand by means of sap flow measurements[J]. Tree Physiology, 1987, 3(4): 309–320. DOI:10.1093/treephys/3.4.309.",
            "资源信息链接地址": "http://xueshu.baidu.com/s?wd= Evaluation of transpiration in a Douglas-fir stand by means of sap flow measurements"
        },
        {
            "名称": "BRETFELD M, EWERS B E, HALL J S. Plant water use responses along secondary forest succession during the 2015-2016 El Niño drought in Panama[J]. The New Phytologist, 2018, 219(3): 885–899. DOI:10.1111/nph.15071.",
            "资源信息链接地址": "http://xueshu.baidu.com/s?wd= Plant water use responses along secondary forest succession during the 2015-2016 El Niño drought in Panama"
        }
    ],
    "作者": [
        {
            "姓名": "闵惠琳",
            "机构": [
                "中国林业科学研究院热带林业实验中心",
                "The Experimental Center of Tropical Forestry,Chinese Academy of Forestry",
                "崇左凭祥友谊关森林生态系统广西野外科学观测研究站",
                "Guangxi Youyiguan Forest Ecosystem Research Station"
            ],
            "贡献": "主要承担工作：数据处理和论文撰写。",
            "简介": "（1991—），女，甘肃人，硕士，工程师，研究方向为森林生态水文。"
        },
        {
            "姓名": "郑路",
            "机构": [
                "中国林业科学研究院热带林业实验中心",
                "The Experimental Center of Tropical Forestry,Chinese Academy of Forestry",
                "崇左凭祥友谊关森林生态系统广西野外科学观测研究站",
                "Guangxi Youyiguan Forest Ecosystem Research Station"
            ],
            "贡献": "主要承担工作：项目组织和数据质量控制。",
            "简介": "（1968—），男，新疆人，博士，高级工程师，研究方向为森林生态。"
        },
        {
            "姓名": "张继辉",
            "机构": [
                "广西壮族自治区林业勘测设计院",
                "Guangxi Youyiguan Forest Ecosystem Research Station"
            ],
            "贡献": "主要承担工作：设备维护。",
            "简介": "（1993—），男，云南人，硕士，工程师，研究方向为森林生态水文。"
        },
        {
            "姓名": "刘士玲",
            "机构": [
                "中国林业科学研究院热带林业实验中心",
                "The Experimental Center of Tropical Forestry,Chinese Academy of Forestry",
                "崇左凭祥友谊关森林生态系统广西野外科学观测研究站",
                "Guangxi Youyiguan Forest Ecosystem Research Station"
            ],
            "贡献": "主要承担工作：数据整理。",
            "简介": "（1987—），女，河北人，硕士，工程师，研究方向为森林生态。"
        },
        {
            "姓名": "李华",
            "机构": [
                "中国林业科学研究院热带林业实验中心",
                "The Experimental Center of Tropical Forestry,Chinese Academy of Forestry",
                "崇左凭祥友谊关森林生态系统广西野外科学观测研究站",
                "Guangxi Youyiguan Forest Ecosystem Research Station"
            ],
            "贡献": "主要承担工作：数据整理。",
            "简介": "（1978—），女，陕西人，博士，工程师，研究方向为森林土壤。"
        },
        {
            "姓名": "舒韦维",
            "机构": [
                "中国林业科学研究院热带林业实验中心",
                "The Experimental Center of Tropical Forestry,Chinese Academy of Forestry",
                "崇左凭祥友谊关森林生态系统广西野外科学观测研究站",
                "Guangxi Youyiguan Forest Ecosystem Research Station"
            ],
            "贡献": "主要承担工作：数据分析。",
            "简介": "（1992—），女，广西人，硕士，工程师，研究方向为森林生态。"
        },
        {
            "姓名": "马俊旭",
            "机构": [
                "中国林业科学研究院热带林业实验中心",
                "The Experimental Center of Tropical Forestry,Chinese Academy of Forestry",
                "崇左凭祥友谊关森林生态系统广西野外科学观测研究站",
                "Guangxi Youyiguan Forest Ecosystem Research Station"
            ],
            "贡献": "主要承担工作：数据采集。",
            "简介": "（1994—），男，广西人，学士，研究方向为森林生态。"
        },
        {
            "姓名": "杨坤",
            "机构": [
                "中国林业科学研究院热带林业实验中心",
                "The Experimental Center of Tropical Forestry,Chinese Academy of Forestry",
                "崇左凭祥友谊关森林生态系统广西野外科学观测研究站",
                "Guangxi Youyiguan Forest Ecosystem Research Station"
            ],
            "贡献": "主要承担工作：设备维护。",
            "简介": "（1992—），男，湖南人，硕士，研究方向为森林生态。"
        },
        {
            "姓名": "韦菊玲",
            "机构": [
                "中国林业科学研究院热带林业实验中心",
                "The Experimental Center of Tropical Forestry,Chinese Academy of Forestry",
                "崇左凭祥友谊关森林生态系统广西野外科学观测研究站",
                "Guangxi Youyiguan Forest Ecosystem Research Station"
            ],
            "贡献": "主要承担工作：样地布设。",
            "简介": "（1987—），女，广西人，硕士，工程师，研究方向为森林培育。"
        }
    ],
    "基金": "南亚热带人工林生态水文过程及机制观测研究（桂科AD20159094）；崇左凭祥友谊关森林生态系统广西野外科学观测研究站科研能力建设项目（桂科22-035-130-03）",
    "数据集名称": "2020–2021年南亚热带优势树种树干液流数据集",
    "数据作者": "郑路（1679634722@qq.com）",
    "时间范围": "2020年5月至2021年4月",
    "空间范围": "中国林业科学研究院热带林业实验中心（106°51′30″E-106°52′36″E，22°02′17″N-22°02′23″N）",
    "数据格式": "*.xlsx",
    "数据量": "1431 KB",
    "数据组成": "本数据集是树干液流自动观测数据集，由2020年5月至2021年4月南亚热带优势树种红椎、马尾松人工林24小时动态监测数据组成。",
    "引言": "森林是维持水、土、气、生等环境要素的重要生物系统，对水资源的重新分配起着至关重要的作用。在土壤–植被–大气（SPAC）循环系统中，植物蒸腾是水热传输过程中一个极其重要的环节，是陆地生态系统水分循环的重要角色[1]。为准确探究林木水分利用策略，动态、精确测定树干液流速率显得极其重要。多年来，国内外学者对树干液流及其蒸腾耗水等方面进行了大量研究。热扩散探针法由Granier于1985年提出，由于操作简便、准确性高、对植物破坏小、能长时间连续监测，且不受时空异质性的限制，能适应各种下垫面条件，成为野外原位监测单株树木液流的可靠手段[2]，被广泛应用于水文、生态、林业等多个领域[3-4]。随着全球水资源的短缺和温室效应的加剧，植被蒸散已成为森林生态学和森林水文学关注的焦点问题之一。国内外学者进行了大量研究，主要集中研究不同树种、纯林及混交林的树干液流变化特征[5-6]。由于树木自身的生理因素及环境因子的影响，树干液流呈现出不同的变化趋势，因此非常有必要在不同气候区、不同树种下开展更广泛的研究。红椎、马尾松是我国热带和亚热带地区的主要经营树种。马尾松适应性强、耐干旱与瘠薄，是我国覆盖面积最大的针叶树种[7]；而红椎天然更新能力强，被广泛应用于针叶低效纯林的多功能近自然化改造[8]。目前，对南亚热带红椎、马尾松人工林的研究主要集中在林分生长、生物量、碳储量、物种多样性、土壤及凋落物等方面[9-13]，但涉及红椎、马尾松水分利用特征及其对环境响应机制尚不清楚，尤其是乡土树种的树干液流变化特征、人工林水分利用机制等有待进一步研究。因此，本项目以南亚热带红椎、马尾松人工林为研究对象，开展植物蒸腾耗水规律的研究，旨在为森林科学合理经营、林水综合管理及发挥森林多种服务功能提供理论和方法依据，有助于更好地解决林水矛盾。",
    "数据采集和处理方法": "1.1样地描述数据监测区位于广西友谊关森林生态系统国家定位观测研究站（106°51′30″E–106°52′36″E，22°02′17″N–22°02′23″N），隶属中国林业科学研究院热带林业实验中心，属南亚热带半湿润–湿润气候，干湿季节明显，年均温21.5℃，≥10℃积温6000–7600℃，年降雨量1361mm，78%降雨量发生在5–10月，全年盛行东风，年平均风速0.8m/s，主要地貌类型以低山丘陵为主，土壤为山地红壤，多为花岗岩母质发育而成。在林分调查的基础上，设置两块30×30m样地，分别为红椎、马尾松人工林，开展观测前对样地进行每木检尺，调查林木的胸径、树高、冠幅等指标。样地内乔木主要包括马尾松、红椎、杉木（Cunninghamialanceolate(Lamb.)Hook.）、米老排（MytilarialaosensisLec.）等。林下灌木主要包括玉叶金花（MussaendapubescensAit.f.）、越南悬钩子（RubuscochinchinensisTratt.）、酸藤子（Embelialaeta(L.)Mez）等，草本植物主要包括铁芒箕（Dicranopterisdichotoma(Thunb.)Bernh）、扇叶铁线蕨（AdiantumflabellulatumL.Sp.）、半边旗（PterissemipinnataL.）等。样地基本概况见表1。下载表1样地基本概况树种林龄/a海拔/m坡向坡度/(°)林分密度/hm2平均胸径/cm平均树高/m郁闭度叶面积指数红椎34550东南坡2531528.615.30.82.290马尾松30600东南坡2234925.613.60.72.2091.2数据加工、处理方法与过程在各样地内选择生长良好、树体通直、无被挤压的标准木6株（样木基本概况见表2），应用热扩散茎流计（TDP-30，Dynamax，Houston，USA）进行树干液流的连续观测（图1）。TDP-30热扩散茎流计采用Granier液流测定原理设计，把两根热电偶探针直接插入树木的边材，上方为加热探针，下方为参考探针，根据不同的茎流产生不同的温度差，传感器感应由此产生的微小电压，从而提供茎流计算数据。TDP-30热扩散茎流计探针长度为30mm，针直径为1.2mm，测量精度为±0.03℃，可在温度−40～80℃、相对湿度0％～100％环境下正常工作，并且探针带有防水接头，具有优异的野外防水性能，可在潮湿或多雨的环境中保证测量的精度。为避免太阳辐射的影响及液流在不同方位和高度间的差异，保证测量精度，本试验热扩散探针均安装在树干靠北侧的同一高度，并使用锡箔护罩将安装探头所在的树干部分包裹起来。使用CRl000数据采集器(CampbellScientific,Logen,USA)设置采样程序记录并存储数据，数据采样间隔为1h。下载表2样木基本概况树种编号胸径/cm树高/m冠幅/m水平坡向上下坡向红椎Ch127.717.06.05.8Ch231.818.47.97.0Ch339.519.88.010.8Ch429.918.26.37.6Ch538.222.09.88.7Ch636.020.010.67.8马尾松Pm128.016.04.56.5Pm228.320.06.47.4Pm329.619.65.25.5Pm428.714.45.75.4Pm527.418.45.36.3Pm623.918.42.73.8图1树干液流测定系统示意图Figure1Schematicdiagramofthesapflowmeasurementsystem根据通用的Granier液流计算公式[14]计算树干液流速率Js：JS=0.0119×[(dtmax–dtact)/dtact]1.231（1）式中，JS是树干液流速率（ml·cm-2·s–1）；dtmax是植株无液流时，即JS=0时TDP两探针间的温差值；dtact是植株有液流时，TDP两探针间的温差值。",
    "数据描述": "本数据集的数据存储格式为Excel文件。文件包含2020年5月至2021年4月南亚热带优势树种红椎、马尾松人工林24小时树干液流动态监测数据，共17184条记录。表3列出数据表单所包含的具体字段名称、类型及示例。下载表3红椎、马尾松人工林树干液流数据集表单内容序号数据项数据类型量纲示例1监测时间字符型2020/5/12小时字符型0:00:003样树编号字符型Ch14胸径数字型cm27.75树干液流速率数字型ml·cm-2·s–10.00005466",
    "数据质量保证和控制": "严格按照规范的要求，通过行业专家把关进行样地的选择、设置，确保观测点具有典型性、代表性，配备专业监测人员按时进行野外观测数据的收集及整理，保证观测数据的质量和完整性。",
    "数据价值": "林分蒸腾是森林调控区域水分循环、可持续利用水资源的关键环节，森林蒸腾耗水规律是森林生态水文学研究的核心问题，也是体现森林生态系统自身稳定性与适应气候变化能力的一个关键过程[15]。在不同时空格局下，不同树种林分蒸腾规律存在明显差异。因此，非常有必要在不同气候区、不同树种下开展更广泛的研究。在全球气候变化的背景下，对南亚热带优势树种的水分利用策略的研究，可为深入研究林水分平衡提供理论和方法依据，也为林业可持续发展与生态管理提供科学的参考依据。",
    "引用格式": "郑路, 闵惠琳, 张继辉, 等. 2020–2021年南亚热带优势树种树干液流数据集[DS/OL]. 国家冰川冻土沙漠科学数据中心(www.ncdc.ac.cn), 2022. DOI: 10.12072/ncdc.Eco-Hydro.db1664.2022."
}