{
    "类目名称": "其他数据论文",
    "名称": "2021–2022年鄱阳湖10种珍稀候鸟定点观测数据集",
    "资源信息链接地址": "http://doi.org/10.57760/sciencedb.j00001.00428",
    "摘要": "摘要：鄱阳湖湿地是中国第一大淡水湖湿地，是最重要的候鸟越冬地之一。鸟类是湿地健康评价的重要指标，对鸟类进行识别与保护具有重要的科学意义。本文以鄱阳湖湿地生态综合数据库云平台为数据来源，参考《世界鸟类分类与分布名录》和《国家重点保护野生动物名录》等著作及相关论文对数据进行整理，设计了包括基本属性、时空属性、自身属性、环境属性的数据表，构建了包括6 278条记录、23个字段的鄱阳湖10种珍稀候鸟定点观测数据集。研究成果有助于学者们开展相关研究，推进保护区内鸟类保护工作。",
    "关键词": "鄱阳湖；候鸟；物种识别；鸟类保护",
    "参考引用": [
        {
            "名称": "李冰, 万荣荣, 杨桂山, 等. 近百年鄱阳湖湿地格局演变研究[J]. 湖泊科学, 2022, 34(3): 1018–1029. [LI B, WAN R R, YANG G S, et al. Investigating spatiotemporal dynamics of Lake Poyang wetland for the recent century[J]. Journal of Lake Sciences, 2022, 34(3): 1018–1029.]",
            "资源信息链接地址": "http://xueshu.baidu.com/s?wd= 近百年鄱阳湖湿地格局演变研究[J]. 湖泊科学, 2022, 34(3): 1018–1029. [LI B, WAN R R, YANG G S, et al. Investigating spatiotemporal dynamics of Lake Poyang wetland for the recent century"
        },
        {
            "名称": "张全军, 张广帅, 万松贤, 等. 鄱阳湖植食越冬候鸟粪便对洲滩湿地薹草枯落物分解过程及碳、氮、磷释放的影响[J]. 湖泊科学, 2019, 31(3): 814–824. DOI:10.18307/2019.0319. [ZHANG Q J, ZHANG G S, WAN S X, et al. Effects of herbivorous overwintering migratory birds' droppings on the decomposition of Carex cinerascens Kükenth and C, N, P release in Lake Poyang wetland[J]. Journal of Lake Sciences, 2019, 31(3): 814–824. ",
            "资源信息链接地址": "10.18307/2019.0319. [ZHANG Q J, ZHANG G S, WAN S X, et al. Effects of herbivorous overwintering migratory birds' droppings on the decomposition of Carex cinerascens Kükenth and C, N, P release in Lake Poyang wetland"
        },
        {
            "名称": "贾亦飞. 水位波动对鄱阳湖越冬白鹤及其他水鸟的影响研究[D]. 北京林业大学, 2013. [JIA Y F. Impact of water level fluctuation on Siberian Crane and other wintering waterbirds in Poyang Lake[D]. Beijing Forestry University, 2013.]",
            "资源信息链接地址": "http://xueshu.baidu.com/s?wd= 水位波动对鄱阳湖越冬白鹤及其他水鸟的影响研究[D]. 北京林业大学, 2013. [JIA Y F. Impact of water level fluctuation on Siberian Crane and other wintering waterbirds in Poyang Lake"
        },
        {
            "名称": "周文莹, 张入匀, 李艳朋, 等. 粤港澳大湾区不同类型湿地水鸟群落物种多样性和越冬水鸟栖息地重要性评价[J]. 湿地科学, 2021, 19(2): 178–190. DOI:10.13248/j.cnki.wetlandsci.2021.02.006. [ZHOU W Y, ZHANG R Y, LI Y P, et al. Species diversity of waterbird community in various types of wetlands and evaluation of importance of habitats of wintering waterbirds in the Guangdong-Hong Kong-Macao greater bay area[J]. Wetland Science, 2021, 19(2): 178–190. ",
            "资源信息链接地址": "10.13248/j.cnki.wetlandsci.2021.02.006. [ZHOU W Y, ZHANG R Y, LI Y P, et al. Species diversity of waterbird community in various types of wetlands and evaluation of importance of habitats of wintering waterbirds in the Guangdong-Hong Kong-Macao greater bay area"
        },
        {
            "名称": "林志玮, 丁启禄, 刘金福. 融合全域与局域特征的深度卷积网络鸟类种群识别[J]. 林业科学, 2020, 56(1): 133–144. DOI:10.11707/j.1001-7488.20200113. [LIN Z W, DING Q L, LIU J F. Bird species identification based on deep convolutional network with fusing global and local features[J]. Scientia Silvae Sinicae, 2020, 56(1): 133–144. ",
            "资源信息链接地址": "10.11707/j.1001-7488.20200113. [LIN Z W, DING Q L, LIU J F. Bird species identification based on deep convolutional network with fusing global and local features"
        },
        {
            "名称": "XIAO X, FANG C Y, LIN H, et al. A framework for quantitative analysis and differentiated marketing of tourism destination image based on visual content of photos[J]. Tourism Management, 2022, 93: 104585. DOI: 10.1016/j.tourman.2022.104585.",
            "资源信息链接地址": "http://xueshu.baidu.com/s?wd= A framework for quantitative analysis and differentiated marketing of tourism destination image based on visual content of photos"
        },
        {
            "名称": "XIAO X, FANG C Y, LIN H. Characterizing tourism destination image using photos[J]. ISPRS International Journal of Geo-Information, 2020, 9(12): 730. DOI: 10.3390/ijgi9120730.",
            "资源信息链接地址": "http://xueshu.baidu.com/s?wd= Characterizing tourism destination image using photos"
        },
        {
            "名称": "潘语豪, 危疆树, 曾令鹏. 基于YOLOv3的农田鸟类目标检测算法[J]. 激光与光电子学进展, 2022, 59(2): 510–518. [PAN Y H, WEI J S, ZENG L P. Farmland bird detection algorithm based on YOLOv3[J]. Laser & Optoelectronics Progress, 2022, 59(2): 510–518.]",
            "资源信息链接地址": "http://xueshu.baidu.com/s?wd= 基于YOLOv3的农田鸟类目标检测算法[J]. 激光与光电子学进展, 2022, 59(2): 510–518. [PAN Y H, WEI J S, ZENG L P. Farmland bird detection algorithm based on YOLOv3"
        },
        {
            "名称": "石贵民. 武夷山九曲溪湿地鸟类联网监测及识别系统[J]. 湖南工业大学学报, 2013, 27(2): 84–88. DOI:10.3969/j.issn.1673-9833.2013.02.018. [SHI G M. The birds-networking monitoring and recognition system in nine turns stream wetland of Mt. Wuyi[J]. Journal of Hunan University of Technology, 2013, 27(2): 84–88. ",
            "资源信息链接地址": "10.3969/j.issn.1673-9833.2013.02.018. [SHI G M. The birds-networking monitoring and recognition system in nine turns stream wetland of Mt. Wuyi"
        },
        {
            "名称": "林菡, 邢婷婷, 吴帆旭. 基于BP神经网络的闽江口湿地鸟类物种识别的研究[J]. 网络安全技术与应用, 2019(5): 37–39. DOI:10.3969/j.issn.1009-6833.2019.05.024. [LIN H, XING T T, WU F X. Study on bird species identification in Minjiang Estuary wetland based on BP neural network[J]. Network Security Technology & Application, 2019(5): 37–39. ",
            "资源信息链接地址": "10.3969/j.issn.1009-6833.2019.05.024. [LIN H, XING T T, WU F X. Study on bird species identification in Minjiang Estuary wetland based on BP neural network"
        },
        {
            "名称": "张晓伟, 王建凯, 郦希墨. 人工智能在鸟类保护系统中的应用[J]. 湿地科学与管理, 2021, 17(2): 61–64. [ZHANG X W, WANG J K, LI X M. Application of artificial intelligence in bird protection system[J]. Wetland Science & Management, 2021, 17(2): 61–64.]",
            "资源信息链接地址": "http://xueshu.baidu.com/s?wd= 人工智能在鸟类保护系统中的应用[J]. 湿地科学与管理, 2021, 17(2): 61–64. [ZHANG X W, WANG J K, LI X M. Application of artificial intelligence in bird protection system"
        },
        {
            "名称": "郑光美. 世界鸟类分类与分布名录[M]. 北京: 科学出版社, 2002. [ZHENG G M. A checklist on the classification and distribution of the birds of the world[M]. Beijing: Science Press, 2002.]",
            "资源信息链接地址": "http://xueshu.baidu.com/s?wd= 世界鸟类分类与分布名录[M]. 北京: 科学出版社, 2002. [ZHENG G M. A checklist on the classification and distribution of the birds of the world"
        },
        {
            "名称": "国家林业和草原局, 农业农村部. 《国家重点保护野生动物名录》(2021年2月1日修订)[J]. 野生动物学报, 2021, 42(2): 605–640. DOI:10.19711/j.cnki.issn2310-1490.2021.02.045. [National Forestry and Grassland Administration, Ministry of Agriculture and Rural Affairs of the PRC. List of national key protected wild animals (revised on February 1, 2021)[J]. Chinese Journal of Wildlife, 2021, 42(2): 605–640. ",
            "资源信息链接地址": "10.19711/j.cnki.issn2310-1490.2021.02.045. [National Forestry and Grassland Administration, Ministry of Agriculture and Rural Affairs of the PRC. List of national key protected wild animals (revised on February 1, 2021)"
        },
        {
            "名称": "IUCN. The IUCN red list of threatened species[EB/OL]. (2022) [2022-09-13]. https://www.iucnredlist.org.",
            "资源信息链接地址": "http://xueshu.baidu.com/s?wd= The IUCN red list of threatened species[EB/OL]. (2022) "
        },
        {
            "名称": "王昱熙. 长江中下游湿地10种水鸟种群动态研究[D]. 中国科学技术大学, 2021. [WANG Y X. Study on Population Dynamics of 10 Waterbirds in Wetlands of Middle and Lower Reaches of Yangtze River[D]. University of Science and Technology of China, 2021.]",
            "资源信息链接地址": "http://xueshu.baidu.com/s?wd= 长江中下游湿地10种水鸟种群动态研究[D]. 中国科学技术大学, 2021. [WANG Y X. Study on Population Dynamics of 10 Waterbirds in Wetlands of Middle and Lower Reaches of Yangtze River"
        },
        {
            "名称": "林梦翔, 林志玮, 黄秀萍, 等. 融合全局与随机局部特征的鸟类姿态识别模型[J]. 计算机辅助设计与图形学学报, 2022, 34(4): 581–591. [LIN M X, LIN Z W, HUANG X P, et al. Bird postures recognition model fusing global and random local features[J]. Journal of Computer-Aided Design & Computer Graphics, 2022, 34(4): 581–591.]",
            "资源信息链接地址": "http://xueshu.baidu.com/s?wd= 融合全局与随机局部特征的鸟类姿态识别模型[J]. 计算机辅助设计与图形学学报, 2022, 34(4): 581–591. [LIN M X, LIN Z W, HUANG X P, et al. Bird postures recognition model fusing global and random local features"
        },
        {
            "名称": "成水平, 罗莎, 胡鸿兴, 等. 武汉湿地水鸟多样性特征及其与几种生境因子的关系[J]. 华中师范大学学报(自然科学版), 2009, 43(3): 456–462. DOI:10.19603/j.cnki.1000-1190.2009.03.026. [CHENG S P, LUO S, HU H X, et al. Features of water bird diversity and the relationships with habitat factors in Wuhan wetlands[J]. Journal of Huazhong Normal University (Natural Sciences), 2009, 43(3): 456–462. ",
            "资源信息链接地址": "10.19603/j.cnki.1000-1190.2009.03.026. [CHENG S P, LUO S, HU H X, et al. Features of water bird diversity and the relationships with habitat factors in Wuhan wetlands"
        },
        {
            "名称": "向泓宇. 东洞庭湖越冬候鸟与环境因子的相关性研究[D]. 湖南大学, 2016. [XIANG H Y. Correlation research between overwintering migratory birds and environmental factors in East Dongting Lake[D]. Hunan University, 2016.]",
            "资源信息链接地址": "http://xueshu.baidu.com/s?wd= 东洞庭湖越冬候鸟与环境因子的相关性研究[D]. 湖南大学, 2016. [XIANG H Y. Correlation research between overwintering migratory birds and environmental factors in East Dongting Lake"
        },
        {
            "名称": "贾强. 长江中下游越冬大型鸭科鸟类及水鸟群落对环境因子的响应[D]. 中国科学技术大学, 2016. [JIA Q. Response of large Anatidae and waterbird communities to environmental factors in the Middle and Lower Yangtze River[D]. University of Science and Technology of China, 2016.]",
            "资源信息链接地址": "http://xueshu.baidu.com/s?wd= 长江中下游越冬大型鸭科鸟类及水鸟群落对环境因子的响应[D]. 中国科学技术大学, 2016. [JIA Q. Response of large Anatidae and waterbird communities to environmental factors in the Middle and Lower Yangtze River"
        }
    ],
    "作者": [
        {
            "姓名": "沈陆平",
            "机构": [
                "江西师范大学  地理与环境学院 南昌  330022 中国",
                "School of Geography and Environment  , Jiangxi Normal University, Nanchang  330022, P. R. China"
            ],
            "贡献": "数据搜集与整理，数据集制作，论文的撰写。 ",
            "简介": "（1999—），男，江苏苏州人，硕士研究生，研究方向为人文地理学。 "
        },
        {
            "姓名": "方朝阳",
            "机构": [
                "江西师范大学  地理与环境学院 南昌  330022 中国",
                "School of Geography and Environment  , Jiangxi Normal University, Nanchang  330022, P. R. China",
                "江西师范大学  鄱阳湖湿地与流域研究教育部重点实验室 南昌  330022 中国",
                "Key Laboratory of Poyang Lake Wetland and Watershed Research, Ministry of Education  , Jiangxi Normal University, Nanchang  330022, P. R. China"
            ],
            "贡献": "项目管理和论文审查。 ",
            "简介": "（1971—），男，浙江杭州人，博士，教授，研究方向为湿地生态监测与评估。 "
        },
        {
            "姓名": "肖昕",
            "机构": [
                "江西师范大学  地理与环境学院 南昌  330022 中国",
                "School of Geography and Environment  , Jiangxi Normal University, Nanchang  330022, P. R. China",
                "江西师范大学  鄱阳湖湿地与流域研究教育部重点实验室 南昌  330022 中国",
                "Key Laboratory of Poyang Lake Wetland and Watershed Research, Ministry of Education  , Jiangxi Normal University, Nanchang  330022, P. R. China"
            ],
            "贡献": "提出概念和研究方法。 ",
            "简介": "（1995—），男，江西吉安人，博士研究生，研究方向为虚拟地理环境和知识图谱。 "
        },
        {
            "姓名": "蔡振饶",
            "机构": [
                "江西师范大学  地理与环境学院 南昌  330022 中国",
                "School of Geography and Environment  , Jiangxi Normal University, Nanchang  330022, P. R. China",
                "江西师范大学  鄱阳湖湿地与流域研究教育部重点实验室 南昌  330022 中国",
                "Key Laboratory of Poyang Lake Wetland and Watershed Research, Ministry of Education  , Jiangxi Normal University, Nanchang  330022, P. R. China"
            ],
            "贡献": "论文撰写指导。 ",
            "简介": "（1992—），男，江西上饶人，博士研究生，研究方向为人文地理学。 "
        }
    ],
    "基金": [],
    "数据集名称": "2021–2022年鄱阳湖10种珍稀候鸟定点观测数据集",
    "数据作者": [
        "沈陆平",
        "方朝阳",
        "肖昕",
        "蔡振饶"
    ],
    "时间范围": "2021–2022年",
    "空间范围": "鄱阳湖",
    "数据量": "784 MB",
    "数据格式": "*.xlsx",
    "数据组成": "本数据集为一张包括6 278条记录，23个字段（图片、中文名、拉丁学名、国内保护级别、IUCN濒危等级、监测点位名称、经纬度、摄制时间、所属保护区名称、保护区级别、所属行政区、行为、是否成年、生境、气温、气压、水温、总氮、总磷、氨氮、pH值、叶绿素a、溶解氧）的Excel数据表。",
    "数据采集和处理方法": "1.1数据来源鄱阳湖10种珍稀候鸟定点观测数据来源于由江西省林业局主导建立的“鄱阳湖湿地生态综合数据库云平台”（以下简称平台），数据起止时间为2021年12月7日至2022年3月5日，地理区域涉及3个地级市、7个县区、6个保护区。表1为部分监测点位名称及相关信息。下载表1部分监测点位基本信息序号监测点位名称所属行政区所属保护区经纬度1永修大湖池九江市永修县鄱阳湖国家级自然保护区115°9580'E，29°1190'N2沙湖塄九江市庐山市鄱阳湖国家级自然保护区115°9346'E，29°1951'N3矶山南昌市新建区鄱阳湖南矶湿地国家级自然保护区116°3336'E，28°8964'N4香油洲上饶市鄱阳县东鄱阳湖国家湿地公园116°5133'E，29°1284'N5朱袍山九江市都昌县都昌候鸟省级自然保护区116°2997'E，29°1622'N6象湖墩南昌市新建区都昌候鸟省级自然保护区116°1386'E，29°0666'N7大湖口上饶市鄱阳县余干康山候鸟县级自然保护区116°4902'E，28°9146'N8三洲湖上饶市余干县余干康山候鸟县级自然保护区116°3924'E，28°8618'N9五星白鹤保护小区可见光南昌市南昌县五星白鹤保护小区116°3176'E，28°7577'N10下山口上饶市鄱阳县无116°4317'E，29°1084'N11大沔池九江市都昌县无116°2521'E，29°2458'N12芦潭九江市庐山市无115°9859'E，29°1848'N13插旗洲上饶市余干县无116°4570'E，28°8346'N1.2数据采集方法2021年12月7日至2022年3月5日，笔者对鄱阳湖湿地进行了为期88天的调查，在此期间随机选取时间对各个监测点位的画面进行截取，获取了白额雁（Anseralbifrons）、白鹤、白琵鹭（Platalealeucorodia）、白头鹤（Grusmonacha）、白枕鹤（Grusvipio）、东方白鹳（Ciconiaboyciana）、黑鹳（Ciconianigra）、鸿雁、灰鹤（Grusgrus）、小天鹅等十种珍稀鸟类6278张图片。各项环境数据由平台部署的监测站收集。表2为监测传感器主要参数。下载表2监测传感器主要参数监测指标监测传感器主要参数气温温度量程：-50~100℃分辨率：0.1℃精度：±0.5℃热时常数：15S工作温度范围：-60~150℃气压量程：10~1100hpa准确度：±0.3hPa分辨率：0.1hPa水温测定原理：热电阻或热电偶量程：0℃~60℃，可调准确度：±0.5℃MTBF：≥720h/次总氮测定原理：间苯二酚分光光度法量程：0~20mg/L，可调零点漂移：±5%量程漂移：±10%直线性：±10%重复性：±10%检出限：≤0.1mg/LMTBF：≥720h/次实际水样比对试验：±10%总磷测定原理：钼酸铵分光光度法量程：0~2mg/L，可调零点漂移：±5%量程漂移：±10%直线性：±10%重复性：±10%检出限：≤0.01mg/LMTBF≥720h/次实际水样比对试验：±10%氨氮测定原理：吸收光谱法波长范围：200~850nm监测频率：可自定义监测频率，最高监测能力3分钟/次。检出限：0.1mg/L零点漂移：±2%FS量程漂移：±2%FS重复性：±1%FS与标准方法的实际水样比对：±20%pH值测定原理：玻璃电极法量程：pH0~14（0~40℃），可调漂移（pH=4、7、9）：±0.1pH重复性：±0.1pH响应时间：≤30s温度补偿精度：±0.1pHMTBF：≥720h/次叶绿素a量程范围：0~400ug/L或0~100RFU分辨率：0.1ug/L防护等级：IP68最深深度：水下10米温度范围：0~50℃溶解氧测量范围：0~20mg/L；0~60℃分辨率：0.01mg/L；0.1℃精度：±0.5%FS；±0.3℃温补范围：自动0~60℃1.3数据处理方法本数据集从4个角度设置了23个字段，包括图片、中文名、拉丁学名、国内保护级别、IUCN濒危等级等基本属性字段，监测点位名称、经纬度、摄制时间、所属保护区名称、保护区级别、所属行政区等时空属性字段，行为、是否成年等自身属性字段，及生境、气温、气压、水温、总氮、总磷、氨氮、pH值、叶绿素a、溶解氧等环境属性字段。在本数据集中，各个物种的中文名和拉丁学名的使用参考《世界鸟类分类与分布名录》[12]和《国家重点保护野生动物名录》[13]等著作，国内保护级别参考《国家重点保护野生动物名录》，IUCN濒危等级参考IUCN红色名录[14]，时空属性字段数据均取自平台，行为包括觅食、游走、休憩、理羽、警戒、飞行等，是否成年参考各类著作及相关论文[15]，生境类型包括湖泊、浅滩、草洲、泥滩、泛滥地、裸地等天然生境以及池塘、灌溉地等人工生境，其余环境属性字段数据均取自平台。",
    "数据描述": "2021–2022年鄱阳湖10种珍稀候鸟定点观测数据集数据包括6278条记录，包括基本属性、时空属性、自身属性、环境属性4类属性。每种鸟类搜集的数据量如图1所示，其中东方白鹳数据量最多，黑鹳数据量最少。基本属性包括图片、中文名、拉丁学名、国内保护级别、IUCN濒危等级5个字段，时空属性包括监测点位名称、经纬度、摄制时间、所属保护区名称、保护区级别、所属行政区6个字段，自身属性包括行为、是否成年2个字段，环境属性包括生境、气温、气压、水温、总氮、总磷、氨氮、pH值、叶绿素a、溶解氧10个字段，总计23个字段。表3–表6为按照这4类属性划分的5条样例数据（白鹤、东方白鹳、白枕鹤、小天鹅、鸿雁）。图1各鸟类数据量图Figure1Datasizediagramofthe10bird下载表3基本属性样例数据序号图片中文名拉丁学名国内保护级别IUCN濒危等级1白鹤Grusleucogeranus一级极危（CR）2东方白鹳Ciconiaboyciana一级濒危（EN）3白枕鹤Grusvipio一级易危（VU）4小天鹅Cygnuscolumbianus二级无危（LC）5鸿雁Ansercygnoid二级易危（VU）下载表4时空属性样例数据监测点位名称经纬度摄制时间所属保护区名称保护区级别所属行政区大湖池（2）115°9597'E，29°1227'N20220110103032鄱阳湖国家级自然保护区国家级九江市永修县矶山116°3336'E，28°8964'N20220222100742鄱阳湖南矶湿地国家级自然保护区国家级南昌市新建区常湖池对岸115°9967'E，29°1276'N20220102114652鄱阳湖国家级自然保护区国家级九江市永修县车门村116°6240'E，29°1646'N20220131100541东鄱阳湖国家湿地公园无上饶市鄱阳县朱袍山116°2997'E，29°1622'N20220203101615都昌候鸟省级自然保护区省级九江市都昌县下载表5自身属性样例数据行为是否成年理羽是觅食是警戒是觅食是觅食是下载表6环境属性样例数据生境气温(℃)气压(hPa)水温(℃)总氮(mg/l)总磷(mg/l)氨氮(mg/l)pH值叶绿素a(ug/l)溶解氧(mg/l)浅滩0.00.08.62.20.1350.1733.656.9111浅滩3.081033.2510.10.00.030.00.00.010.03草洲9.311028.5918.10.930.0590.1027.3115.990.0湖泊4.681029.390.010.080.00.03.0310.27浅滩3.181026.596.51.090.2261.0276.4314.6111.13",
    "数据质量": "在数据收集阶段，我们对所有的原始数据进行了保存，便于后期的数据核对。我们邀请生物学专家进行了相关鸟类物种鉴别的培训，所有数据收集人员均在培训合格后再开始数据的收集工作，收集完毕后再由2位专业人员进行数据核对。在数据处置阶段，所有鸟类物种的鉴别严格参考了各类著作及相关论文上的分类特征描述，一切存疑的鉴别均由专家确认。在本数据集中，所有的环境数据均采自平台部署的监测站，在监测阶段，由长期在各个保护区工作的专业人员对监测仪器设备进行使用和维护。本文通过以上方式来确保数据的准确性。",
    "数据价值": "本数据集的价值体现在：一是针对当前鄱阳湖地区缺少公共的可用于鸟类识别的数据集的问题，构建了一个包括6278条记录的鄱阳湖10种珍稀鸟类数据集，有利于促进鄱阳湖地区开展鸟类目标检测工作，改善鸟类保护工作；二是兼顾了部分学者对鸟类行为数据的需要[16]，针对当下没有公共的鸟类行为数据集的问题，进行了鸟类行为的分类，有助于学者开展鸟类行为识别研究；三是参考相关论文[17-19]补充了与水鸟有关的环境数据，有益于学者开展水鸟多样性与环境因子的相关性研究，为水鸟多样性保护及湿地生态修复提供科学依据。本数据集可为从事上述研究的学者提供基础数据支撑，亦可为鸟类爱好者与管理人员提供珍稀鸟类频繁出没的地点信息，便于观察和保护。",
    "引用格式": "沈陆平, 方朝阳, 肖昕, 等. 2021–2022年鄱阳湖10种珍稀候鸟定点观测数据集[DS/OL]. Science Data Bank, 2022. (2022-08-19). DOI: 10.57760/sciencedb.j00001.00428."
}