{
    "类目名称": "其他数据论文",
    "名称": "尼勒克县新疆黑蜂蜂蜜理化指标数据集",
    "资源信息链接地址": "http://dx.doi.org/10.12205/A0013.20210625.30.ds.0394",
    "摘要": "摘要：尼勒克县新疆黑蜂保护区内，植物资源丰富、地理环境优越、养蜂历史悠久，一直以来是酿造高品质蜂蜜的优势产区，但未有研究检测过该地区新疆黑蜂蜂蜜理化品质。收集尼勒克新疆黑蜂保护区7个养殖基地新疆黑蜂蜂蜜的样本，记录相关地理信息，并按照相关国家标准方法测定理化指标含量，包括所有养殖基地的蜂蜜样本中葡萄糖和果糖、蔗糖、淀粉酶活性和水分含量指标。建立本数据集，可为尼勒克新疆黑蜂蜂蜜品质评价提供数据支撑。",
    "关键词": "理化指标；新疆黑蜂蜂蜜；新疆黑蜂保护区；含量",
    "参考引用": [
        {
            "名称": "张海峰. 新疆黑蜂产业发展措施与建议[J]. 蜜蜂杂志, 2019, 39(7): 54–55. [ZHANG H F. Analysis of development and countermeasures of apiculture in Xinjiang[J]. Journal of Bee, 2019, 39(7): 54–55.]",
            "资源信息链接地址": "http://xueshu.baidu.com/s?wd= 新疆黑蜂产业发展措施与建议[J]. 蜜蜂杂志, 2019, 39(7): 54–55. [ZHANG H F. Analysis of development and countermeasures of apiculture in Xinjiang"
        },
        {
            "名称": "李军生, 何仁, 江权燊, 等. 蜂蜜淀粉酶在鉴别蜂蜜掺假中的应用研究[J]. 食品科学, 2004, 25(10): 59–62. [LI J S, HE R, JIANG Q S, et al. The amylase activity of honey was used as new target for detecting honey adulteration[J]. Food Science, 2004, 25(10): 59–62.]",
            "资源信息链接地址": "http://xueshu.baidu.com/s?wd= 蜂蜜淀粉酶在鉴别蜂蜜掺假中的应用研究[J]. 食品科学, 2004, 25(10): 59–62. [LI J S, HE R, JIANG Q S, et al. The amylase activity of honey was used as new target for detecting honey adulteration"
        },
        {
            "名称": "山瑛. 伊犁州成熟蜂蜜和未成熟蜂蜜中水分和糖成分的变化初探[J]. 中国蜂业, 2014, 65(S2): 62–63. [SHAN Y. Exploration of the Ili mature and immature honey honey water and sugar ingredients[J]. Apiculture of China, 2014, 65(S2): 62–63.]",
            "资源信息链接地址": "http://xueshu.baidu.com/s?wd= 伊犁州成熟蜂蜜和未成熟蜂蜜中水分和糖成分的变化初探[J]. 中国蜂业, 2014, 65(S2): 62–63. [SHAN Y. Exploration of the Ili mature and immature honey honey water and sugar ingredients"
        },
        {
            "名称": "赵风云, 安学明, 王巧莉, 等. 陕甘不同地区刺槐蜜理化性质分析[J]. 食品与发酵工业, 2021, 47(22): 260–265. DOI:10.13995/j.cnki.11-1802/ts.026914. [ZHAO F Y, AN X M, WANG Q L, et al. Analysis of physicochemical characteristics of Robinia pseudoacacia honeys from Shaanxi-Gansu region[J]. Food and Fermentation Industries, 2021, 47(22): 260–265. ",
            "资源信息链接地址": "10.13995/j.cnki.11-1802/ts.026914. [ZHAO F Y, AN X M, WANG Q L, et al. Analysis of physicochemical characteristics of Robinia pseudoacacia honeys from Shaanxi-Gansu region"
        },
        {
            "名称": "王桃红,祖铁红,郑军红,贾光群,曹彦忠,陈辉,崔宗岩.紫穗槐蜂蜜理化指标及挥发性成分测定与分析[J/OL].食品与发酵工业:1-12[2021-12-16].https://doi.org/10.13995/j.cnki.11-1802/ts.028912. [WANG T H, ZU T H, ZHENG J H, et al. Determination and analysis of physical and chemical parameters and volatile compounds in Amorpha fruticosa honey[J/OL]. Food and Fermentation Industries:1-12[2021-12-16].https://doi.org/10.13995/j.cnki.11-1802/ts.028912.]",
            "资源信息链接地址": "http://xueshu.baidu.com/s?wd=紫穗槐蜂蜜理化指标及挥发性成分测定与分析[J/OL].食品与发酵工业:1-12[2021-12-16].https://doi.org/10.13995/j.cnki.11-1802/ts.028912. [WANG T H, ZU T H, ZHENG J H, et al. Determination and analysis of physical and chemical parameters and volatile compounds in Amorpha fruticosa honey[J/OL]. Food and Fermentation Industries:1-12"
        },
        {
            "名称": "张云双, 姜晓林, 王艳敏, 等. 云南省3种特色单花种蜂蜜理化指标检测与分析[J]. 食品研究与开发, 2021, 42(21): 110–115. DOI:10.12161/j.issn.1005-6521.2021.21.017. [ZHANG Y S, JIANG X L, WANG Y M, et al. Detection and analysis of physical and chemical parameters of three kinds of characteristic monofloral honey in Yunnan Province[J]. Food Research and Development, 2021, 42(21): 110–115. ",
            "资源信息链接地址": "10.12161/j.issn.1005-6521.2021.21.017. [ZHANG Y S, JIANG X L, WANG Y M, et al. Detection and analysis of physical and chemical parameters of three kinds of characteristic monofloral honey in Yunnan Province"
        },
        {
            "名称": "中华人民共和国国家卫生和计划生育委员会, 国家食品药品监督管理总局. 食品安全国家标准 食品中果糖、葡萄糖、蔗糖、麦芽糖、乳糖的测定: GB 5009.8—2016[S]. 北京: 中国标准出版社, 2017. [National Health and Family Planning Commission of the People's Republic of China, State Food and Drug Administration. National Standard for Food Safety  Determination of fructose, glucose, sucrose, maltose and lactose in food: GB 5009.8—2016[S]. Beijing: Standards Press of China, 2017.]",
            "资源信息链接地址": "http://xueshu.baidu.com/s?wd= 食品安全国家标准 食品中果糖、葡萄糖、蔗糖、麦芽糖、乳糖的测定: GB 5009.8—2016[S]. 北京: 中国标准出版社, 2017. [National Health and Family Planning Commission of the People's Republic of China, State Food and Drug Administration. National Standard for Food Safety  Determination of fructose, glucose, sucrose, maltose and lactose in food: GB 5009.8—2016"
        },
        {
            "名称": "国家质量监督检验检疫总局. 蜂蜜中淀粉酶值的测定方法分光光度法: GB/T 18932.16—2003[S]. 北京: 中国标准出版社, 2004. [General Administration of Quality Supervision, Inspection and Quarantine of the People's Republic of China. Method for the determination of diastase number in honey—Spectrophotometric method: GB/T 18932.16—2003[S]. Beijing: Standards Press of China, 2004.]",
            "资源信息链接地址": "http://xueshu.baidu.com/s?wd= 蜂蜜中淀粉酶值的测定方法分光光度法: GB/T 18932.16—2003[S]. 北京: 中国标准出版社, 2004. [General Administration of Quality Supervision, Inspection and Quarantine of the People's Republic of China. Method for the determination of diastase number in honey—Spectrophotometric method: GB/T 18932.16—2003"
        },
        {
            "名称": "国家质量监督检验检疫总局. 进出口蜂蜜检验规程: SN/T 0852—2012[S]. 北京: 中国标准出版社, 2013. [General Administration of Quality Supervision, Inspection and Quarantine of the People's Republic of China. Rules for the inspection of honey for import and export: SN/T 0852—2012[S]. Beijing: Standards Press of China, 2013.]",
            "资源信息链接地址": "http://xueshu.baidu.com/s?wd= 进出口蜂蜜检验规程: SN/T 0852—2012[S]. 北京: 中国标准出版社, 2013. [General Administration of Quality Supervision, Inspection and Quarantine of the People's Republic of China. Rules for the inspection of honey for import and export: SN/T 0852—2012"
        },
        {
            "名称": "中华全国供销合作总社. 蜂蜜：GH/T 18796-2012[S]. 北京：中国标准出版社，2012.[China National Federation of Supply and Marketing Cooperation. Honey: GH/T 18796-2012 [S]. Beijing: Standards Press of China, 2012.]",
            "资源信息链接地址": "http://xueshu.baidu.com/s?wd= 蜂蜜：GH/T 18796-2012[S]. 北京：中国标准出版社，2012.[China National Federation of Supply and Marketing Cooperation. Honey: GH/T 18796-2012 "
        }
    ],
    "作者": [
        {
            "姓名": "师丰丰",
            "机构": [
                "中国农业科学院蜜蜂研究所",
                "Institute of Apicultural Research, CAAS"
            ],
            "贡献": "数据获取、整理，论文撰写。 ",
            "简介": "男，甘肃天水人，硕士研究生，研究方向为食品加工与安全。 "
        },
        {
            "姓名": "刘婷婷",
            "机构": [
                "中国农业科学院农业信息研究所",
                "Agricultural Information Institute of CAAS",
                "国家农业科学数据中心",
                "National Agriculture Science Data Center",
                "中国农业科学院国家南繁研究院",
                "National Nanfan Research Institute (Sanya), Chinese Academy of Agricultural Sciences"
            ],
            "贡献": "数据整理与汇总。 ",
            "简介": "女，北京人，硕士，助理研究员，研究方向为科学数据管理。 "
        },
        {
            "姓名": "孙丽萍",
            "机构": [
                "中国农业科学院蜜蜂研究所",
                "Institute of Apicultural Research, CAAS"
            ],
            "贡献": "总体方案设计与组织实施。 ",
            "简介": "女，北京人，硕士，教授，研究方向为蜂产品的功效。 "
        }
    ],
    "基金": "中国农业科学院创新工程项目（CAAS-ASTIP-2020-IAR）",
    "数据集名称": "尼勒克县新疆黑蜂蜂蜜理化指标数据集",
    "数据作者": "刘婷婷（liutingting@caas.cn），孙丽萍（caasun@126.com）",
    "时间范围": "2019年",
    "空间范围": "中国新疆维吾尔自治区伊犁哈萨克族自治州尼勒克县新疆黑蜂保护区",
    "数据量": "24.8 MB",
    "数据格式": "*.jpg，*.xlsx",
    "数据组成": "数据集由2部分数据组成。其一是样品信息和各项理化指标含量数据，包括7个来自不同养殖基地新疆黑蜂蜂蜜样品的采集地名称、编号、经纬度和海拔信息，以及淀粉酶值、水分、果糖、葡萄糖和蔗糖含量共5项指标，每项做两组平行，为xlsx格式；其二是7个样品的图片，包含7个新疆黑蜂蜂蜜样品的图片，为jpg格式。",
    "引言": "新疆黑蜂具有耐高寒气候、抗逆性能强劲、越冬能力强、外出采集力强等优点，是我国特有的优异的西方蜜蜂亚种。尼勒克县域内环境优美，无污染，蜜源植物种类丰富，国家级新疆黑蜂保护区就位于此，尼勒克县新疆黑蜂蜂蜜是则由新疆黑蜂采集尼勒克县种蜂场附近山花酿造而成[1]。检测蜂蜜中理化指标是评价蜂蜜质量的重要手段。不同地域、不同蜜源植物所生产的蜂蜜，其各项理化含量及生物活性作用有较大差异。蜂蜜中的淀粉酶稳定性较差，研究证明，蜂蜜是否经过热处理、是否掺假都可以参照淀粉酶值判定[2]，而水分含量可以用来判断蜂蜜是否达到自然成熟[3]。赵风云等[4]对陕甘不同地区刺槐蜜理化性质进行分析，不同地区刺槐蜜水分、色度和灰分差异显著，还原糖和果糖含量在陇县和清水县含量最高，pH值差异不显著。王桃红等[5]对陕西山西两地紫穗槐蜂蜜理化指标测定分析，其水分在15.5%–17.8%之间，淀粉酶值在27.2–70.6mL/(g﹒h)，还原糖含量在65.9%–71.1%，蔗糖含量低于2.42%。张云双等[6]对云南3种大宗单花蜜常规理化指标进行检测，3种蜂蜜所有指标均符合相关国家标准，澳洲坚果蜜、苕子蜜、橡胶蜜的平均淀粉酶值依次为12.41、25.74、15.98mL/(g﹒h)。但未有研究表征新疆黑蜂蜂蜜的各项理化指标，因此本研究样品对采自新疆黑蜂保护区7个养殖基地蜂蜜样品各项理化指标含量进行分析研究，从而建立尼勒克县新疆黑蜂蜂蜜理化指标含量数据集。本数据集对我国新疆地区特有的新疆黑蜂百花蜜中的理化指标进行定量检测，科学地展示了新疆黑蜂百花蜜的优异，同时本数据集将为科研工作者发掘新疆黑蜂蜂蜜的营养价值提供数据参考，为当地开发特色蜂蜜提供科学依据。",
    "数据采集和处理方法": "1.1样品采集、保存及预处理采集：尼勒克黑蜂蜂蜜样品采集自尼勒克县新疆黑蜂保护区内7个不同养殖基地，分别是阿斯郎沟、寨布拉沟、小蜂场沟、狗熊沟、老布隆沟、塔灯沟、依森布谷沟，每个基地采集混样2kg（分4瓶，每瓶500g），在2019年7-8月进行采集。保存：采集后于−20℃保存至检测。预处理：对于未结晶样品，搅拌使其均匀，在进行取样；对于结晶样品，在45℃下温度中进行水浴，全部溶解后，再搅拌均匀取样。1.2理化指标检测对预处理后样品，根据国标相关理化指标检测方法进行检测，参照标准见表1。下载表1新疆黑蜂蜂蜜理化指标检测方法检测项检测方法参照标准标准号果糖高效液相色谱法食品安全国家标准食品中果糖、葡萄糖、蔗糖、麦芽糖、乳糖的测定[7]GB5009.8—2016葡萄糖高效液相色谱法食品安全国家标准食品中果糖、葡萄糖、蔗糖、麦芽糖、乳糖的测定[7]GB5009.8—2016蔗糖高效液相色谱法食品安全国家标准食品中果糖、葡萄糖、蔗糖、麦芽糖、乳糖的测定[7]GB5009.8—2016淀粉活性酶分光光度法蜂蜜中淀粉酶值的测定方法分光光度法[8]GB/T18932.16—2003水分附录A中方法进出口蜂蜜检验规程[9]SN/T0852—2012相关仪器设备：LC-20AD高效液相色谱仪、UV-2550型紫外–可见分光光度计（日本岛津公司制造）；阿贝折射仪（上海光学仪器厂制造）；Milli-QAdvantageA10超纯水仪（法国默克公司制造）；Vortex-Genie2涡旋仪（美国ScientificIndustry公司制造）；HWS-28型电热恒温水浴锅（上海一恒科学仪器有限公司制造）。对于样品中果糖、葡萄糖和蔗糖检测，称取2.00g蜂蜜样品，超纯水溶解，50ml定容，8000r/min离心15min，上清液过0.45μm滤膜，待上机检测，其他操作及参数均依照国标GB5009.8—2016进行。对于样品中水分和淀粉酶活性检测，完全依照蜂蜜相关标准（GB/T18932.16—2003、SN/T0852—2012）执行操作。1.3数据处理本研究使用了蜂蜜产品理化指标（包括淀粉酶值、水分、果糖、葡萄糖和蔗糖含量）相关检测方法和限量判定标准。测定方法为相关国家标准和行业标准，即GB5009.8—2016、GB/T18932.16—2003和SN/T0852—2012，判定方法为国家行业标准，即GH/T18796-2012蜂蜜[10]。本研究采集每个养殖基地样品2kg为混合样品，分四瓶装是为了便于保存和使用，避免因某次失误操作等问题使得整个样品被污染，另一方面将一部分样品保存于4℃下，便于短时间内的一些实验使用，另一部分样品保存于–20℃下，作为备用以及后续实验使用。本实验2组平行数据均是从一个样品瓶中取出进行后续实验。",
    "数据描述": "数据由2部分组成，其一是新疆黑蜂蜂蜜样品信息和理化指标含量数据，样例见表2，蜂蜜理化指标包括淀粉酶值、水分、果糖、葡萄糖和蔗糖含量，样品信息包括采集地区名称、编号、经纬度和海拔；其二是各产区新疆黑蜂蜂蜜样品图片，样例见图1，样品图片以样品采集地编号进行命名，为jpg格式文件。图1寨布拉沟产区新疆黑蜂蜂蜜图片Figure1PictureofXinjiangBlackBeeHoneyintheZhaibulagullyproductionarea下载表2新疆黑蜂蜂蜜理化指标含量数据指标淀粉酶值（mL/(g﹒h））水分（%）果糖（%）葡萄糖（%）蔗糖（%）平行数1212121212A135.935.918.218.037.937.732.032.5未检出未检出本数据集样品为尼勒克县新疆黑蜂保护区内7个养殖基地（阿斯郎沟、寨布拉沟、小蜂场沟、狗熊沟、老布隆沟、塔灯沟、依森布谷沟）新疆黑蜂蜂蜜，并依次记为A1、A2、A3、A4、A5、A7和A8。其中因某些不可抗因素未获得A6样品，仍保留其编号是因为将在后续年份再采集样品。7个养殖基地的蜂蜜水分含量均符合国家行业标准一级蜜限量20%（GH/T18796-2012），这表明尼勒克地区的新疆黑蜂蜂蜜具有较高的成熟度。葡萄糖和果糖含量总和高于国家行业标准限量60%（GH/T18796-2012），而蜂蜜中还原糖含量占比较高，更容易被人体直接吸收利用。蔗糖在A3养殖基地蜂蜜被检出达1.24%，但低于国家行业标准限量5%（GH/T18796-2012），而其他6个养殖基地的蜂蜜中蔗糖含量均低于检测限。蜂蜜中淀粉酶活性是评判其新鲜度与否的重要指标之一，因为在蜂蜜的加工贮存过程中，不良的操作都可引起其淀粉酶活性的下降。而尼勒克新疆黑蜂7个养殖基地的蜂蜜中淀粉酶活性均远高于国家行业标准限量4mL/(g﹒h)（GH/T18796-2012），这表明了尼勒克地区的新疆黑蜂蜂蜜中酶活性很高。",
    "数据质量": "新疆尼勒克县内新疆黑蜂养殖地区主要为草原生态系统，而主要的养殖基地集中在几大地理沟系中，由于各沟系之间植物分布、地理环境等差异较大，导致蜂蜜品质、物理状态差异较大。本研究为探究新疆黑蜂蜂蜜的理化指标特征，因此随机挑选尼勒克县境内新疆黑蜂保护区内7个不同沟系的养殖基地，包括阿斯郎沟、寨布拉沟、小蜂场沟、狗熊沟、老布隆沟、塔灯沟、依森布谷沟，每个基地各抽取一份样品，每个样本都进行两组平行测定理化指标数据。样品自蜂场采集后置于−20℃环境下直至检测，保证样品的可靠性。测定过程严格按照方法要求进行实验操作，由同一实验员对同一实验项目连续进行两次平行测定。考察实验数据稳定性，若两组数据结果差异较大，则重新测定。理化指标的检出限均依据相关行业标准要求严格执行。检出结果严格按照蜂蜜国家标准（GH/T18796-2012）判定，一等品级蜂蜜水分≤20%，果糖和葡萄糖含量≥60%，蔗糖含量≤5%，淀粉酶活性≥4mL/(g﹒h）。",
    "数据使用和建议": "本数据集为新疆尼勒克地区新疆黑蜂保护区内蜂蜜的各项理化指标，因此在使用时考虑地域差异以及蜜蜂品种差异因素，同时可将其与国家或行业相关标准以及各特色蜜种进行比较分析。本数据集在国家农业科学数据平台共享。基于本数据集可使用spss、stata等统计分析软件对尼勒克县新疆黑蜂蜂蜜理化指标数据分析研究。",
    "引用格式": "孙丽萍, 师丰丰. 尼勒克县新疆黑蜂蜂蜜理化指标数据集[DS/OL]. 中国农业科学院蜜蜂研究所. 国家农业科学数据中心, 2021. (2021-06-28). DOI: 10.12205/A0013.20210625.30.ds.0394.  "
}