{
    "类目名称": "高亚洲冰、雪和环境专题",
    "名称": "1967–2014年科西河流域面积≥0.05 km2冰湖轮廓数据集",
    "资源信息链接地址": "http://www.sciencedb.cn/dataSet/handle/885",
    "摘要": "摘要：科西河流域发育有众多的冰川和冰湖，冰川覆盖率达9.78%，冰湖数量221个，冰湖分布及变化不仅是预测该区域冰湖溃决洪水灾害的基础数据，而且可以在一定程度上反映高山寒区气候及冰川水资源的变化。本数据集应用1960s–2010s多源遥感影像数据（Corona、Landsat MSS/TM/ETM+/OLI）及地形图进行目视解译获得了科西河流域1960s、1970s、1980s、1990s、2000s和2010s的6期冰湖数据，解译精度控制在一个像元以内。研究区空间范围为26.86°–29.14°N，85.39°–88.95°E，覆盖印德拉瓦迪、孙科西、绒辖曲、利库科拉、牛奶河、阿润和塔木尔等子流域。本数据集包括科西河流域内面积≥0.05 km2的冰湖，数据集时序较长且包含冰湖类型及其他几何属性信息，可作为科西河流域冰湖时空变化、冰湖水量变化评估的基础数据，也可作为喜马拉雅山地区冰湖溃决危险性评估、水资源变化、气候变化及冰湖与冰川间变化响应关系等研究的重要依据。",
    "关键词": "冰湖；科西河；目视解译；青藏高原",
    "参考引用": [
        {
            "名称": "RICHARDSON S D, REYNOLDS J M. An overview of glacial hazards in the Himalayas[J]. Quaternary International, 2000, 65/66: 31-47",
            "资源信息链接地址": "http://xueshu.baidu.com/s?wd= An overview of glacial hazards in the Himalayas"
        },
        {
            "名称": "OSTI R, EGASHIRA S. Hydrodynamic characteristics of the Tam Pokhari glacial lake outburst flood in the Mt. Everest region, Nepal[J]. Hydrological Processes, 2009, 23(20): 2943-2955.",
            "资源信息链接地址": "http://xueshu.baidu.com/s?wd= Hydrodynamic characteristics of the Tam Pokhari glacial lake outburst flood in the Mt. Everest region, Nepal"
        },
        {
            "名称": "姚晓军, 刘时银, 孙美平, 等. 20 世纪以来西藏冰湖溃决灾害事件梳理[J]. 自然资源学报, 2014, 29(8): 1377-1390.",
            "资源信息链接地址": "http://xueshu.baidu.com/s?wd= 20 世纪以来西藏冰湖溃决灾害事件梳理"
        },
        {
            "名称": "CUI P, DANG C, CHENG Z, et al. Debris flows resulting from glacial-lake outburst floods in Tibet, China[J]. Physical Geography, 2010, 31(6): 508-527.",
            "资源信息链接地址": "http://xueshu.baidu.com/s?wd= Debris flows resulting from glacial-lake outburst floods in Tibet, China"
        },
        {
            "名称": "王欣, 刘时银, 莫宏伟, 等. 我国喜马拉雅山区冰湖扩张特征及其气候意义[J]. 地理学报, 2011, 66(7):895-904.",
            "资源信息链接地址": "http://xueshu.baidu.com/s?wd= 我国喜马拉雅山区冰湖扩张特征及其气候意义"
        },
        {
            "名称": "秦大河, 姚檀栋, 丁永建, 等. 冰冻圈科学辞典[M]. 北京: 气象出版社, 2014: 2-54.",
            "资源信息链接地址": "http://xueshu.baidu.com/s?wd= 冰冻圈科学辞典"
        },
        {
            "名称": "中国科学院-水利部成都山地灾害与环境研究所, 西藏自治区交通厅科学研究所. 西藏泥石流与环境[M]. 成都: 成都科技大学出版社, 1999: 79.",
            "资源信息链接地址": "http://xueshu.baidu.com/s?wd= 西藏泥石流与环境"
        },
        {
            "名称": "曹学诚, 刘周周, 李维胜. 尼泊尔4·25地震震前冰湖制图与潜在危险性分析[J]. 冰川冻土, 2016, 38(3): 573-583.",
            "资源信息链接地址": "http://xueshu.baidu.com/s?wd= 尼泊尔4·25地震震前冰湖制图与潜在危险性分析"
        },
        {
            "名称": "姚晓军, 刘时银, 韩磊, 等. 冰湖的界定与分类体系——面向冰湖编目和冰湖灾害研究[J]. 地理学报, 2017, 72(7): 1173-1183.",
            "资源信息链接地址": "http://xueshu.baidu.com/s?wd= 冰湖的界定与分类体系——面向冰湖编目和冰湖灾害研究"
        },
        {
            "名称": "唐升贵, 刘发祥, 赵振远. 西藏念青唐古拉山东段冰湖的时空分布特征及其影响因素探讨[J]. 科技资讯, 2014, 12(16): 35-36.",
            "资源信息链接地址": "http://xueshu.baidu.com/s?wd= 西藏念青唐古拉山东段冰湖的时空分布特征及其影响因素探讨"
        },
        {
            "名称": "陈晨, 郑江华, 刘永强, 等. 近20年中国阿尔泰山区冰川湖泊对区域气候变化响应的时空特征[J]. 地理研究, 2015, 34(2): 270-284.",
            "资源信息链接地址": "http://xueshu.baidu.com/s?wd= 近20年中国阿尔泰山区冰川湖泊对区域气候变化响应的时空特征"
        },
        {
            "名称": "姚治君, 段瑞, 董晓辉, 等. 青藏高原冰湖研究进展及趋势[J]. 地理科学进展, 2010, 29(1): 10-14.",
            "资源信息链接地址": "http://xueshu.baidu.com/s?wd= 青藏高原冰湖研究进展及趋势"
        },
        {
            "名称": "REYNOLDS J M. Glacial-lake outburst floods（GLOF）in the Himalayas: an example of hazard mitigation from Nepal[J]. Geoscience and Development, 1995, 2: 6-8.",
            "资源信息链接地址": "http://xueshu.baidu.com/s?wd= Glacial-lake outburst floods（GLOF）in the Himalayas: an example of hazard mitigation from Nepal"
        },
        {
            "名称": "LIU C H, SHARMA C K. Report on First Expedition toGlaciers and Glacier Lakes in the Pumqu (Arun) and Poqu (Bhote-SunKosi) River basins, XiZang (Tibet), China[M]. Beijing: Science Press, 1988.",
            "资源信息链接地址": "http://xueshu.baidu.com/s?wd= Report on First Expedition toGlaciers and Glacier Lakes in the Pumqu (Arun) and Poqu (Bhote-SunKosi) River basins, XiZang (Tibet), China"
        },
        {
            "名称": "RICHARDSON S D, REYNOLDS J M. An overview of glacial hazards in the Himalayas[J]. Quaternary International, 2000, 65/66, 31-47.",
            "资源信息链接地址": "http://xueshu.baidu.com/s?wd= An overview of glacial hazards in the Himalayas"
        },
        {
            "名称": "邓伟, 张镱锂. 气候变化下Koshi河流域资源、环境与发展[M]. 成都: 四川科学技术出版社, 2014:82.",
            "资源信息链接地址": "http://xueshu.baidu.com/s?wd= 气候变化下Koshi河流域资源、环境与发展"
        },
        {
            "名称": "KARGEL J S, LEONARD G J, SHUGAR D H, et al. Geomorphic and geologic controls of geohazards inducedby Nepal's 2015 Gorkha earthquake[J]. Science, 2016, 351(6269): aac8353．",
            "资源信息链接地址": "http://xueshu.baidu.com/s?wd= Geomorphic and geologic controls of geohazards inducedby Nepal's 2015 Gorkha earthquake"
        },
        {
            "名称": "YAMADA T, SHARMA C K. Glacier lakes and outburst floods in the Nepal Himalaya[J]. IAHS, 1993, 218: 319-330.",
            "资源信息链接地址": "http://xueshu.baidu.com/s?wd= Glacier lakes and outburst floods in the Nepal Himalaya"
        },
        {
            "名称": "刘时银, 姚晓军, 郭万钦, 等. 基于第二次冰川编目的中国冰川现状[J]. 地理学报, 2015, 70(1): 3-16.",
            "资源信息链接地址": "http://xueshu.baidu.com/s?wd= 基于第二次冰川编目的中国冰川现状"
        },
        {
            "名称": "宫鹏, 姚晓军, 孙美平. 1967–2014年科西河流域冰湖时空变化[J]. 生态学报, 2017, 37(24): 8422-8432．",
            "资源信息链接地址": "http://xueshu.baidu.com/s?wd= 1967–2014年科西河流域冰湖时空变化"
        },
        {
            "名称": "马荣华, 杨桂山, 段洪涛, 等. 中国湖泊的数量、面积与空间分布[J]. 中国科学: 地球科学, 2011, 41(3): 394-401.",
            "资源信息链接地址": "http://xueshu.baidu.com/s?wd= 中国湖泊的数量、面积与空间分布"
        }
    ],
    "作者": [
        {
            "姓名": "张大弘",
            "机构": [
                "西北师范大学地理与环境科学学院",
                "College of Geography and Environmental Science, Northwest Normal University"
            ],
            "贡献": "主要承担工作：基础数据收集、处理及论文撰写。",
            "简介": "（1993—），男，甘肃平凉人，硕士研究生，主要研究方向为GIS设计与开发。"
        },
        {
            "姓名": "宫鹏",
            "机构": [
                "西北师范大学地理与环境科学学院",
                "College of Geography and Environmental Science, Northwest Normal University"
            ],
            "贡献": "主要承担工作：基础数据处理、目视解译。",
            "简介": "（1990—），男，甘肃礼县人，硕士，主要研究方向为GIS与冰冻圈变化。"
        },
        {
            "姓名": "姚晓军",
            "机构": [
                "西北师范大学地理与环境科学学院",
                "College of Geography and Environmental Science, Northwest Normal University"
            ],
            "贡献": "主要承担工作：总体方案设计、冰湖类型确定。",
            "简介": "（1980—），男，山西夏县人，博士，副教授，主要研究方向为地理信息技术与冰冻圈变化。"
        },
        {
            "姓名": "刘娟",
            "机构": [
                "西北师范大学地理与环境科学学院",
                "College of Geography and Environmental Science, Northwest Normal University"
            ],
            "贡献": "主要承担工作：数据集后期处理、冰湖类型识别。",
            "简介": "（1993—），女，甘肃定西人，硕士研究生，主要研究方向为环境科学与地理信息系统。"
        }
    ],
    "基金": "国家自然科学基金（41561016、41861013、41801052）；西北师范大学青年教师科研能力提升计划（NWNU-LKQN-14-4）。",
    "数据集名称": "1967–2014年科西河流域面积≥0.05 km2冰湖轮廓数据集",
    "数据作者": "姚晓军（yaoxj_nwnu@163.com）",
    "时间范围": "1967–2014年",
    "空间范围": "地理范围包括26.86°–29.14°N，85.39°–88.95°E，北至雅鲁藏布江南部，南到尼泊尔与印度交界处，西临加德满都，东达中、尼、印三国接壤地区。",
    "空间分辨率": "全色影像1.8 m(Corona) / 15 m(Landsat ETM+/OLI)，多光谱影像78 m(Landsat MSS) / 30 m(Landsat TM/ETM+/OLI)；地理坐标系为WGS1984，投影坐标系为UTM。",
    "数据量": "143.94 MB",
    "数据格式": "ESRI Shapefile文件（压缩为.zip格式）",
    "数据组成": "数据集共包括2个数据文件：（1）Basin_Koshi.zip是科西河流域边界数据，数据量0.1 MB；（2）Glacial_lake_Koshi.zip是1967–2014年科西河流域面积≥0.05 km2的冰湖轮廓数据，数据量143.84 MB。",
    "数据采集和处理方法": "1.1数据来源与预处理为获取科西河流域不同年代的冰湖数据，本研究选用的遥感影像数据源主要包括USGS/NASA（http://earthexplorer.usgs.gov）提供的14景Corona卫星影像和56景LandsatMSS/TM/ETM+/OLI遥感影像（表1）。其中，Corona卫星影像成像时间集中在1960s，是该时段可获得的质量较好的遥感影像；LandsatMSS/TM/ETM+遥感影像时间为1970s、1980s、1990s、2000s，LandsatOLI遥感影像则反映了2013年以来该流域冰湖状况。以LandsatMSS/TM/OLI数据作为主要数据源，可以免费获取大量的数据，且回访周期短，利用成像时间接近的影像通过交叉验证解译方法可以避免云和山体阴影等因素的干扰，提高冰湖解译精度。为保证数据的准确性，本研究同时选用了该流域1966–1980年的83幅地形图，其中包括4幅1:50万、22幅1:10万、48幅1:5万和7幅1:2.5万地形图。受遥感影像空间分辨率限制，按LandsatMSS影像空间分辨率（78m）计算，0.006km2是像元解译的理论阈值，考虑历史上该流域已溃决的冰湖面积普遍较大及冰湖面积扩张时长，本研究仅解译面积≥0.05km2的冰湖。此外，冰川轮廓矢量数据可以辅助识别或确定冰湖位置，研究区所用的冰川轮廓数据由科技部科技基础性工作专项“中国冰川资源及其变化调查”项目组和国际山地中心（ICIMOD）提供[19]。下载表1数据集所采用的遥感影像列表影像编号/轨道号卫星/传感器空间分辨率/m影像获取时间DS1037-1039DA026CoronaKH-41.8(全色)1967-11-11DS1037-1039DA027CoronaKH-41.8(全色)1967-11-11DS1037-1039DA028CoronaKH-41.8(全色)1967-11-11DS1044-1070DA095CoronaKH-41.8(全色)1967-11-11DS1044-1070DA096CoronaKH-41.8(全色)1967-11-11DS1044-1070DA097CoronaKH-41.8(全色)1967-11-11DS1108-2217DA063CoronaKH-41.8(全色)1969-12-18DS1108-2217DA064CoronaKH-41.8(全色)1969-12-18DS1108-2217DA065CoronaKH-41.8(全色)1969-12-18DS1108-2217DA066CoronaKH-41.8(全色)1969-12-18DS1049-2136DA148CoronaKH-41.8(全色)1968-12-21DS1108-2233DA055CoronaKH-41.8(全色)1968-12-21DS1014-2218DA192CoronaKH-41.8(全色)1968-12-21DS1014-2218DA068CoronaKH-41.8(全色)1972-04-21139/040LandsatMSS781976-12-18LandsatTM301989-12-28;1990-01-13;2000-10-07;2000-11-08;2011-08-27LandsatOLI302013-06-13;2014-01-07139/041LandsatMSS781976-12-18LandsatTM301989-10-25;1989-11-10;1999-09-19;2000-12-26;2011-08-27LandsatOLI302013-06-13;2013-11-20;2013-12-06140/040LandsatMSS781976-12-19LandsatTM301989-01-17;1992-09-30;1999-11-29;2000-09-12;2000-09-28;2010-10-26;2010-11-11;2010-04-09;2010-04-25LandsatOLI302013-11-11;2014-05-22140/041LandsatMSS781976-12-19;1977-03-19LandsatTM301989-01-17;1992-09-22;1999-10-28;2000-10-30;2009-10-15LandsatOLI302014-01-05;2014-05-22141/040LandsatMSS781976-12-02LandsatTM301991-11-30;1993-03-08;1999-12-06;2000-10-05;2000-11-22;2009-06-08;2009-10-30;2010-10-01LandsatOLI302013-12-04141/041LandsatMSS781976-12-02LandsatTM301991-11-30;2001-02-26;2001-12-27;2009-05-07;2010-11-02LandsatOLI302014-04-11;2014-05-13基于光学遥感影像提取冰湖轮廓时易受云、雪及山体阴影的影响，因此在选取遥感影像时遵循少云多期原则，以达到多时段多角度的交叉解译目的，从而尽量避免漏画、错画问题。除Corona遥感影像需进行几何校正和图幅拼接外，获取的Landsat卫星系列遥感影像在数据生产时已经过初步预处理（系统辐射校正、地面控制点几何校正及基于DEM的地形校正），经检查同一目标地物在不同影像中无明显错位、变形的情况，而目视解译又属于定性判别地类，故这些遥感影像未做其他预处理。1.2研究区概况科西河流域位于青藏高原南部、喜马拉雅山中段（26.86°–29.14°N，85.39°–88.95°E），北抵雅鲁藏布江，南至尼泊尔与印度交界处，西临加德满都附近，东达中、尼、印三国接壤地区。流域内地势北高南低，海拔落差极大，主河全长255km，上游分Arun（中国境内称为朋曲）、SunKoshi（中国境内称为波曲）和Tamor三个支流（图1）。流域东西长340km，南北宽230km，总面积约5.5×104km2，位于中国和尼泊尔境内的面积分别占流域总面积的51.96%和48.04%[20]。流域内分布有5座海拔8000m以上山峰，围绕这些山峰发育了众多的冰川及冰湖。受地形影响，研究区气候类型差异明显，自北向南依次分布着喜马拉雅山过渡带、高山带、亚高山带、温带、亚热带和热带等，后三种气候类型分布在河流中下游，比较适宜农业发展，分布着大量人口。据统计，尼泊尔境内总人口434.59万人，占流域总人口的96.57%[18]。1.3数据处理过程冰湖作为一类自然水体，目前已有一些比较成熟的基于遥感影像的自动提取算法，如水体指数法、波段比值法、监督分类法及面向对象分割法等。由于本数据集采用的本底数据存在全色影像、地形图等多源数据，加之自动提取算法对影像质量要求较高，为保证数据采集精度，本数据集统一采用目视解译方法，具体步骤如下：图1研究区概况图（1）获取解译底图：下载、收集并整理科西河流域的遥感影像、地形图等可提供解译对象信息的资料，按时间、类型、位置等归类，确保每个时段每个位置至少有一期影像覆盖。（2）确定解译方式：因冰湖具有季节性变化特征，一年之内最稳定的时段为9–12月，且少量影像（如LandsatETM+）局部存在坏带，故以其他相邻时相的影像作为补充，通过交叉检验解译方式获取精度较高的冰湖轮廓信息。（3）冰湖边界目视解译：以交叉检验解译的方式逐时期进行，显示比例尺控制在1:2000左右，沿水陆、冰陆或者冰雪界线像元中心数字化冰湖边界，精度控制在一个像元以内。（4）确定冰湖与非冰湖：采用姚晓军等[4]提出的冰湖定义、冰湖与非冰湖的界定方法，逐一对不同时期提取到的研究区湖泊数据进行判定，剔除由大气降水、地下水等形式补给的非冰湖，包括研究区内大量存在的古冰蚀湖，最终得到研究区不同时期的冰湖数据集。（5）冰湖数据质量检查：逐一检查各冰湖轮廓图形数据、对应的影像数据及属性数据等，确保无漏画和错画、各数据项无遗漏和录入正确等。（6）冰湖类型识别：将最终获得的冰湖数据导入GoogleEarth软件，根据冰湖分类体系[4]，逐一识别出所有冰湖的类型并写入属性表。",
    "数据描述": "图2展示了科西河流域冰湖整体分布情况。冰湖多边形矢量数据以gl_XXXX形式命名，其中XXXX表示年份；冰湖点矢量数据gl_LocationCode给出了流域内所有的冰湖位置、编码、类型等信息。至2014年，流域内共发育冰湖221个，其中冰川侵蚀湖83个（冰斗湖10个，其他冰川侵蚀湖73个），冰碛阻塞湖128个（终碛阻塞湖115个，侧碛阻塞湖13个），冰面湖4个，其他冰川湖6个。以面积持续扩张的冰湖GL085838E28322N为样本，图3展现了该湖泊在研究时段内的边界、周长及面积等的变化情况。图4给出了数据集中面积先减小后持续扩张的龙巴萨巴湖不同时期的边界。图2冰湖分布数据集示意图图3冰湖（GL085838E28322N）轮廓及其面积与周长变化图4龙巴萨巴湖（GL088075E27946N）轮廓及其面积与周长变化在本数据集中，每个冰湖对象由图形数据和属性数据两部分组成，其中属性数据包括要素标识码（FID）、形状类型（Shape）、冰湖编码（Code）、冰湖名称（Name_gl）、冰湖周长（Perimeter_gl）、冰湖面积（Area_gl）以及冰湖类型（Type_gl）等。其中，冰湖编码结构为GLnnnnnnEmmmmmN，编码中的GL表示冰湖，n表示冰湖质心经度，m表示冰湖质心纬度，E、N分别代表东经和北纬，n的前三位和m的前两位分别表示经度、纬度的整数部分，后三位表示经纬度小数前三位。为保证冰川编码的一致性，以2010s时期冰湖质心为准。如冰湖在2010s时期不存在，则以第一次出现年代对应的冰湖质心进行编码。",
    "数据质量": "解译时依据姚晓军等[4]提出的冰湖定义、冰湖与非冰湖的界定方法，遵循马荣华[21]、宫鹏[20]等所使用的湖泊边界遥感判译原则，精度控制在一个像元以内。由于参与本数据集解译的长时序多源遥感影像空间分辨率存在差异，如CoronaKH-4影像空间分辨率为1.8m（全色），LandsatMSS影像为78m（多光谱），LandsatTM影像为30m（多光谱），LandsatETM+和OLI影像为30m（多光谱）和15m（全色），因此本数据集的精度虽不及其他高/甚高空间分辨率、单一数据源生产的数据，整体精度仅能保证在最低空间分辨率78m左右。但从数据时序长度来看，本数据集可以满足大多数相关领域的研究要求。",
    "数据价值": "科西河流域分布有数量众多的湖泊，因此通过区分冰湖与非冰湖以及识别各个冰湖的类型所得到的冰湖数据及湖泊类别属性是本数据集的价值之一，这可以为当地相关部门以及从事冰湖溃决危险性评价工作的学者们提供宝贵的参考。本数据集是依据不同时期多源遥感影像数据（1967–2014年）生产的6期冰湖边界矢量数据，特点在于较长时间序列，可作为科西河流域冰湖时空变化、冰湖水量变化评估等研究的基础数据，也可作为该区域冰湖溃决危险性评估、水资源变化、气候变化及冰湖与冰川间变化响应关系等研究的重要依据。",
    "数据使用和建议": "本数据集解压后为ESRIShapefile文件，可使用支持该文件格式的GIS与遥感软件读取与编辑。数据集直接反映了1967–2014年科西河流域的冰湖分布特征，进一步分析处理可获得流域内冰湖的时空变化特征等信息，结合相关资料，亦可用作冰湖危险性评估及冰湖溃决洪水（或泥石流）灾害的基础数据。另外，如果还有其他来源的数据，可对本数据做更新修改，也可用最新的数据更新2010s数据，以延长数据时序。",
    "引用格式": "张大弘, 宫鹏, 姚晓军, 刘娟. 1967–2014年科西河流域面积≥0.05 km2冰湖轮廓数据集[DB/OL]. Science Data Bank, 2019. (2019-09-05). DOI: 10.11922/sciencedb.885."
}