{
    "类目名称": "高亚洲冰、雪和环境专题",
    "名称": "1991年和2015年唐古拉山冰川边界/范围矢量数据集",
    "资源信息链接地址": "http://www.sciencedb.cn/dataSet/handle/895",
    "摘要": "摘要：唐古拉山（31°15′–34°45′N，90°23′–95°52′E）位于青藏高原中部，西起祖尔肯乌拉山，东至布加岗日，全长约500 km。山脉总体呈西北–东南走向，是青海省与西藏自治区的界山及怒江河源水系和长江–澜沧江河源水系的分水岭。唐古拉山平均海拔5500 m左右，总地势西部高、东部低。唐古拉山脉东段冰川属于海洋型冰川，西段属于大陆型冰川，长江正源各拉丹东冰川区、怒江正源将美尔山冰川区及澜沧江正源皆位于唐古拉山地区，因此本区域冰川变化对以上河流水资源起着至关重要的作用。本数据集基于第一、二次冰川编目数据、1989–1995年Landsat TM遥感影像、2013–2017年Landsat OLI遥感影像以及SRTM DEM数据，提取1991年和2015年唐古拉山冰川矢量数据，并标明了冰川编码、名称和流域等相关信息。本数据集反映了1991年（两次冰川编目之间）和2015年唐古拉山冰川分布状况，可作为该区域冰川变化、气候变化等研究的基础数据。",
    "关键词": "冰川；遥感影像；数据集；唐古拉山",
    "参考引用": [
        {
            "名称": "LI K M, LI Z Q, GAO W Y, et al. Recent glacial retreat and its effect on water resources in eastern Xinjiang[J]. Chinese Science Bulletin, 2011, 56(33): 3596-3604.",
            "资源信息链接地址": "http://xueshu.baidu.com/s?wd= Recent glacial retreat and its effect on water resources in eastern Xinjiang"
        },
        {
            "名称": "QIN D. Climate change science and sustainable development[J]. Progress in Geography, 2014, 33(7): 874-883.",
            "资源信息链接地址": "http://xueshu.baidu.com/s?wd= Climate change science and sustainable development"
        },
        {
            "名称": "YAO T, WANG Y, LIU S, et al. Recent glacial retreat in High Asia in China and its impact on water resource in Northwest China[J]. Science in China, 2004, 47(12): 1065-1075.",
            "资源信息链接地址": "http://xueshu.baidu.com/s?wd= Recent glacial retreat in High Asia in China and its impact on water resource in Northwest China"
        },
        {
            "名称": "OERLEMANS J, . Quantifying global warming from the retreat of glaciers[J]. Science, 1994, 264(5156): 243-245.",
            "资源信息链接地址": "http://xueshu.baidu.com/s?wd= Quantifying global warming from the retreat of glaciers"
        },
        {
            "名称": "GUO W, LIU S, XU J, et al. The second Chinese glacier inventory: data, methods and results[J]. Journal of Glaciology, 2015, 61(226): 357-372.",
            "资源信息链接地址": "http://xueshu.baidu.com/s?wd= The second Chinese glacier inventory: data, methods and results"
        },
        {
            "名称": "郭万钦, 刘时银, 余蓬春, 等. 利用流域边界和坡向差自动提取山脊线[J]. 测绘科学, 2011, 36(6): 210-212.",
            "资源信息链接地址": "http://xueshu.baidu.com/s?wd= 利用流域边界和坡向差自动提取山脊线"
        },
        {
            "名称": "RADIĆ V, HOCK R. Regional and global volumes of glaciers derived from statistical upscaling of glacier inventory data[J]. Journal of Geophysical Research: Earth Surface, 2010, 115(F1). DOI: 10.1029/2009JF001373, 2010.",
            "资源信息链接地址": "http://xueshu.baidu.com/s?wd= Regional and global volumes of glaciers derived from statistical upscaling of glacier inventory data"
        },
        {
            "名称": "GRINSTED A. An estimate of global glacier volume[J]. The Cryosphere, 2013, 7(1): 141-151.",
            "资源信息链接地址": "http://xueshu.baidu.com/s?wd= An estimate of global glacier volume"
        },
        {
            "名称": "HALL D K, BAYR K J, SCH NER W, et al. Consideration of the errors inherent in mapping historical glacier positions in Austria from the ground and space (1893–2001)[J]. Remote Sensing of Environment, 2003, 86(4): 566-577.",
            "资源信息链接地址": "http://xueshu.baidu.com/s?wd= Consideration of the errors inherent in mapping historical glacier positions in Austria from the ground and space (1893–2001)"
        },
        {
            "名称": "RAUP B, K  B A, KARGEL J S, et al. Remote sensing and GIS technology in the Global Land Ice Measurements from Space (GLIMS) project[J]. Computers & Geosciences, 2007, 33(1): 104-125.",
            "资源信息链接地址": "http://xueshu.baidu.com/s?wd= Remote sensing and GIS technology in the Global Land Ice Measurements from Space (GLIMS) project"
        },
        {
            "名称": "PAUL F, ANDREASSEN L M. A new glacier inventory for the Svartisen region, Norway, from Landsat ETM+ data: challenges and change assessment[J]. Journal of Glaciology, 2009, 55(192): 607-618.",
            "资源信息链接地址": "http://xueshu.baidu.com/s?wd= A new glacier inventory for the Svartisen region, Norway, from Landsat ETM+ data: challenges and change assessment"
        }
    ],
    "作者": [
        {
            "姓名": "段红玉",
            "机构": [
                "西北师范大学地理与环境科学学院",
                "College of Geography and Environmental Science, Northwest Normal University"
            ],
            "贡献": "主要承担工作：基础数据收集、处理及论文撰写。",
            "简介": "（1993—），女，甘肃定西人，硕士研究生，主要研究方向为环境遥感。"
        },
        {
            "姓名": "姚晓军",
            "机构": [
                "西北师范大学地理与环境科学学院",
                "College of Geography and Environmental Science, Northwest Normal University"
            ],
            "贡献": "主要承担工作：总体方案设计和过程指导。",
            "简介": "（1980—），男，山西夏县人，博士，教授，主要研究方向为地理信息技术与冰冻圈变化。"
        },
        {
            "姓名": "刘时银",
            "机构": [
                "云南大学国际河流与生态安全研究院",
                "Institute of International Rivers and Eco-Security, Yunnan University",
                "中国科学院西北生态环境资源研究院冰冻圈科学国家重点实验室",
                "State Key Laboratory of Cryospheric Science, Northwest Institute of Eco-Environment and Resources, Chinese Academy of Sciences"
            ],
            "贡献": "主要承担工作：过程指导。",
            "简介": "（1963—），男，河南信阳人，研究员，博士生导师，主要从事冰川变化及其研究影响。"
        },
        {
            "姓名": "张聪",
            "机构": [
                "西北师范大学地理与环境科学学院",
                "College of Geography and Environmental Science, Northwest Normal University"
            ],
            "贡献": "主要承担工作：基础数据处理。",
            "简介": "（1995—），男，甘肃天水人，硕士研究生，主要研究方向为环境遥感。"
        }
    ],
    "基金": "国家自然科学基金（41561016，41861013，41801052）；西北师范大学青年教师科研能力提升计划项目（NWNU-LKQN-14-4）。",
    "数据集名称": "1991年和2015年唐古拉山冰川矢量数据集",
    "数据作者": "姚晓军（yaoxj_nwnu@163.com）",
    "时间范围": "1991年、2015年",
    "空间范围": "地理范围包括31°15′–34°45′N，90°23′–95°52′E",
    "数据量": "4.53 MB",
    "数据格式": "ESRI shapefile文件（压缩为*.zip格式）",
    "数据组成": "数据集共包括2个数据文件：Glacier_outlines_1991.zip是1991年唐古拉山冰川边界矢量数据；Glacier_outlines_2015.zip是2015年唐古拉山冰川边界矢量数据。",
    "数据采集和处理方法": "1.1数据源唐古拉山1991年冰川矢量数据所采用的数据源为7景LandsatTM遥感影像，2015年冰川矢量数据的数据源为7景LandsatOLI遥感影像（表1），这些影像均从美国地质调查局（USGS）网站（http://glovis.usgs.gov/）下载获得。由于受云、雪影响，影像时间跨度较大（1989–1995年和2013–2017年）。其中行列号为138037的影像上冰川面积超过唐古拉山冰川总面积二分之一，因此以其年份为代表年份（1991年和2015年）。冰川高程属性提取和冰川划分采用空间分辨率为30m的SRTMDEM数据，从地理空间云（http://www.gscloud.cn）下载获得。冰川编码、名称、位置及流域等参考唐古拉山第一、二次冰川编目。下载表11991年和2015年唐古拉山冰川解译所用遥感影像行列号日期传感器云覆盖率(%)分辨率(m)行列号日期传感器云覆盖率(%)分辨率(m)1350381995/08/19TM11.7301350382016/07/27OLI5.49301360371994/09/24TM0.13301360372013/08/11OLI3.11301360381994/09/24TM0.14301360382016/08/19OLI1.42301370371990/08/19TM11.14301370372015/07/23OLI0.17301380361992/08/31TM0.12301380362015/10/02OLI0.12301380371991/09/14TM0.13301380372015/10/02OLI0.13301390361989/10/01TM0.22301390362017/08/11OLI1.51301.2数据处理过程1.2.1单条冰川提取1991年和2015年唐古拉山冰川矢量边界的提取采用中国第二次冰川编目的提取方法[5]。首先基于LandsatTM/OLI遥感影像，利用波段比值法并通过人工交互式方法确定阈值，得到裸冰川边界二值图像，其中LandsatTM影像的波段比值为TM3/TM5或TM4/TM5，LandsatOLI影像的波段比值为OLI4/OLI6或OLI5/OLI6，经过试验确定阈值为1.9。然后将其转化为矢量多边形，并参考第一、二次冰川编目数据和GoogleEarth影像对矢量数据进行人工修订和检查，以提高冰川边界精度。最后根据郭万钦等[6]提出的山脊线自动提取方法，利用SRTMDEM数据提取山脊线，并以此对修订后的冰川边界进行分割，从而得到各单条冰川的矢量数据（图1）。图1唐古拉山冰川矢量数据提取技术路线1.2.2冰川体积估算本数据集采用与第二次冰川编目相同的计算方法估算1991年和2015年唐古拉山冰川体积，公式（1）由RadićandHock[7]提出，公式（2）由Grinsted[8]提出。公式为：（1）（2）式中：V为冰川体积（km3）；A为冰川面积（km2）。",
    "数据描述": "2.1数据属性表1991年和2015年唐古拉山冰川矢量数据集属性表共包含18个字段（表2），反映了各冰川的名称、位置、海拔、面积、周长及体积等信息。ID为属性表的唯一值字段；Name为冰川名称，参考地形图和第二次冰川编目确定；GLIMS_ID为冰川编码，采用与第二次冰川编目相同的编码方式；Province为冰川所在省份；Mountain为冰川所属山系；City为冰川所在市（地区）；Image为冰川提取所用遥感影像；Longitude和Latitude为冰川质心所在经纬度，反映冰川位置信息；Basin_1、Basin_2和Basin_3表示冰川所在一级、二级和三级流域；Max_Elev和Min_Elev为冰川最高点与最低点高程值；Area为冰川面积；Perimeter为冰川周长；Aspect为冰川朝向；Volume_A为采用RadićandHock提出的公式计算的冰川体积；Volume_B为采用Grinsted提出的公式计算的冰川体积。下载表21991和2015年唐古拉山冰川矢量数据集属性表说明序号字段名称数据类型字符长度字段描述1IDShortInteger5标识码2NameText30冰川名称3GLIMS_IDText14冰川编码4ProvinceText8冰川所在省份5CityText40冰川所在市或地区6MountainText12冰川所在山系7ImageText50主要遥感影像8LongitudeFloat6冰川经度9LatitudeFloat6冰川纬度10Basin_1Text4冰川所在一级流域11Basin_2Text6冰川所在二级流域12Basin_3Text8冰川所在三级流域13Max_ElevShortInteger4最高点海拔14Min_ElevShortInteger4最低点海拔15AreaFloat6冰川面积16PerimeterFloat6冰川周长17AspectText4冰川朝向18Volume_AFloat6冰川体积119Volume_BFloat6冰川体积22.2数据样本概述1991年唐古拉山共有冰川1608条，总面积为1996.1±55.6km2，冰川体积约为152.9km3。2015年唐古拉山共有冰川1465条，总面积为1660.75±48.3km2，冰川体积约为128.16km3。由于冰川退缩而导致的冰川变化不足以造成冰川分布的整体特点产生巨大差异，因此我们仅对2015年唐古拉山冰川的整体分布特点加以描述。冰川分布最基本的特征是数量庞大的小冰川占总面积比例很小，而数量较少的大冰川面积占比较大，唐古拉山2015年冰川分布符合此特点。面积小于0.5km2的冰川数量占唐古拉山冰川总数量的68.6%，其面积仅占冰川总面积的10.4%。而面积大于5km2的冰川数量仅占唐古拉山冰川总数量的4.4%，但其面积占冰川总面积的55.1%（图2）。冰川面积为近似正态分布，分布区间为4200–6600m。其中，5500–5800m是冰川的集中分布区间，此海拔区间内冰川面积占冰川总面积的55.8%（图3）。从三级流域来看，金沙江流域冰川资源最丰富，冰川数量、面积和体积分别占总量的41.4%、54.7%和54.6%。从四级流域来看，当曲流域冰川数量、面积和冰储量占比最大，分别为34.7%、34.4%和29.2%（表3）。从三级流域来看，金沙江流域冰川资源最丰富，冰川数量、面积和体积分别占总量的41.37%、54.70%和54.6%。从四级流域来看，当曲流域冰川数量、面积和冰储量占比最大，分别为34.74%、34.41%和29.29%（表3）。图22015年唐古拉山不同面积等级冰川数量和面积分布图32015年唐古拉山不同海拔高度冰川面积分布下载表32015年唐古拉山冰川各流域冰川分布三级流域（编码）四级流域（编码）冰川数量冰川面积冰川体积（条）（%）（km2）（%）（km3）（%）金沙江（5K4）口前曲等（5K43）10.080.060.000.000.00当曲（5K44）50934.74571.5034.4137.5329.29沱沱河（5K45）966.55336.8720.2832.4425.32总计60641.37908.4354.6969.9754.61澜沧江（5L3和5L4）色曲（5L31）261.779.530.570.370.29昂曲（5L32）1288.7431.831.921.210.94扎曲（5L41）10.070.140.010.000.00总计15510.5841.502.501.581.23怒江（5N2）那曲（5N23）35524.23186.9211.2611.538.99怒江中游左岸（5N24）21114.40115.446.957.285.68总计56638.63302.3618.2118.8114.67色林错（5Z2）赤布张错（5Z21）594.03276.6216.6627.4721.43色林错（5Z22）795.39131.837.9410.328.05总计1389.42408.4524.6037.7929.48",
    "数据质量": "基于遥感影像的冰川面积精度评估是一项困难但极其重要的工作[9]。冰川矢量化的误差源主要有三类[10-11]：技术误差、解译误差和方法误差。大多数情况下，如果遥感影像已经过精确的正射校正，技术误差可以忽略不计。解译误差主要依赖于冰川定义和冰川判读，难以评判。方法误差主要取决于遥感影像的质量以及工作人员的经验和技术，因此也难以准确评估。本数据集采用LandsatTM/OLI影像，其30m的分辨率足以满足冰川解译的需求。为尽可能求取最真实的冰川面积，遥感影像最好在消融季末期获取，因为一般情况下冰川及其周围地区在消融季末期受积雪影响最小。本数据集所选影像皆处于冰川消融季末期，且无明显积雪覆盖。同时影像的选取应保证无云或少云，至少应保证冰川不被云遮挡。本数据集所选取的影像绝大多数云覆盖率低于5%，仅有两幅分别为11.7%和11.1%，但冰川无云遮盖。本数据集冰川解译人员由参与第二次冰川编目经验丰富的人员严格培训，经过反复训练以保证对冰川的准确识别。对于有表碛覆盖的冰川，参照GoogleEarth高清影像和三维效果进行识别，尽管误差不可避免，但已将其降到最低。最终，冰川面积的解译精度仍然需用科学的方法适当进行评估，这里我们仅计算由遥感影像的分辨率造成的误差，计算公式如下：（3）式中，ɛ是由遥感影像分辨率引起的面积误差（km2）；N是冰川轮廓经过的像元个数；A是单个像元的面积（LandsatTM/OLI遥感影像单个像元面积为900km2）。",
    "数据价值": "本数据集为基于中国第二次冰川编目方法提取的1991年和2015年唐古拉山冰川矢量边界数据。唐古拉山第一次冰川编目年份为1969年，第二次冰川编目年份为2007年，两次编目之间时间跨度达38年之久。本数据集1991年冰川矢量数据能够反映两次冰川编目之间唐古拉山冰川状态，2015年冰川矢量数据则在影像质量保证下能反映最近唐古拉山冰川状况的数据。两期冰川数据与两次冰川编目数据结合使用，能反映近50年来唐古拉山冰川的动态变化，为区域冰川变化、冰川变化对气候变化的响应等研究提供基础数据，亦为区域水资源合理利用提供数据支持。",
    "数据使用和建议": "受影像质量影响，本数据集中1991年冰川矢量边界解译所用影像时间跨度较长，从1989–1995年，各条冰川的解译影像年份可通过矢量数据属性表查看。唐古拉山1969年冰川编目数据出自《中国第一次冰川编目数据集》数据，唐古拉山2007冰川编目数据出自《中国第二次冰川编目数据集》。本数据集采用Shapefile矢量数据格式存储，地理坐标系为WGS-1984，投影坐标系为Albers等面积投影，可在ArcMap等GIS软件或ENVI等软件打开并进行查询、编辑及统计等操作。",
    "引用格式": "段红玉, 姚晓军, 刘时银, 张聪. 1991年和2015年唐古拉山冰川边界/范围矢量数据集[DB/OL]. Science Data Bank, 2019. (2019-10-03). DOI: 10.11922/sciencedb.895."
}