{
    "类目名称": "中国生态系统研究网络（CERN）专题",
    "名称": "2005–2015年北京东灵山暖温带落叶阔叶林凋落物回收量季节动态数据集",
    "资源信息链接地址": "http://www.sciencedb.cn/dataSet/handle/875",
    "摘要": "摘要：暖温带落叶阔叶林是暖温带地区最典型的植被类型之一，东灵山地区该类型天然次生林恢复演替良好。凋落物作为土壤有机质的主要来源以及影响地表环境的重要因子，在维持森林生态系统物质循环及其稳定性中起着重要作用。按照中国生态系统研究网络（Chinese Ecosystem Research Network，CERN）的统一规范，在野外固定样地安装27个凋落物框，收集了2005－2015年东灵山暖温带落叶阔叶林凋落物各组分（枯枝、枯叶、落花或果、树皮）回收量的季节动态数据回收量季节动态。本数据集的建立与共享，为暖温带落叶阔叶林的生态系统养分循环过程和碳循环机理提供了数据支撑，对推动我国植被生态学和长期生态学研究具有一定意义。",
    "关键词": "次生林；凋落物产量；养分循环；碳循环",
    "参考引用": [
        {
            "名称": "陈灵芝. 暖温带森林生态系统结构和功能研究[M]. 北京: 科学出版社, 1997.",
            "资源信息链接地址": "http://xueshu.baidu.com/s?wd= 暖温带森林生态系统结构和功能研究"
        },
        {
            "名称": "谢晋阳, 陈灵芝. 暖温带落叶阔叶林的物种多样性特征[J]. 生态学报, 1994, 14(4): 337-344.",
            "资源信息链接地址": "http://xueshu.baidu.com/s?wd= 暖温带落叶阔叶林的物种多样性特征"
        },
        {
            "名称": "郭继勋. 植物凋落物研究概述[C]. 中国植物学会七十周年年会论文摘要汇编(1933—2003), 2003: 153-155.",
            "资源信息链接地址": "http://xueshu.baidu.com/s?wd= 植物凋落物研究概述"
        },
        {
            "名称": "桑卫国, 马克平, 陈灵芝. 暖温带落叶阔叶林碳循环的初步估算[J]. 植物生态学报, 2002, 26(5): 543-548.",
            "资源信息链接地址": "http://xueshu.baidu.com/s?wd= 暖温带落叶阔叶林碳循环的初步估算"
        },
        {
            "名称": "吴冬秀，张琳，宋创业，张淑敏. 陆地生态系统生物观测指标与规范[M]. 北京：中国环境出版社，2019.",
            "资源信息链接地址": "http://xueshu.baidu.com/s?wd= 陆地生态系统生物观测指标与规范"
        },
        {
            "名称": "孙雪峰, 陈灵芝. 暖温带落叶阔叶林辐射能量环境初步研究[J]. 生态学报, 1995, 15(3): 278-286.",
            "资源信息链接地址": "http://xueshu.baidu.com/s?wd= 暖温带落叶阔叶林辐射能量环境初步研究"
        },
        {
            "名称": "陈灵芝. 中国植物区系与植被地理[M]. 北京: 科学出版社, 2015.",
            "资源信息链接地址": "http://xueshu.baidu.com/s?wd= 中国植物区系与植被地理"
        }
    ],
    "作者": [
        {
            "姓名": "白帆",
            "机构": [
                "中国科学院植物研究所植被与环境变化国家重点实验室",
                "State Key Laboratory of Vegetation and Environment Change, Institute of Botany, Chinese Academy of Sciences"
            ],
            "贡献": "主要承担工作：凋落物取样、分拣、录入，数据录入上报分析与论文撰写。",
            "简介": "（1982—），女，北京人，工程师，研究方向为生物多样性。"
        },
        {
            "姓名": "张文艳",
            "机构": [
                "中国科学院植物研究所植被与环境变化国家重点实验室",
                "State Key Laboratory of Vegetation and Environment Change, Institute of Botany, Chinese Academy of Sciences"
            ],
            "贡献": "主要承担工作：数据整理。",
            "简介": "（1990—），女，山西人，博士，研究方向为森林生态学。"
        },
        {
            "姓名": "王杨",
            "机构": [
                "中国科学院植物研究所植被与环境变化国家重点实验室",
                "State Key Laboratory of Vegetation and Environment Change, Institute of Botany, Chinese Academy of Sciences"
            ],
            "贡献": "主要承担工作：数据的审核，项目组织、数据建设与管理。",
            "简介": "（1988—），男，河北人，工程师，研究方向为保护生态学。"
        }
    ],
    "基金": "国家自然科学基金青年基金项目（31300379）",
    "数据集名称": "2005–2015年暖温带落叶阔叶林凋落物回收量季节动态数据集",
    "数据作者": "王杨（wangyang88@ibcas.ac.cn）",
    "时间范围": "2005–2015年",
    "空间范围": "北京森林站综合观测场（中心地理坐标为东经115°25.543′，北纬39°57.577′，海拔1263 m），位于北京市门头沟区小龙门国家森林公园。",
    "数据量": "2242条记录",
    "数据格式": "*.xlsx",
    "数据组成": "数据集由1个数据文件组成，数据量2242条，包含收集框号、枯枝干重、枯叶干重、落果（花）干重、树皮干重和总重等信息。",
    "数据采集和处理方法": "本数据集的构建过程主要包括：野外样地取样、数据加工与处理、数据质量控制与评估、数据分析以及数据集的形成与入库。具体的构建过程见图1。图1数据集构建过程示意图1.1数据采集方法1.1.1样地描述北京森林站位于北京市门头沟区清水镇小龙门国家森林公园，地理位置为东经115°26'，北纬39°58'。该地区属于太行山脉小五台山的余脉，其境内有北京市最高峰东灵山，海拔范围400–2303m，平均海拔1100m。东灵山中山带的地带性植被是以落叶栎类为优势种和建群种的暖温带落叶阔叶林，群落成层现象十分明显，按高度可分为乔木层（3–15m）、灌木层（0.6–3cm）和草本层（0–1m）。主要的落叶阔叶树种以辽东栋（Quercusliaotungensis）为主，在山沟等较湿润的局部地段分布有椴属（Tiliaspp.）、花曲柳（Fraxinusrhynchophylla）、胡桃楸（Juglansmandshurica）、黑桦（Betuladahurica）、五角枫（Acermono）、青杨（Populuscathayana）等[6-7]。年平均气温为2–8℃，年≥0°积温为3600–3800℃；全年降水集中在夏季，年均降水量约600mm，6–8月降水量为300–400mm；无霜期在160天以下。地貌以山地侵蚀结构类型为主，土壤类型为棕壤。依照CERN监测规范[5]，遵循代表性、综合性、便利性、均质性的综合观测场设置原则，北京森林站于1990年在具有区域代表性的植被暖温带落叶阔叶林，建立综合观测场，CERN的系统样地编号为BJFZH01，平均海拔1263m，中心地理坐标为115°25.543′E，39°57.577′N，观测面积30m×70m，林冠层平均高度8m，郁闭度0.5。乔木9种，优势种为辽东栋、黑桦和五角枫；灌木12种，优势种为大花溲疏（Deutziagrandiflora）、小花溲疏（Deutziaparviflora）、六道木（Abeliabiflora）；草本31种，优势种为野青茅（Deyeuxiapyramidalis）、三脉紫菀（Asterageratoides）、蒙古风毛菊（Saussureamongolica）、银背风毛菊（Saussureanivea）。1.1.2凋落物采集方法凋落物回收量的季节动态通过每年生长季进行定时取样测定凋落物量的数据分析得到。在综合观测场，随机布设了27个1×1m的凋落物框（部分框的部分年份为0.86m×0.86m）。凋落物框的布设位置和框编号如图2所示。东灵山地区的生长季从每年的5月开始到10月结束，因此每年5月底、6月底、7月底、8月底、9月底、10月中旬和10月底将凋落物框内的凋落物一一收集，带回实验室分拣成枯枝、枯叶、花（或果）和树皮，分别在65℃下烘干至恒重，称取干重并记录到森林植物群落凋落物回收量季节动态记录表中。该记录表中的信息包括生态站名称、样地名称、收集日期以及所有凋落物框中枯枝、枯叶、花（或果）、树皮的鲜重、干重。10月是落叶阔叶林的集中落叶期，为保证数据质量，在2005年、2010年及2012–2015年的10月中旬增加一次凋落物收集和分拣。每年4月底进行凋落物框清理，将前一年10月底到当年4月底积累的枯枝、落果和树皮进行回收、烘干（采取间隔时间多次称重的方式确定样品已经烘至恒重）、称重和计录，其余不做计重抛弃。2005年和2006年的4月底，只进行了清框，而没有对枯枝、落果和树皮进行计重，因此所有重量均为零。图2综合观测场平面示意图及凋落物框编号1.2数据预处理数据整理主要包括原始记录信息的检查和完善、数据录入、文献数据的补充等。原始记录信息的检查和完善分取样分拣和称重两个阶段。在野外取样过程中，每清理分拣完一个凋落物框时，依据历史经验数据复核，发现问题及时纠正；完成称重后，及时对原始记录表进行信息补充和完善，主要包括调查时间和地点的填写、指代信息的明确、数据记录的完善、相关情况说明的填写等。数据录入是将野外原始纸质记录数据录入计算机，形成电子版原始记录的过程。数据录入时，要保证在观测数据和记录数据之间出现差异时，真实情况可以再现。数据录入完成时，监测人对数据进行自查，检查原始记录表和电子版数据表的一致性。数据统计分析是将原始数据按框加和统计凋落物的总重量。",
    "数据描述": "暖温带落叶阔叶林凋落物回收量季节动态数据集按年分成10个sheet，每个sheet为1年观测数据，主要包括的指标见表1。下载表1数据集组成指标字段说明字段名称字段类型字段长度保留小数字段单位字段定义填写说明月C2调查、采样月份1月份填写为“01”，12月份填写为“12”日C2调查的起始日期1日填写为“01”，11日填写为“11”收集框号C10收集框的序号或固定编号框号对应的样地位置参见图1收集框面积C20m×m收集框的面积，长×宽大多数为1×1；部分年份坡下位凋落物框为0.86m×0.86m枯枝干重N102g/框每个收集框中枯枝的烘干干重枯叶干重N102g/框每个收集框中枯叶的烘干干重落果（花）干重N102g/框每收集框中果实和花的烘干干重树皮干重N102g/框每个收集框中的树皮干重总重N102g/框每个收集框中的凋落物总干重",
    "数据质量": "从取样前期准备、取样过程中到取样后分拣，最后烘干称重，整个过程对数据质量进行控制。同时，采用专家审核验证的方法，以确保数据准确可靠。取样前准备：根据CERN规范[5]，对所有参与取样分拣人员集中技术培训，尽可能地减少人为误差。取样过程中：取样开始时，要核对装凋落物的布袋和凋落物框的编号是否一致，检查布袋是否已经倒净、有无过往取样残留；完成一个掉落物框取样时，当即对凋落物框是否全部清空进行核查，发现有遗漏及时纠正。取样后分拣：将取样布袋内所有凋落物按照枯枝、枯叶、落花或果以及树皮分拣到不能再分为止；将分拣好的凋落物装入对应编号和器官的信封中，要确保对应准确、信封编号清晰可读，避免分拣过程中的样品遗撒。烘干称重：判断凋落物已恒重的标准是凋落物重量的变化范围控制在±0.05g；保证天平的稳定和清零，注意数据填写到表格里的正确位置和信息完整。原始记录数据录入计算机过程中，采用2人同时输入数据的方式，自查并相互检查，以确保数据输入的准确性；原始记录数据集妥善保存并备份，放置于不同地方，以备将来核查。",
    "数据价值": "本数据集收集了暖温带落叶阔林凋落物回收量连续11年的季节动态数据，数据完整，质量可靠。按照器官对凋落物进行分拣以获取各组分数据，虽然十分耗时、费力，但是数据尺度更加精细，有利于充分利用各组分数据进行科学研究。如凋落叶的年产量可为评估森林生产力提供数据支撑，落花落果数据对森林种子雨相关的研究具有重要价值，各组分的比例关系是影响生态系统养分循环和碳循环过程的重要因素。因此，使用本数据集可对暖温带落叶阔叶林凋落物数量、组成和季节动态等进行分析，对认识全球变化背景下森林生态系统结构和功能、生存战略、物质循环过程以及多样性和稳定性维持机制具有一定意义。样地下坡位的003和004样方在不同年份中，因凋落物框的损坏而经常出现断点。本着数据完整性的原则，本数据集没有将这两个不完整数据的凋落物框数据纳入。",
    "引用格式": "白帆, 孙汝才, 苏宏新. 2005–2015年暖温带落叶阔叶林凋落物回收量季节动态数据集[DB/OL]. Science Data Bank, 2019. (2019-10-08). DOI: 10.11922/sciencedb.875."
}