{
    "类目名称": "中国生态系统研究网络（CERN）专题",
    "名称": "2013–2018年鄱阳湖水环境监测数据集",
    "资源信息链接地址": "http://www.sciencedb.cn/dataSet/handle/876",
    "摘要": "摘要：2013–2018年水环境监测数据集是中国科学院鄱阳湖湖泊湿地综合研究站每年1月、4月、7月和10月四个月进行全湖调查的成果。通过常规监测点的长期监测，反映出鄱阳湖近年来水质年内季节性和年际的变化特征。本数据集可为科学研究、项目申报和湖泊水环境保护决策建议等提供支撑。本数据集包括物理指标和水化学指标两大类：物理指标通过便携式水质分析仪现场进行测定；水化学指标总氮、总磷、氨态氮等使用岛津UV-2450紫外分光光度计进行测定，CODMn采用酸式滴定管滴定。",
    "关键词": "鄱阳湖；水环境；数据集；物理指标；化学指标",
    "参考引用": [
        {
            "名称": "陈格君. 鄱阳湖湿地土壤碳、氮分布特征及其来源分析[D]. 南昌: 东华理工大学, 2013.",
            "资源信息链接地址": "http://xueshu.baidu.com/s?wd= 鄱阳湖湿地土壤碳、氮分布特征及其来源分析"
        },
        {
            "名称": "陈宜瑜, 吕宪国. 湿地功能与湿地科学的研究方向[J]. 湿地科学, 2003, 1(1): 7-11.",
            "资源信息链接地址": "http://xueshu.baidu.com/s?wd= 湿地功能与湿地科学的研究方向"
        },
        {
            "名称": "胡振鹏,傅静.长江与鄱阳湖水文关系及其演变的定量分析[J]. 水利学报, 2018, 49(05): 570-579.",
            "资源信息链接地址": "http://xueshu.baidu.com/s?wd=长江与鄱阳湖水文关系及其演变的定量分析"
        },
        {
            "名称": "周云凯, 白秀玲, 宁立新. 1970–2015年鄱阳湖水位变化特征及其突变分析[J]. 河南大学学报(自然科学版), 2018, 48(02): 151-159.",
            "资源信息链接地址": "http://xueshu.baidu.com/s?wd= 1970–2015年鄱阳湖水位变化特征及其突变分析"
        },
        {
            "名称": "胡莎莉. 水利工程建设对鄱阳湖区生态环境的影响分析[D]. 南昌: 南昌大学, 2017.",
            "资源信息链接地址": "http://xueshu.baidu.com/s?wd= 水利工程建设对鄱阳湖区生态环境的影响分析"
        },
        {
            "名称": "ZHANG Q, LI L, WANG Y, et al. Has the three-gorges dam made the Poyang Lake wetlands wetter and drier?[J]. Geophysical Research Letters, 2012, 39(20). DOI: 10.1029/2012GL053431.",
            "资源信息链接地址": "http://xueshu.baidu.com/s?wd= Has the three-gorges dam made the Poyang Lake wetlands wetter and drier?"
        },
        {
            "名称": "LI B , YANG G , WAN R , et al. Hydrodynamic and water quality modeling of a large floodplain lake (Poyang Lake) in China[J]. Environmental Science and Pollution Research, 2018, 25(35): 35084-35098.",
            "资源信息链接地址": "http://xueshu.baidu.com/s?wd= Hydrodynamic and water quality modeling of a large floodplain lake (Poyang Lake) in China"
        },
        {
            "名称": "刘恋, 王国英. 鄱阳湖水环境质量及主要污染物变化趋势分析[J]. 水文, 2016, 36(03): 61-64, 96.",
            "资源信息链接地址": "http://xueshu.baidu.com/s?wd= 鄱阳湖水环境质量及主要污染物变化趋势分析"
        },
        {
            "名称": "中华人民共和国水利部. SL78-94-1994水质分析方法[S]. 北京: 中国标准出版社, 1995.",
            "资源信息链接地址": "http://xueshu.baidu.com/s?wd= SL78-94-1994水质分析方法"
        },
        {
            "名称": "中国生态系统研究网络科学委员. 陆地生态系统水环境观测规范[M]. 北京: 中国环境科学出版社, 2007.",
            "资源信息链接地址": "http://xueshu.baidu.com/s?wd= 陆地生态系统水环境观测规范"
        },
        {
            "名称": "国家环境保护总局《水和废水监测分析方法》编委会. 水和废水监测分析方法（第4版）[M]. 北京: 中国环境科学出版社, 2002.",
            "资源信息链接地址": "http://xueshu.baidu.com/s?wd= 水和废水监测分析方法（第4版）"
        }
    ],
    "作者": [
        {
            "姓名": "刘贺",
            "机构": [
                "中国科学院南京地理与湖泊研究所鄱阳湖湖泊湿地综合研究站，庐山 332800",
                "Poyang Lake Wetland Observation and Research Station, Nanjing Institute of Geography and limnology, Chinese Academy of Sciences, Lushan 332800, P.R. China"
            ],
            "贡献": "主要承担工作：现场采样、实验室化学测试。",
            "简介": "（1991—），男，江苏徐州人，大专，助理工程师，主要研究方向为水质水环境。"
        },
        {
            "姓名": "张奇",
            "机构": [
                "中国科学院南京地理与湖泊研究所，南京 210008",
                "Nanjing Institute of Geography and limnology, Chinese Academy of Sciences, Nanjing 210008, P.R. China"
            ],
            "贡献": "主要承担工作：数据终审、汇交。",
            "简介": "（1966—），男，江苏苏州人，博士，研究员，主要研究方向为流域水文。"
        },
        {
            "姓名": "牛媛媛",
            "机构": [
                "中国科学院南京地理与湖泊研究所鄱阳湖湖泊湿地综合研究站，庐山 332800",
                "Poyang Lake Wetland Observation and Research Station, Nanjing Institute of Geography and limnology, Chinese Academy of Sciences, Lushan 332800, P.R. China"
            ],
            "贡献": "主要承担工作：实验室水质分析、数据管理。",
            "简介": "（1996—），女，江苏徐州人，本科，实验员，主要研究方向为水质水环境。"
        },
        {
            "姓名": "徐力刚",
            "机构": [
                "中国科学院南京地理与湖泊研究所，南京 210008",
                "Nanjing Institute of Geography and limnology, Chinese Academy of Sciences, Nanjing 210008, P.R. China"
            ],
            "贡献": "主要承担工作：数据校核、质量控制。",
            "简介": "（1977—），男，四川仁寿人，博士，研究员，主要研究方向为流域生态学。"
        },
        {
            "姓名": "胡耀辉",
            "机构": [
                "中国科学院南京地理与湖泊研究所，南京 210008",
                "Nanjing Institute of Geography and limnology, Chinese Academy of Sciences, Nanjing 210008, P.R. China"
            ],
            "贡献": "主要承担工作：数据校核、质量控制。",
            "简介": "（1962—）男，江西吉安人，硕士，副研究员，主要研究方向为湖泊生态修复。"
        }
    ],
    "基金": "美丽中国生态文明建设科技工程专项资助（XDA23040202）",
    "数据集名称": "2013–2018年鄱阳湖水环境监测数据集",
    "数据作者": "张奇（qzhang@niglas.ac.cn）",
    "时间范围": "2013–2018年",
    "空间范围": "鄱阳湖",
    "数据量": "2.33 MB",
    "数据格式": "*.xls",
    "数据组成": "本数据集包括水温、电导率、溶解氧、氧化还原电位、碱度、硬度、水色、总氮、总磷、氨态氮、硝态氮、亚硝态氮、磷酸盐等指标。",
    "数据采集和处理方法": "鄱阳湖水位年内变幅大，湖泊水面面积年内差异可达3000km2。为了使全年都能进行水体采样，常规采样点的设置都位于湖泊的主湖区，即常年有水区，也称为湖泊的永久水域。如图1所示，本数据集包括6个常规湖面点，即PYH1（116.21288E、29.74754N）、PYH2（116.05437E、29.44136N）、PYH3（116.049E、29.3098N）、PYH4（116.185E、29.2472N）、PYH5（116.37165E、29.07796N）、PYH6（116.422E、28.940N）。采集指标包括物理指标和水化学指标。物理指标使用已校准便携式多参数水质分析仪现场测定水温、电导率、溶解氧、矿化度、pH、氧化还原电位、盐度，用赛氏盘测定透明度，用便携式探深仪测定水深。水化学指标总氮、总磷、氨态氮、硝态氮、亚硝态氮、磷酸盐使用紫外分光光度计测定，用滴定法测定化学需氧量、碱度、硬度；用离子色谱等测定钾、钙、钠、镁。部分指标方法详见表1和表2。图1鄱阳湖站常规观测样点分布示意图下载表1鄱阳湖站物理指标检测方法分析项目分析方法检出限（下限–上限）规范性引用文件水温多参数水质分析仪/温度计−5～70℃GB/T131951991透明度塞氏盘法无SL87-1994pH值多参数水质分析仪/玻璃电极法0–14GB/T69201986溶解氧多参数水质分析仪/电化学探头法0–50mg/LHJ506-2009电导率多参数水质分析仪/电导率仪法0–105µS/cmSL78-1994水色铂钴比色法、稀释倍数法0–70度GB11903-1989矿化度多参数水质分析仪/重量法≥10mg/LSL79-1994盐度YSI多参数水质分析仪0–70pptGB/T12457-2008下载表2鄱阳湖站部分水化学检测方法分析项目分析方法检出限（下限–上限）规范性引用文件溶解性磷酸盐连续流动–钼酸铵分光光度法0–0.3mg/LHJ670-2013总氮过硫酸钾紫外分光光度法/连续流动–盐酸萘乙二胺分光光度法0.05–4mg/LGB/T118941989HJ667-2013氨氮水杨酸分光光度法/连续流动–水杨酸分光光度法0.01−1mg/LGB7481-1987HJ665-2013亚硝酸盐氮分光光度法≥0.003mg/LGB/T7493-1987硝酸盐氮紫外分光光度法0.32–4mg/LHJ/T346-2007高锰酸盐指数CODMn酸性法0.5–4.5mg/LGB11892-1989",
    "数据描述": "本数据集采用中国生态系统研究网络所提供的数据格式进行数据存储，共有6个EXCEL表格，按年份命名为“xx年水体分中心鄱阳湖站数据”；由于监测方案发生变化，碱度、硬度、水色、八大离子由选测变为必测，故从2017年7月开始检测。指标体系举例2017年7月20日常规采样点PYH6各项指标展示详见表3。下载表32017年7月20日PYH6各项指标生态站代码调查年份调查月份调查日期调查时间观测站代码观测站编号站经度站纬度PYL2017102013:08PYL06PYH06116.422E28.940N采样层次溶解氧PH碱度硅酸盐磷酸盐亚硝酸盐氮硝酸盐氮氨态氮mmg/Lmg/Lmg/Lmg/Lmg/Lmg/Lmg/Lmg/L水面下0.5m3.157.7437.54未检测0.0090.0441.4450.183硫酸盐溶解性总碳化学需氧量生化需氧量总磷总氮钾离子钠离子钙离子mg/Lmg/Lmg/Lmg/Lmg/Lmg/Lmg/Lmg/Lmg/L11.678.72942.810.60.0751.9873.185539.25912.32109镁离子氯化物总硬度水温水色电导率水下辐射总有机碳总无机碳mg/Lmg/Lmg/L℃度us/cmW∙m2/nmmg/Lmg/L2.5137210.5526.8241229.391062.9未检测3.5184.762悬浮质溶解性总氮溶解性总磷6.331.4860.066",
    "数据质量": "3.1现场采集样品采集从现场添加固定剂等措施尽量减少运输过程带来的误差，所有采样设备均保持良好的工作状态，专业实验员按操作规范采集样品。3.2实验室分析分析方法参照国家或行业标准分析方法《水质分析方法》（SL78-94-1994）[9]、《水和废水监测分析方法（第四版）》[10]和《陆地生态系统水环境观测规范》[11]等制定水样各理化指标分析标准和方法，保证所获分析结果的精密度、灵敏度和准确度。各监测项目的分析应在其规定保存时间内完成。全部水样的分析一般应在水样采集后10日内完成。测试过程中通过添加平行样和测试标准物来验证数据的可靠性以及稳定性，如遇异常值重新测定，以确保消除试管清洗不净等因素造成的数据误差。3.3数据缺失说明2017年7月至2019年由于监测方案发生变化，新增碱度、硬度、水色、八大离子、TOC、BOD5等指标，2017年7月之前监测方案这价格指标没有纳入检测范围。",
    "数据使用和建议": "用户可登录ScienceDataBank（http://www.sciencedb.cn/dataSet/handle/876）下载数据。或者登录鄱阳湖站官网http://poyang.niglas.cas.cn/，点击运行管理——下载中心，下载数据使用申请表，将表格发至pylstation@niglas.ac.cn，或联系本文作者。",
    "引用格式": "刘贺, 张奇, 牛媛媛, 等. 2013–2018年鄱阳湖水环境监测数据集[DB/OL]. Science Data Bank, 2019. (2020-01-11). DOI: 10.11922/sciencedb.876."
}