{
    "类目名称": "中国生态系统研究网络（CERN）专题",
    "名称": "湖北神农架动物模式标本名录",
    "资源信息链接地址": "http://www.sciencedb.cn/dataSet/handle/861",
    "摘要": "摘要：模式物种是新种发表的依据，在分类学及相关科学研究中具有重要意义。本数据集在《神农架动物模式标本名录》和《中国昆虫模式标本名录》（第1、2、3卷）的基础上，对湖北省神农架地区的动物模式标本进行了信息汇总、核实、厘定和整理。本名录包含以采自神农架地区的标本为模式标本确立的动物物种915种，隶属于3门8纲31目187科，涵盖脊椎动物1门2纲4目6科7种和无脊椎动物2门6纲27目181科908种，以及14种厘定为无效模式标本的物种。本数据集中的每条记录都涵盖了相应物种的有效性、分类信息、模式标本（正模配模和副模）的数量、采集地点、采集时间、原始文献中的标本存放地、是否凭证标本仅来自于神农架地区、参考文献及备注，对相关分类学及科学研究具有重要的参考价值，可为湖北省及西南山地森林生态系统动物保护工作提供科学依据。",
    "关键词": "神农架；模式标本；动物",
    "参考引用": [
        {
            "名称": "徐阳. 科学研究中模式标本档案的管理[J]. 档案学通讯, 1992, (5): 37-41.",
            "资源信息链接地址": "http://xueshu.baidu.com/s?wd= 科学研究中模式标本档案的管理"
        },
        {
            "名称": "杨集昆. 模式标本中宜尽量指定配模[J]. 动物分类学报, 1997, 22(4): 441.",
            "资源信息链接地址": "http://xueshu.baidu.com/s?wd= 模式标本中宜尽量指定配模"
        },
        {
            "名称": "崔俊芝, 白明, 吴鸿, 等. 中国昆虫模式标本名录 (第1 卷)[M]. 北京: 中国林业出版社, 2007.",
            "资源信息链接地址": "http://xueshu.baidu.com/s?wd= 中国昆虫模式标本名录 (第1 卷)"
        },
        {
            "名称": "崔俊芝, 白明, 范仁俊, 等. 中国昆虫模式标本名录 (第2 卷)[M]. 北京: 中国林业出版社, 2009.",
            "资源信息链接地址": "http://xueshu.baidu.com/s?wd= 中国昆虫模式标本名录 (第2 卷)"
        },
        {
            "名称": "白明, 崔俊芝, 胡佳耀, 等. 中国昆虫模式标本名录 (第3 卷)[M]. 北京: 中国林业出版社, 2014.",
            "资源信息链接地址": "http://xueshu.baidu.com/s?wd= 中国昆虫模式标本名录 (第3 卷)"
        },
        {
            "名称": "罗彤. 中国科学院动物研究所兽类标本馆藏模式标本名录[J]. 动物分类学报, 1998, 23(3): 333-335.",
            "资源信息链接地址": "http://xueshu.baidu.com/s?wd= 中国科学院动物研究所兽类标本馆藏模式标本名录"
        },
        {
            "名称": "徐海根, 丁晖, 欧阳志云, 等. 中国实施2020年全球生物多样性目标的进展[J]. 生态学报, 2016, 36: 3847-3858.",
            "资源信息链接地址": "http://xueshu.baidu.com/s?wd= 中国实施2020年全球生物多样性目标的进展"
        },
        {
            "名称": "谢宗强, 申国珍. 神农架自然遗产的价值及其保护管理[M]. 北京: 科学出版社, 2018.",
            "资源信息链接地址": "http://xueshu.baidu.com/s?wd= 神农架自然遗产的价值及其保护管理"
        },
        {
            "名称": "谢宗强, 申国珍, 周友兵, 等. 神农架世界自然遗产地的全球突出普遍价值及其保护[J].生物多样性, 2017, 25(5): 490-497.",
            "资源信息链接地址": "http://xueshu.baidu.com/s?wd= 神农架世界自然遗产地的全球突出普遍价值及其保护"
        },
        {
            "名称": "周友兵, 吴楠. 神农架动物模式标本名录[M]. 北京: 科学出版社, 2019.",
            "资源信息链接地址": "http://xueshu.baidu.com/s?wd= 神农架动物模式标本名录"
        },
        {
            "名称": "朱兆泉, 宋朝枢. 神农架自然保护区科学考察集[M]. 北京: 中国林业出版社, 1999.",
            "资源信息链接地址": "http://xueshu.baidu.com/s?wd= 神农架自然保护区科学考察集"
        },
        {
            "名称": "廖明尧. 神农架自然保护区志[M]. 武汉: 湖北科学技术出版社, 2012.",
            "资源信息链接地址": "http://xueshu.baidu.com/s?wd= 神农架自然保护区志"
        },
        {
            "名称": "廖明尧. 神农架地区自然资源综合调查报告[M]. 北京: 中国林业出版社, 2015.",
            "资源信息链接地址": "http://xueshu.baidu.com/s?wd= 神农架地区自然资源综合调查报告"
        },
        {
            "名称": "周青春. 神农架地区陆生脊椎动物资源[M]. 北京: 中国林业出版社, 2015.",
            "资源信息链接地址": "http://xueshu.baidu.com/s?wd= 神农架地区陆生脊椎动物资源"
        },
        {
            "名称": "杨星科. 长江三峡库区昆虫. 上册[M]. 重庆: 重庆出版社, 1997.",
            "资源信息链接地址": "http://xueshu.baidu.com/s?wd= 长江三峡库区昆虫. 上册"
        },
        {
            "名称": "杨星科. 长江三峡库区昆虫. 下册[M]. 重庆: 重庆出版社, 1997.",
            "资源信息链接地址": "http://xueshu.baidu.com/s?wd= 长江三峡库区昆虫. 下册"
        },
        {
            "名称": "蒋志刚, 江建平, 王跃招, 等. 中国脊椎动物红色名录[J]. 生物多样性, 2016, 24: 500-551.",
            "资源信息链接地址": "http://xueshu.baidu.com/s?wd= 中国脊椎动物红色名录"
        }
    ],
    "作者": [
        {
            "姓名": "吴楠",
            "机构": [
                "中国科学院植物研究所植被与环境变化国家重点实验室",
                "State Key Laboratory of Vegetation and Environment Change, Institute of Botany, Chinese Academy of Sciences",
                "中国科学院大学",
                "University of Chinese Academy of Sciences"
            ],
            "贡献": "主要承担工作：动物模式标本名录、物种信息收集整理和文章撰写。",
            "简介": "（1993—），女，在读博士，研究方向为动植物多样性及种子传播方式的海拔分异。"
        },
        {
            "姓名": "雷博宇",
            "机构": [
                "中国科学院植物研究所植被与环境变化国家重点实验室",
                "State Key Laboratory of Vegetation and Environment Change, Institute of Botany, Chinese Academy of Sciences",
                "中国科学院大学",
                "University of Chinese Academy of Sciences"
            ],
            "贡献": "主要承担工作：本文模式标本名录鉴别和文章修改。",
            "简介": "（1995—），男，在读博士，研究方向为海拔梯度上果实性状对动植物互惠网络的调控作用。"
        },
        {
            "姓名": "周友兵",
            "机构": [
                "中国科学院植物研究所植被与环境变化国家重点实验室",
                "State Key Laboratory of Vegetation and Environment Change, Institute of Botany, Chinese Academy of Sciences"
            ],
            "贡献": "主要承担工作：本文研究思路、框架指导、模式标本名录及物种信息鉴别等。",
            "简介": "（1980—），男，博士，副研究员，研究方向为动植物互作关系与森林更新。"
        },
        {
            "姓名": "谢宗强",
            "机构": [
                "中国科学院植物研究所植被与环境变化国家重点实验室",
                "State Key Laboratory of Vegetation and Environment Change, Institute of Botany, Chinese Academy of Sciences",
                "中国科学院大学",
                "University of Chinese Academy of Sciences"
            ],
            "贡献": "主要承担工作：本文研究思路、框架指导、模式标本名录、物种信息鉴别和文章修改。",
            "简介": "（1965—），男，博士，研究员，研究方向为森林生态学、保护生态学等。"
        }
    ],
    "基金": "CERN监测网络，国家生态系统观测研究共享服务平台（2005DKA10300）。",
    "数据集名称": "湖北神农架动物模式标本名录",
    "数据作者": "谢宗强（xie@ibcas.ac.cn）",
    "时间范围": "文献发表时间：1950–2016年；物种采集时间：1957–2014年",
    "空间范围": "湖北神农架（109°29′34.8″–111°56′24″E、30°57′28.8″–32°14′6″N）",
    "数据格式": "*.xlsx",
    "数据量": "249 KB",
    "数据组成": "整个数据集共由929条记录组成，分别包括（1）以采自神农架的标本为模式标本确定的动物物种915种，隶属于3门8纲31目187科，涵盖脊椎动物1门2纲4目6科7种和无脊椎动物2门6纲27目181科908种；（2）14种甄别为无效模式标本的物种。数据内容由31个字段组成，分别为：编号、物种有效性、门、门拉丁名、纲、纲拉丁名、目、目拉丁名、科、科拉丁名、属拉丁名、中文名、拉丁学名、正模数量、正模性别、正模采集地点、正模采集时间、正模原始文献中的标本存放地、配模数量、配模性别、配模采集地点、配模采集时间、配模原始文献中的标本存放地、副模数量、副模性别、副模采集地点、副模采集时间、副模原始文献中的标本存放地、凭证标本是否仅来自于神农架地区、参考文献及备注。",
    "数据采集和处理方法": "1.1数据采集在《神农架动物模式标本名录》[10]的基础上，参考了《中国昆虫模式标本名录》（第1、2、3卷）[3,4,5]的分类体系，并通过以下方式进行数据的采集：①以“Shennongjia”和“Newspecies”在ScholarGoogle（http://www.scholar.google.com/）和WebofScience（http://www.isiknowledge.com）网站上搜索英文资料；②以“神农架”和“新种”在ScholarGoogle、中国知网（http://www.cnki.net/）和维普网（http://www.cqvip.com/）上搜索中文文献；③查阅相关的志书[3,4,5,15-16]和专题网站（中国昆虫模式标本数据库http://www.zoology.csdb.cn/page/showEntity.vpage?uri=specimen.specimen及中国昆虫新种数据库http://www.zoology.csdb.cn/page/showEntity.vpage?uri=newinsect.species1）。收集到的全部资料发表时间为1950–2016年，模式物种采集时间为1957–2014年。1.2处理方法我们参考了《中国昆虫模式标本名录》（第1、2、3卷）[3,4,5]、《长江三峡库区昆虫》（上、下）[15-16]等专著和国内外发表的文献或书籍，将其中于湖北神农架区域内分布的动物模式物种标本信息汇总整理，同时对模式物种进行分类厘定。本数据集仅包含正式发表的物种，及其在神农架地区的分布信息（正模、配模、副模分别的数量、性别、采集地点、采集时间、原始文献中的标本存放地、参考文献）。基于《神农架动物模式标本名录》一书，本数据集于“备注”部分罗列了部分需要分类讨论的物种，具体内容可参考该书。",
    "数据描述": "本名录由929条记录组成，主要分为2个部分，分别是（1）有效物种名录：以采自神农架的标本为模式标本确定的动物物种915种，隶属于3门8纲31目187科；（2）无效物种名录：14种甄别为无效模式标本的物种。其中，12个物种的拉丁学名为之前已记录物种的同物异名，根据发表的时间优先原则，将这些以神农架标本命名的新物种确定为无效模式标本；2个物种（阳日条鳅和红须鳅鮀）除原始文献外再未检索到其他相关信息，且世界鱼类数据库（FishBase，http://www.fishbase.org/search.php，2017-12-15）及《中国脊椎动物红色名录》[17]也均未列出此2物种，故亦将其甄别为无效模式物种[10]。本名录涵盖模式物种分类信息（物种编号、物种有效性、物种所属的分类阶元及物种中文名和拉丁学名）、模式标本信息（正模、配模、副模分别的数量、性别、采集地点、采集时间、原始文献中的标本存放地）、文献信息（包括物种发表的原始文献及分类修订的相关文献）、凭证标本是否仅来自于神农架地区及备注。具体的字段名、类型及示例见表1。下载表1湖北神农架动物模式标本名录示例字段名数据类型样例编号数值型55物种有效性字符型有效门字符型节肢动物门门拉丁名字符型Arthropoda纲字符型蛛形纲纲拉丁名字符型Arachnida目字符型蜘蛛目目拉丁名字符型Araneae科字符型皿蛛科科拉丁名字符型Linyphiidae属拉丁名字符型Gongylidioides中文名字符型穿孔瘤胸蛛拉丁学名字符型Gongylidioidesforatus正模数量数值型1正模性别字符型♂正模采集地点字符型湖北神农架木鱼镇正模采集时间字符型1986.Ⅵ~Ⅷ正模原始文献中的标本存放地字符型白求恩医科大学生物学教研室配模数量数值型1配模性别字符型♀配模采集地点字符型湖北神农架木鱼镇配模采集时间字符型1986.Ⅵ~Ⅷ配模原始文献中的标本存放地字符型白求恩医科大学生物学教研室副模数量数值型24副模性别字符型14♀♀10♂♂副模采集地点字符型湖北神农架木鱼镇副模采集时间字符型1986.Ⅵ~Ⅷ副模原始文献中的标本存放地字符型白求恩医科大学生物学教研室凭证标本是否仅来自于神农架地区字符型是参考文献字符型(1)马晓丽,朱传典.1990.中国瘤胸蛛属二新种(蜘蛛目:皿蛛科:微蛛亚科).动物分类学报,15:431-435.(2)TuLH,LiSQ.2006.AreviewofGongylidioidesspiders(Araneae:Linyphiidae:Erigoninae)fromChina.RevueSuissedeZoologie,113:51-65.备注字符型分类讨论",
    "数据质量": "本名录是一个基于已出版的专著《神农架动物模式标本名录》[10]整合的数据资料集（库），在信息汇总、整理过程中，以《中国昆虫模式标本名录》（第1、2、3卷）[3,4,5]作为分类阶元的主要参考依据，严格遵循动物模式物种须有规范的模式标本（正模、配模、副模）描述、明确的模式标本存放地（正模、配模、副模分别在原始文献中出现的存放地）、公开的学术刊物（原始发表文献及分类厘定参考文献）、明确的县级（或村、镇）记录的原则。模式标本的正模、配模和副模，若原始文献未提供其明确的信息，则用“不详”标注。本名录中的所有数据均来源于公开发表的文献或专著，且每条记录后附有原始文献，可供使用者查询出处。",
    "数据价值": "模式标本的数量是一个国家或地区分类学研究积累的重要反映，具有极高的学术价值和保藏价值。自18世纪以来，分类学家及相关研究学者在湖北神农架地区开展了大量的科学考察活动，采集并发现了大批物种新记录，撰写了大量学术文章及专著。然而，直至今日，对于神农架地区模式动物的整合性研究仍较为匮乏，且目前的研究结果体现出研究内容较为分散、数据信息较为陈旧、信息更新不够及时等问题。本名录搜集整理了相关权威网站及发表时间跨度达80余年的国内外文献、专著，内容丰富、全面。本数据集可供从事动物学及保护生物学科研、教学的学者、自然保护科技工作者及自然资源管理人员查阅，为构建其他区域性或大尺度的模式标本数据集提供参考。",
    "引用格式": "吴楠, 雷博宇, 周友兵, 谢宗强. 湖北神农架动物模式标本名录[DB/OL]. Science Data Bank, 2019. (2019-08-29). DOI: 10.11922/sciencedb.861."
}