{
    "类目名称": "丝绸之路历史地理信息专题",
    "名称": "基于土地利用的长江经济带1970s末至2015年人类活动强度数据集",
    "资源信息链接地址": "http://220.194.54.102/sjzx/sjzxDetail?id=756c50ad-503c-4ef7-b051-4130ed0317b7                                                                   ；http://www.sciencedb.cn/dataSet/handle/631",
    "摘要": "摘要：人类活动强度数据集可以用于评估人类活动对生物多样性的影响等。本数据集以中国国家尺度土地利用数据库（China’s Land-Use/cover Datasets，CLUDs）为数据源，采用生态系统综合人类扰动指数赋值方案，研制了长江经济带1970年代末、1980年代末、1995年、2000年、2005年、2010年和2015年共7期1 km分辨率人类活动强度数据集。本研究建立的人类活动强度数据与县域人口密度和单位面积GDP数据具有显著的相关关系，相关系数分别为0.615和0.709，表明本数据集较好地刻画了人类活动强度。与全球数据集对比，本数据集精度至少提高了26%以上。长江经济带人类活动强度数据集可深化对长江经济带人地关系的认识，为“共抓大保护，不搞大开发”政策的实施提供科学数据支撑。",
    "关键词": "长江经济带；土地利用；人类活动强度；长时间序列；栅格数据",
    "参考引用": [
        {
            "名称": "FOLEY J A, DEFRIES R, ASNER G P, et al. Global consequences of land use[J]. Science, 2005, 309(5734): 570-574.",
            "资源信息链接地址": "http://xueshu.baidu.com/s?wd= Global consequences of land use"
        },
        {
            "名称": "JOHNSON C N, BALMFORD A, BROOK B W, et al. Biodiversity losses and conservation responses in the Anthropocene[J]. Science, 2017, 356(6335): 270-274.",
            "资源信息链接地址": "http://xueshu.baidu.com/s?wd= Biodiversity losses and conservation responses in the Anthropocene"
        },
        {
            "名称": "ZHAO H D, LIU S L, DONG S K, et al. Analysis of vegetation change associated with human disturbance using MODIS data on the rangelands of the Qinghai-Tibet Plateau[J]. Rangeland Journal, 2015, 37(1): 77-87.",
            "资源信息链接地址": "http://xueshu.baidu.com/s?wd= Analysis of vegetation change associated with human disturbance using MODIS data on the rangelands of the Qinghai-Tibet Plateau"
        },
        {
            "名称": "LI S C, ZHANG Y L, WANG Z F, et al. Mapping human influence intensity in the Tibetan Plateau for conservation of ecological service functions[J]. Ecosystem Services, 2018, 30: 276-286.",
            "资源信息链接地址": "http://xueshu.baidu.com/s?wd= Mapping human influence intensity in the Tibetan Plateau for conservation of ecological service functions"
        },
        {
            "名称": "VENTER O, SANDERSON E W, MAGRACH A, et al. Data Descriptor: Global terrestrial Human Footprint maps for 1993 and 2009[J]. Scientific Data, 2016, 3: 160067",
            "资源信息链接地址": "http://xueshu.baidu.com/s?wd= Data Descriptor: Global terrestrial Human Footprint maps for 1993 and 2009"
        },
        {
            "名称": "TAPIA-ARMIJOS M F, HOMEIER J, DRAPER M D. Spatio-temporal analysis of the human footprint in South Ecuador: Influence of human pressure on ecosystems and effectiveness of protected areas[J]. Applied Geography, 2017, 78: 22-32.",
            "资源信息链接地址": "http://xueshu.baidu.com/s?wd= Spatio-temporal analysis of the human footprint in South Ecuador: Influence of human pressure on ecosystems and effectiveness of protected areas"
        },
        {
            "名称": "徐勇, 孙晓一, 汤青. 陆地表层人类活动强度: 概念、方法及应用[J]. 地理学报, 2015, 70(7): 1068-1079.",
            "资源信息链接地址": "http://xueshu.baidu.com/s?wd= 陆地表层人类活动强度: 概念、方法及应用"
        },
        {
            "名称": "SANDERSON E W, JAITEH M, LEVY M A, et al. The human footprint and the last of the wild[J]. Bioscience, 2002, 52(10): 891-904.",
            "资源信息链接地址": "http://xueshu.baidu.com/s?wd= The human footprint and the last of the wild"
        },
        {
            "名称": "WOOLMER G, TROMBULAK S C, RAY J C., et al. Rescaling the Human Footprint: A tool for conservation planning at an ecoregional scale[J]. Landscape and Urban Planning, 2008, 87(1): 42-53.",
            "资源信息链接地址": "http://xueshu.baidu.com/s?wd=, et al. Rescaling the Human Footprint: A tool for conservation planning at an ecoregional scale"
        },
        {
            "名称": "赵国松, 刘纪远, 匡文慧, 等. 1990-2010年中国土地利用变化对生物多样性保护重点区域的扰动[J]. 地理学报, 2014, 69(11): 1640-1650.",
            "资源信息链接地址": "http://xueshu.baidu.com/s?wd= 1990-2010年中国土地利用变化对生物多样性保护重点区域的扰动"
        },
        {
            "名称": "刘纪远. 西藏自治区土地利用[M]. 北京: 科学出版社. 1992.",
            "资源信息链接地址": "http://xueshu.baidu.com/s?wd= 西藏自治区土地利用"
        },
        {
            "名称": "刘毅, 周成虎, 王传胜, 等. 长江经济带建设的若干问题与建议[J]. 地理科学进展, 2015, 34(11): 1345-1355.",
            "资源信息链接地址": "http://xueshu.baidu.com/s?wd= 长江经济带建设的若干问题与建议"
        },
        {
            "名称": "金贵, 邓祥征, 赵晓东, 等. 2005-2014 年长江经济带城市土地利用效率时空格局特征[J]. 地理学报, 2018, 73(7): 1227-1237.",
            "资源信息链接地址": "http://xueshu.baidu.com/s?wd= 2005-2014 年长江经济带城市土地利用效率时空格局特征"
        },
        {
            "名称": "刘纪远, 匡文慧, 张增祥, 等. 20世纪80年代末以来中国土地利用变化的基本特征与空间格局[J]. 地理学报, 2014, 69(1): 3-14.",
            "资源信息链接地址": "http://xueshu.baidu.com/s?wd= 20世纪80年代末以来中国土地利用变化的基本特征与空间格局"
        },
        {
            "名称": "盛科荣, 樊杰. 地域功能的生成机理:基于人地关系地域系统理论的解析[J]. 经济地理, 2018, 38(5): 11-19.",
            "资源信息链接地址": "http://xueshu.baidu.com/s?wd= 地域功能的生成机理:基于人地关系地域系统理论的解析"
        },
        {
            "名称": "刘慧明, 高吉喜, 张海燕, 等. 2010-2015年中国生物多样性保护优先区域人类干扰程度评估[J]. 地球信息科学学报, 2017, 19(11): 1456-1465.",
            "资源信息链接地址": "http://xueshu.baidu.com/s?wd= 2010-2015年中国生物多样性保护优先区域人类干扰程度评估"
        },
        {
            "名称": "吴艳艳, 吴志峰, 余世孝, 等. 定量评价人类活动对净初级生产力的影响[J]. 应用生态学报, 2017, 28(8): 2535-2544.",
            "资源信息链接地址": "http://xueshu.baidu.com/s?wd= 定量评价人类活动对净初级生产力的影响"
        },
        {
            "名称": "国家统计局农村社会经济调查总队. 中国县(市)社会经济统计年鉴[M]. 北京: 中国统计出版社. 2011.",
            "资源信息链接地址": "http://xueshu.baidu.com/s?wd= 中国县(市)社会经济统计年鉴"
        },
        {
            "名称": "VENTER O, SANDERSON E W, MAGRACH A, et al. Sixteen years of change in the global terrestrial human footprint and implications for biodiversity conservation[J]. Nature Communications, 2016, 7: 12558.",
            "资源信息链接地址": "http://xueshu.baidu.com/s?wd= Sixteen years of change in the global terrestrial human footprint and implications for biodiversity conservation"
        },
        {
            "名称": "Buxton R T, McKenna M F, Mennitt D, et al. Noise pollution is pervasive in US protected areas[J]. Science, 2017, 356(6337): 531-533",
            "资源信息链接地址": "http://xueshu.baidu.com/s?wd= Noise pollution is pervasive in US protected areas"
        },
        {
            "名称": "Koen E L, Minnaar C, Roever C L, et al. Emerging threat of the 21st century lightscape to global biodiversity[J]. Global Change Biology, 2018, 24(6): 2315-2324.",
            "资源信息链接地址": "http://xueshu.baidu.com/s?wd= Emerging threat of the 21st century lightscape to global biodiversity"
        },
        {
            "名称": "TUCKER M A, BOHNING-GAESE K, FAGAN W F, et al. Moving in the Anthropocene: Global reductions in terrestrial mammalian movements[J]. Science, 2018, 359(6374): 466-469.",
            "资源信息链接地址": "http://xueshu.baidu.com/s?wd= Moving in the Anthropocene: Global reductions in terrestrial mammalian movements"
        },
        {
            "名称": "Jones K R., Venter O, Fuller R A, et al. One-third of global protected land is under intense human pressure[J]. Science, 2018, 360(6390): 788-791.",
            "资源信息链接地址": "http://xueshu.baidu.com/s?wd=, Venter O, Fuller R A, et al. One-third of global protected land is under intense human pressure"
        }
    ],
    "作者": [
        {
            "姓名": "李士成",
            "机构": [
                "中国地质大学（武汉）  公共管理学院",
                "School of Public Administration  , China University of Geosciences"
            ],
            "贡献": "主要承担工作：数据处理、制图与稿件撰写。",
            "简介": "（1989—），男，山东省临沂市人，博士，助理研究员，研究方向为长时间序列土地利用重建与人类活动强度评估。"
        },
        {
            "姓名": "张学珍",
            "机构": [
                "中国科学院地理科学与资源研究所，中国科学院陆地表层格局与模拟重点实验室",
                "Key Laboratory of Land Surface Pattern and Simulation, Institute of Geographic Sciences and Natural Resources Research, CAS"
            ],
            "贡献": "主要承担工作：思路设计、稿件撰写与修改。",
            "简介": "（1981—），男，山东省济宁市人，博士，副研究员，研究方向为土地利用/覆盖变化的气候与环境效应。"
        }
    ],
    "基金": "国家重点研发计划（2017YFA0603304），中央高校基本科研业务费专项资金资助项目（CUGL170823），国家自然科学基金（41790424，41561020），中国科学院前沿科学重点研究项目（QYZDB-SSW-DQC005）。",
    "数据集名称": "基于土地利用的长江经济带1970s末至2015年人类活动强度数据集",
    "数据作者": "张学珍（xzzhang@igsnrr.ac.cn）",
    "时间范围": "1970s末至2015年",
    "空间范围": "长江经济带，包括上海市、江苏省、浙江省、安徽省、江西省、湖北省、湖南省、重庆市、四川省、云南省、贵州省等11个省市",
    "空间分辨率": "1000 m",
    "数据量": "106.82 MB（压缩后4.02 MB）",
    "数据格式": "*.GRID（压缩为.rar格式）",
    "数据组成": "数据集包含7个时段的人类活动强度栅格数据文件，分别为：1970s末.zip，1980s末.zip，1995.zip，2000.zip，2005.zip，2010.zip，2015.zip。",
    "数据采集和处理方法": "1.1数据来源刘纪远等[14]通过人工目视解译建成中国国家尺度1:10万比例尺土地利用数据库（China’sLand-Use/coverDatasets,CLUDs），并每隔5年采用同类卫星遥感数据对其进行更新。CLUDs是以LandsatTM/ETM遥感影像为主要数据源，包括耕地、林地、草地、水域、居民地和未利用土地6个一级类型以及25个二级类型，分类精度超过90%[14]。本文采用1970年代末、1980年代末、1995年、2000年、2005年、2010年和2015年7期1km栅格数据（每个1km栅格的属性为一种主导的土地利用类型）来评估长江经济带的人类活动强度，由中国科学院资源环境科学数据中心（http://www.resdc.cn/）提供。1.2数据研制方法人类多种活动形式均对生态系统带来影响，这种活动的强度较难定量评估。但其中人类的土地利用活动导致陆地表层的土地覆盖发生变化是人类对生态系统扰动最直接的表现，是生物多样性受到威胁的首要驱动因素[1]。因此，陆地表层人类活动强度可以被定义为人类土地利用活动对陆地表层自然覆盖开发利用和改造的程度，可以通过土地利用/覆盖类型表征[7]。而且，基于土地利用/覆盖类型的人类活动强度评估方法能够较好地刻画人地关系[15]、人类活动对生物多样性[16]和生态系统的扰动[17]。虽然Sanderson等[8]采用土地利用、人口密度、道路和夜间灯光指数等过个因子刻画人类活动强度，但人口密度、道路和夜间灯光指数均和土地利用高度相关，其信息能够通过土地利用较好地表征。综上所述，本研究采用土地利用/覆盖类型来表征人类活动强度，并选用生态系统综合人类扰动指数的赋值方案（表1）[10]来研制长江经济带1970s末至2015年人类活动强度数据集。下载表1各类土地利用的人类活动强度分值[10]级别自然未利用级自然再生利用级人为再生利用级人为非再生利用级土地利用类型未利用土地，永久性冰川、雪地林地、草地，水域（不包含永久性冰川、雪地）水田、旱地城镇用地，农村居民点，工矿用地、交通用地等其他建设用地人类活动强度分值00.250.501",
    "数据描述": "本数据集包含1970s末、1980s末、1990年、2000年、2005年、2010年、2015年共7期人类活动强度数据。这些数据存放在7个文件夹中，总数据量106.82MB，保存为1个压缩文件（长江经济带1970年代末-2015年基于土地利用的人类活动强度数据集.rar），压缩文件数据量为4.02MB。每个文件夹中单独存储1个时期的GRID栅格数据文件，为32bit栅格数据结构；采用的坐标系为Krasovsky_1940_Albers。数据样本长江经济带2015年基于土地利用的人类活动强度如图1所示。图1长江经济带2015年基于土地利用的人类活动强度空间分布图（审图号：GS(2018)4935号）",
    "数据质量": "人类活动强度是一个较为综合的概念，目前还不能通过和观测数据直接对比的方式验证其合理性。人口密度反映了人类活动强度的行为主体“人口”的空间分布状态，对人类活动强度及其变化起着主导性作用。国内生产总值（GDP）是人类活动强度的一个重要表征指标。因此，本研究通过将人口密度和单位面积GDP与人类活动强度进行相关分析来从一定程度上佐证人类活动强度数据的可靠性和合理性[7]。将2010年人类活动强度数据以县域为单位进行空间聚合，并与来自中国县市社会经济统计年鉴[18]的2010年县域人口密度数据和单位面积GDP数据（人口总量和GDP总量分别除以政区面积得到单位面积的人口数量和GDP数据）分别进行拟合，发现其与人口密度和单位面积GDP均符合指数函数的关系（图2），相关系数分别为0.615和0.709，相关性较好，表明本文研制的人类活动强度数据在一定程度上较为可靠。图22010年县域单元人类活动强度与人口密度和单位面积GDP的相关关系此外，长江经济带人类活动强度空间分布与人口密度的空间分布格局较为一致。苏皖地区，长三角地区，江汉平原，四川盆地人类活动强度较高，这些地区人口密度也较高，这亦表明本文研制数据集较为可靠。",
    "数据价值": "考虑土地利用、人口密度、道路和夜间灯光指数等多个因子对生态环境的相对扰动，综合专家知识，Sanderson等将上述因子赋值量化，绘制了全球人类活动强度图[8]，并进行了更新和应用[19]。我们将本文研制的人类活动强度数据集和全球人类活动强度数据集[5]分别归一化处理以后进行空间格局的大致比对（图3），以明晰本数据集的价值。图3不同数据集长江经济带人类活动强度对比（审图号：GS(2018)4935号）本研究采用的源数据CLUDs土地利用一级类型综合评价精度94.3%以上，二级类型分类综合精度91.2%以上；而全球人类活动强度数据集采用的UMD数据集平均精度只有65%，采用的10km分辨率的牧草地数据则存在更大的不确定性[19]。我们进一步分析其采用的耕地数据，发现全球数据集在四川盆地南部、贵州中西部地区耕地分布明显偏多，导致这里的人类活动强度和四川盆地较为接近，这存在较大的不确定性。此外，数据处理的过程中，全球数据集采用了多个来源的遥感产品来绘制人类活动强度图，比如耕地数据采用了UMD数据集，而牧草地则采用了MODIS和GLC2000融合，且经普查数据校正后的产品，各个数据产品的同化过程可能也会引入一定的误差。全球数据集采用的人口数据（空间分辨率2.5′，约相当于5km）精度较差，就中国区域而言，只适用于部分平原和盆地地区[19]。上述对比分析表明，仅从土地利用的角度，本数据集的精度高出全球数据集至少26个百分点。本数据集也存在不确定性，需要引起数据用户和科技工作者的注意。第一，本数据集是对人类活动强度的保守估计。人类活动对生态环境带来多种扰动和破坏，如人类工业生产产生的各种废水、废气和固体废弃物对环境带来污染，噪声[20]、人造灯光[21]对生态系统的扰动等。虽然土地利用能够较好表征上述人类活动因子对生态系统的扰动，但只考虑土地利用得到的人类活动强度结果仍是对人类活动强度的保守估计。第二，本数据集适用于长江经济带人类活动有关的宏观决策分析。由于长江经济带国土面积较大，面积约205万km2，横跨中国三级阶梯，自然地理环境复杂，本研究采用的源数据CLUDs的土地利用分类系统和人类活动强度赋值原则能够反映长江经济带近40年以来人类活动强度变化的整体趋势，适用于宏观的决策分析，若要应用于局部地区相关政策的制定，则需秉持审慎的态度。人类活动强度数据集具有广泛的应用价值[3,16]。比如，它可以用来评估人类活动对动物行为的影响[22]，对生态系统服务和生物多样性损失的影响[2]，也可以用来评估生态工程的有效性[5,23]，还可以测算人类活动的效率[13,19]等。",
    "引用格式": "李士成, 张学珍. 基于土地利用的长江经济带1970年代末至2015年人类活动强度数据集[DB/OL]. Science Data Bank, 2018. (2018-08-16). DOI: 10.11922/sciencedb.631."
}