{
    "类目名称": "中国生态系统研究网络（CERN）专题",
    "名称": "2012–2019年千烟洲红壤丘陵综合开发试验站散射辐射数据集",
    "资源信息链接地址": "http://www.dx.doi.org/10.11922/sciencedb.j00001.00062",
    "摘要": "摘要：散射辐射是太阳辐射的重要组成成分，散射辐射中的光合有效部分是植物光合作用的主要驱动力，其动态变化对生态系统碳循环有重要影响。2012年在千烟洲红壤丘陵综合开发试验站的综合气象观测场内安装了SPN1辐射仪（Delta-T Devices Ltd, 英国）进行散射辐射观测。对于缺失的散射辐射数据，首先利用同期的带有遮光环的CMP11辐射仪（Kipp & Zonen, 荷兰）测得的散射辐射数据进行替换。若CMP11辐射仪的散射辐射数据也缺失，则利用已在千烟洲地区验证过的Reindl模型进行计算。本数据集精度为30分钟尺度，时间长度为2012–2019年。长期高时间分辨率的数据对于理解我国关键典型农业区域大气辐射特征及其时间变化特征有重要价值，同时也可作为大气、农业和生态所涉及时间尺度问题的重要辅助资料。",
    "关键词": "千烟洲；散射辐射；总辐射；晴空指数",
    "参考引用": [
        {
            "名称": "ŞEN Z. Atmospheric environment and renewable energy[M]//Solar Energy Fundamentals and Modeling Techniques. London: Springer London, : 21–45. DOI:10.1007/978-1-84800-134-3_2.",
            "资源信息链接地址": "http://xueshu.baidu.com/s?wd= Atmospheric environment and renewable energy"
        },
        {
            "名称": "SZEICZ G. Solar radiation for plant growth[J]. The Journal of Applied Ecology, 1974, 11(2): 617. DOI:10.2307/2402214.",
            "资源信息链接地址": "http://xueshu.baidu.com/s?wd= Solar radiation for plant growth"
        },
        {
            "名称": "HARROUNI S. Fractal classification of typical meteorological days from global solar irradiance: Application to five sites of different climates// Badescu V. Modeling Solar Radiation at the Earth’s Surface[M]. Berlin: Springer, 2008: 29–54. DOI:10.1007/978-3-540-77455-6_2.",
            "资源信息链接地址": "http://xueshu.baidu.com/s?wd= Fractal classification of typical meteorological days from global solar irradiance: Application to five sites of different climates// Badescu V. Modeling Solar Radiation at the Earth’s Surface"
        },
        {
            "名称": "GU L H, BALDOCCHI D D, WOFSY S C, et al. Response of a deciduous forest to the Mount Pinatubo eruption: enhanced photosynthesis[J]. Science, 2003, 299(5615): 2035–2038. DOI:10.1126/science.1078366.",
            "资源信息链接地址": "http://xueshu.baidu.com/s?wd= Response of a deciduous forest to the Mount Pinatubo eruption: enhanced photosynthesis"
        },
        {
            "名称": "ALTON P B, NORTH P R, LOS S O. The impact of diffuse sunlight on canopy light-use efficiency, gross photosynthetic product and net ecosystem exchange in three forest biomes[J]. Global Change Biology, 2007, 13(4): 776–787. DOI:10.1111/j.1365-2486.2007.01316.x.",
            "资源信息链接地址": "http://xueshu.baidu.com/s?wd= The impact of diffuse sunlight on canopy light-use efficiency, gross photosynthetic product and net ecosystem exchange in three forest biomes"
        },
        {
            "名称": "MERCADO L M, BELLOUIN N, SITCH S, et al. Impact of changes in diffuse radiation on the global land carbon sink[J]. Nature, 2009, 458(7241): 1014–1017. DOI:10.1038/nature07949.",
            "资源信息链接地址": "http://xueshu.baidu.com/s?wd= Impact of changes in diffuse radiation on the global land carbon sink"
        },
        {
            "名称": "ALTON P B. Reduced carbon sequestration in terrestrial ecosystems under overcast skies compared to clear skies[J]. Agricultural and Forest Meteorology, 2008, 148(10): 1641–1653. DOI:10.1016/j.agrformet.2008.05.014.",
            "资源信息链接地址": "http://xueshu.baidu.com/s?wd= Reduced carbon sequestration in terrestrial ecosystems under overcast skies compared to clear skies"
        },
        {
            "名称": "Delta-T Devices Ltd. SPN1 Technical Fact Sheet[EB/OL]. (2014-01-27) [2014-03-25].",
            "资源信息链接地址": "http://xueshu.baidu.com/s?wd= SPN1 Technical Fact Sheet[EB/OL]. (2014-01-27) "
        },
        {
            "名称": "http://www.delta-t.co.uk/product-support-material.asp",
            "资源信息链接地址": "#"
        },
        {
            "名称": "Kipp & Zonen Co. Manual of Pyranometer CMP11 [EB/OL]. (2014-01-01) [2014-03-25]. http://www.kippzonen.com/Product/13/CMP-11-Pyranometer#.U0SpQ3nHiUM",
            "资源信息链接地址": "http://xueshu.baidu.com/s?wd= Manual of Pyranometer CMP11 [EB/OL]. (2014-01-01) "
        },
        {
            "名称": "REINDL D T, BECKMAN W A, DUFFIE J A. Diffuse fraction correlations[J]. Solar Energy, 1990, 45(1): 1–7. DOI:10.1016/0038-092X(90)90060-P.",
            "资源信息链接地址": "http://xueshu.baidu.com/s?wd= Diffuse fraction correlations"
        },
        {
            "名称": "韩佳音, 李胜功, 张雷明, 等. 江西千烟洲地区散射辐射的模拟与验证[J]. 应用生态学报, 2015, 26(10): 2991–2999. DOI:10.13287/j.1001-9332.20150921.016.",
            "资源信息链接地址": "http://xueshu.baidu.com/s?wd= 江西千烟洲地区散射辐射的模拟与验证"
        },
        {
            "名称": "韩佳音, 李胜功, 张雷明, 等. 2012年春季千烟洲地区散射辐射的对比观测[J]. 应用生态学报, 2015, 26(3): 697–703. DOI:10.13287/j.1001-9332.20141223.025.",
            "资源信息链接地址": "http://xueshu.baidu.com/s?wd= 2012年春季千烟洲地区散射辐射的对比观测"
        },
        {
            "名称": "FOKEN T, WICHURA B. Tools for quality assessment of surface-based flux measurements[J]. Agricultural and Forest Meteorology, 1996, 78(1/2): 83–105. DOI:10.1016/0168-1923(95)02248-1.",
            "资源信息链接地址": "http://xueshu.baidu.com/s?wd= Tools for quality assessment of surface-based flux measurements"
        },
        {
            "名称": "YOUNES S, CLAYWELL R, MUNEER T. Quality control of solar radiation data: Present status and proposed new approaches[J]. Energy, 2005, 30(9): 1533–1549. DOI:10.1016/j.energy.2004.04.031.",
            "资源信息链接地址": "http://xueshu.baidu.com/s?wd= Quality control of solar radiation data: Present status and proposed new approaches"
        },
        {
            "名称": "中国气象局. 地面气象观测规范 第22部分：观测记录质量控制: QX/T 66—2007[S]. 北京: 中国标准出版社, 2007.",
            "资源信息链接地址": "http://xueshu.baidu.com/s?wd= 地面气象观测规范 第22部分：观测记录质量控制: QX/T 66—2007"
        }
    ],
    "作者": [
        {
            "姓名": "韩佳音",
            "机构": [
                "中国科学院地理科学与资源研究所，生态系统网络观测与模拟重点实验室",
                "Key Laboratory of Ecosystem Network Observation and Modeling, Institute of Geographic Sciences and Natural Resources Research, Chinese Academy of Sciences",
                "中国科学院大学资源与环境学院",
                "College of Resources and Environment, University of Chinese Academy of Sciences",
                "北京大学城市与环境学院",
                "College of Urban and Environmental Sciences, Peking University"
            ],
            "贡献": "主要承担工作：数据处理、散射辐射计算。",
            "简介": "（1989—），男，博士，博士后，研究方向为生态系统碳循环。"
        },
        {
            "姓名": "张彩霞",
            "机构": [
                "中国科学院地理科学与资源研究所，生态系统网络观测与模拟重点实验室",
                "Key Laboratory of Ecosystem Network Observation and Modeling, Institute of Geographic Sciences and Natural Resources Research, Chinese Academy of Sciences"
            ],
            "贡献": "主要承担工作：数据整理与质控。",
            "简介": "（1974—），女，博士，工程师，研究方向为生态服务功能评估方法。"
        },
        {
            "姓名": "张雷明",
            "机构": [
                "中国科学院地理科学与资源研究所，生态系统网络观测与模拟重点实验室",
                "Key Laboratory of Ecosystem Network Observation and Modeling, Institute of Geographic Sciences and Natural Resources Research, Chinese Academy of Sciences",
                "中国科学院大学资源与环境学院",
                "College of Resources and Environment, University of Chinese Academy of Sciences"
            ],
            "贡献": "主要承担工作：观测设计、管理。",
            "简介": "（1974—），男，博士，副研究员，研究方向为生态系统碳水循环过程与全球变化。"
        },
        {
            "姓名": "温学发",
            "机构": [
                "中国科学院地理科学与资源研究所，生态系统网络观测与模拟重点实验室",
                "Key Laboratory of Ecosystem Network Observation and Modeling, Institute of Geographic Sciences and Natural Resources Research, Chinese Academy of Sciences",
                "中国科学院大学资源与环境学院",
                "College of Resources and Environment, University of Chinese Academy of Sciences"
            ],
            "贡献": "主要承担工作：数据管理。",
            "简介": "（1975—），男，博士，研究员，研究方向为生物地球化学、生态系统生态学、稳定同位素生态学。"
        },
        {
            "姓名": "覃小林",
            "机构": [
                "北京华益瑞科技有限公司",
                "Beijing Truwel Instruments, Inc."
            ],
            "贡献": "主要承担工作：仪器售后。",
            "简介": "（1979—），男，学士，总经理。"
        },
        {
            "姓名": "王辉民",
            "机构": [
                "中国科学院地理科学与资源研究所，生态系统网络观测与模拟重点实验室",
                "Key Laboratory of Ecosystem Network Observation and Modeling, Institute of Geographic Sciences and Natural Resources Research, Chinese Academy of Sciences",
                "中国科学院大学资源与环境学院",
                "College of Resources and Environment, University of Chinese Academy of Sciences"
            ],
            "贡献": "主要承担工作：台站管理。",
            "简介": "（1967—），男，博士，研究员，研究方向为森林生态学、恢复生态学、生态系统物质循环。"
        }
    ],
    "基金": "国家重点研发计划（2017YFC0503801、2016YFA0600104）；国家自然科学基金（31570446）。",
    "数据集名称": "2012–2019年千烟洲红壤丘陵综合开发试验站散射辐射数据集",
    "数据作者": "张雷明（zhanglm@igsnrr.ac.cn）",
    "时间范围": "2012 – 2019年",
    "空间范围": "26°44′48″N，115°04′13″E",
    "数据量": "7.37 MB",
    "数据格式": "*.xlsx",
    "数据组成": "数据集由两部分数据组成，其一为SPN1测量的原始总辐射和散射辐射数据，其二是经过控制和插补计算得到的总辐射和散射辐射数据。",
    "数据采集和处理方法": "1.1数据采集方法本数据集的散射辐射观测数据由千烟洲站的综合气象观测场获得（图1）。该气象观测场场地开阔平坦，下垫面植被分布均一，观测场周边没有建筑物或高大植被遮挡，主要利用SPN1辐射仪（Delta-TDevicesLtd，英国）进行散射辐射的原位长期连续观测。SPN1辐射仪的安装高度距离地面1.5m。在散射辐射测定期间，定期进行人工检查并清洁SPN1辐射仪传感器表面，最大程度减少测量误差。SPN1辐射仪的测量原理是利用测定探头上安装的多孔半球形遮光罩，使非开孔和开孔的表面积相等，并且在每个开孔下均放置辐射传感器。由于散射辐射具有无方向性传播的特性，传感器观测时测定到的最小和最大辐射分别为散射辐射和总辐射，SPN1辐射仪可同时将这两个辐射要素输出[8]。图1千烟洲站综合气象观测场(a)地理位置(红点)(b)观测场内SPN1辐射仪和带遮光环的CMP11辐射仪在SPN1辐射仪出现故障、返厂标定时，利用带遮光环的CMP11辐射仪[9]进行辅助观测。CMP11辐射仪测定仪由CM121B遮光环（Kipp&Zonen，荷兰）和CMP11辐射计（Kipp&Zonen，荷兰）两部分组成。遮光环为直径650mm，宽度55mm的黑色圆环。当测量散射辐射时，由于太阳高度角在四季变化，需要进行人工辅助设定CMP11辐射仪上方CM121B遮光环的位置，以保证遮光环的阴影可以全部覆盖辐射测定探头，从而测定散射辐射[9]。由于遮光环在遮挡直接辐射的同时也遮挡了一少部分散射辐射，所以测量得到的散射辐射数据需要根据遮光环给出的校正表进行校正。表1给出了各辐射仪器的主要技术指标。下载表1CMP11和SPN1辐射观测仪的主要技术指标技术指标辐射仪器CMP11SPN1光谱范围（nm）285～2800400～2700灵敏度（μV·W-1·m-2）7~141*响应时间（s）<50.1零漂移（W·m-2）<7<3方向误差（W·m-2）<10±20运行温度（℃）−40～80−40～70温度对灵敏度的影响（%）<1±1非线性度（%）<0.2<1总体ISO分类二级标准（高质量）一级标准（良好质量）注：*表示SPN1的灵敏度为模拟输出信号灵敏度，单位为mV。1.2散射辐射计算模型使用散射辐射计算模型对缺失的散射辐射数据进行计算插补。在众多散射辐射计算模型中，Reindl模型计算方便，应用最为广泛。Reindl等[10]通过北美和欧洲的5个辐射站获得的22000条小时尺度散射辐射数据和气象数据，把对散射辐射有显著影响的4个预测变量从28个潜在预测变量中分离出来，其具体公式如下：kt=IG/IE（1）kd=1.02–0.254kt+0.0123sinβkt≤0.3kd=1.4–1.749kt+0.177sinβ0.3<kt<0.7（2）kd=0.486kt–0.182sinβkt≥0.78ID=kd×IG（3）式中：kt为晴空指数（无量纲）；IG为总辐射（Wm–2）；IE为地球外大气上界辐射（Wm–2）；kd为散射分数（无量纲）；β为太阳高度角（°）；ID为散射辐射（Wm–2）。这种散射辐射计算方法在之前的研究中已在千烟洲地区进行过检验，结果显示在晴天、多云、阴天天气条件下，模型计算结果和仪器实测结果有很好的一致性，详细信息参见文献[11]。",
    "数据描述": "本数据集包括2012–2019年逐半小时尺度的散射辐射原始观测数据、总辐射数据散射辐射模型计算数据，每一年单独为一个表单。2012年2月1日18时至2012年2月24日15时，由于仪器调试未进行观测，共1099条数据由通量塔上测得的总辐射带入Reindl模型进行计算获得。2017年1月9日14时至2017年3月14日18时，SPN1辐射仪返厂标定，这期间共3081条数据由CMP11测得的散射辐射数据提供。其他短时间内缺失的数据由前后两小时数据插补获得。数据样本如表2，第一列为时间，第二列为SPN1测得的原始总辐射，第三列为SPN1测得的原始散射辐射，第四列为经过质量控制和计算的总辐射，第五列为经过质量控制和计算的散射辐射。下载表2数据样本（单位：Wm–2）时间IG(raw)ID(raw)IG(control)ID(control)2012/1/10:002.221.410.000.002012/1/10:302.281.450.000.002012/1/11:002.211.430.000.002012/1/11:302.771.910.000.002012/1/12:003.472.610.000.00…………………………",
    "数据质量": "SPN1辐射仪的测量结果和精度较高的CPM11辐射仪相比，观测结果显示SPN1辐射仪测定的总辐射和散射辐射在总量上分别比CMP11辐射仪低3.0%和5.5%，这可能是因为不同辐射传感器所能检测到辐射光谱范围不同所导致的。例如：CMP11辐射仪的光谱范围是285–2800nm，SPN1辐射仪的光谱范围是400–2700nm（表1）。与CMP11辐射仪相比，SPN1辐射仪的光谱范围较小，所能接收的太阳辐射相应变少，因此在平行对比观测时SPN1辐射仪测定的总辐射和散射辐射可能比CMP11辐射仪略低。两种仪器观测的辐射动态变化基本一致，可以满足基本要求，详细信息参见文献[12]。各辐射仪器获得的观测数据都进行了必要的质量控制[13]。由于在日出和日落时太阳高度角数值较小，辐射仪在这种情况下观测会出现余弦误差，从而造成测量值偏大。一般地，太阳高度角在6°–10°以下的值可以作为误差数据剔除掉[14]，本数据集在质量控制时剔除了小于7°太阳高度角的测量值。降水也会严重影响SPN1散射辐射仪器的准确测量，本数据集把每次降水前1h和降水后2h数据进行剔除。理论上，IG不能超过IE，ID不能超过IG。对于由于测量误差造成ID大于IG的数据，将IG修订为与ID等值。此外，还按照《地面气象观测规范第22部分：观测记录质量控制》[15]中辐射观测记录质量控制进行了检验。观测记录不能超出气候学界限值，超出的记录标记为错误的记录并剔除，包括：（1）总辐射最大辐照度＜2000Wm–2；（2）直接辐射最大辐照度＜1376Wm–2；（3）总辐射日曝辐量＜可能的总辐射日曝辐量（见文献[15]中的附录C）。观测记录内部一致性检查，各要素气象观测记录应符合以下关系，不符合下列关系的记录中至少有一个视为错误记录并剔除，包括：（1）时（日）总辐射曝辐量≥时（日）净全辐射曝辐量；（2）时（日）总辐射曝辐量≥时（日）散射辐射曝辐量；（3）时（日）总辐射曝辐量≥时（日）反射辐射曝辐量；（4）日总辐射曝辐量≥日水平面直接辐射曝辐量；（5）日直接辐射曝辐量≥日水平面直接辐射曝辐量；（6）日总辐射曝辐量与（日散射辐射曝辐量+日水平面直接辐射曝辐量）差的绝对值≤20%日总辐射曝辐量；（7）日总辐射最大辐照度≥日净全辐射最大辐照度。",
    "数据价值": "本数据集为完整的长时间序列高频率散射辐射数据集，数据集中使用的散射辐射计算方法对于重构过去缺失的散射辐射数据具有实用性。千烟洲地区月均散射辐射在一年中大致呈现夏季高冬季低的单峰变化趋势（图2）；多年平均日变化呈现单峰变化趋势，且最大值随季节呈现夏季高冬季低的规律（图3）。作为全球变化背景下中亚热带人工针叶林生态系统碳循环、水循环和能量循环的背景资料，本数据集可以为开展辐射变化对生态系统生产力的影响以及天气条件对辐射环境影响等生态、气象、环境研究提供科学数据支撑。图22012–2019年SPN1辐射仪观测和Reindl模型模拟的月均散射辐射注：SPN1辐射仪观测缺失的数据由CMP11辐射仪提供。柱状图为8年平均值，误差线为标准差。图32012–2019年SPN1辐射仪观测的平均散射辐射日变化注：SPN1辐射仪观测缺失的数据由CMP11辐射仪提供。曲线为8年中各月的平均值。",
    "数据使用和建议": "本数据集可通过ScienceDataBank在线服务网址（http://www.dx.doi.org/10.11922/sciencedb.j00001.00062）获取数据服务。如需要与本数据集相关的其他数据也可直接咨询本文作者。",
    "引用格式": "韩佳音, 张彩霞, 张雷明, 等. 2012–2019年千烟洲红壤丘陵综合开发试验站散射辐射数据集[DB/OL]. Science Data Bank, 2021. (2021-02-02). DOI: 10.11922/sciencedb.j00001.00062."
}