{
    "类目名称": "其他数据论文",
    "名称": "江苏省主要文物旅游景点名录数据集",
    "资源信息链接地址": "http://www.doi.org/10.11922/sciencedb.j00001.00263",
    "摘要": "摘要：江苏历史悠久，人文荟萃，文物旅游景点众多，其文物保护与开发利用、文化旅游产业的发展具有重要意义。本文以江苏省全国重点文物保护单位名录（第一批至第八批）和省级文物保护单位名录（第一批至第八批）为数据源，根据江苏省旅游景区（2A级及以上）名录对文物保护单位进行筛选，确定了江苏省主要文物旅游景点名录。参考《中国文物地图集 江苏分册》《全国重点文物保护单位》《中国文物大辞典》等资料，收集整理文物旅游景点相关信息，设计包含基本属性、不可移动文物属性、景区属性、历史文化相关属性的数据表，构建了包含199条记录，15个字段的江苏省主要文物旅游景点名录数据集。研究成果对促进江苏省文物旅游景点信息共享，挖掘文物旅游景点背后的历史文化内涵，研究和传承中华文化，发展江苏省文化旅游产业有积极作用。",
    "关键词": "文物旅游景点；不可移动文物；文化旅游；历史GIS",
    "参考引用": [
        {
            "名称": "李红. 浅议发展旅游与文物保护[J]. 文物世界, 2008(4): 59–60. DOI:10.3969/j.issn.1009-1092.2008.04.020.",
            "资源信息链接地址": "http://xueshu.baidu.com/s?wd= 浅议发展旅游与文物保护"
        },
        {
            "名称": "国家文物局. 不可移动文物信息[DB/OL]. (2021-08-04)[2020-07-10]. http://www.ncha.gov.cn/col/col2266/index.html.",
            "资源信息链接地址": "http://xueshu.baidu.com/s?wd= 不可移动文物信息[DB/OL]. (2021-08-04)"
        },
        {
            "名称": "国家文物局. 中国文物信息咨询中心[DB/OL]. (2021-08018)[2020-09-13]. http://www.cchicc.org.cn/.",
            "资源信息链接地址": "http://xueshu.baidu.com/s?wd= 中国文物信息咨询中心[DB/OL]. (2021-08018)"
        },
        {
            "名称": "余中元. 我国文物旅游资源的时空特征及保护开发策略[J]. 经济地理, 2011, 31(2): 312–316. DOI:10.15957/j.cnki.jjdl.2011.02.023.",
            "资源信息链接地址": "http://xueshu.baidu.com/s?wd= 我国文物旅游资源的时空特征及保护开发策略"
        },
        {
            "名称": "张歆梅. 文物旅游资源开发理念和实践初探[J]. 地理学与国土研究, 2001, 17(2): 84–87. DOI:10.3969/j.issn.1672-0504.2001.02.018.",
            "资源信息链接地址": "http://xueshu.baidu.com/s?wd= 文物旅游资源开发理念和实践初探"
        },
        {
            "名称": "杨洪, 李蔚. 湖南文物旅游资源与文物旅游开发研究[J]. 湘潭师范学院学报(自然科学版), 2003, 25(3): 89–92.",
            "资源信息链接地址": "http://xueshu.baidu.com/s?wd= 湖南文物旅游资源与文物旅游开发研究"
        },
        {
            "名称": "张静, 冯茂娥. 山东文物旅游现状及其发展对策[J]. 山东社会科学, 2006(8): 140–142, 28. DOI:10.14112/j.cnki.37-1053/c.2006.08.068.",
            "资源信息链接地址": "http://xueshu.baidu.com/s?wd= 山东文物旅游现状及其发展对策"
        },
        {
            "名称": "王平. 简论山西文物旅游资源的开发[J]. 理论探索, 2003(5): 60–61. DOI:10.3969/j.issn.1004-4175.2003.05.024.",
            "资源信息链接地址": "http://xueshu.baidu.com/s?wd= 简论山西文物旅游资源的开发"
        },
        {
            "名称": "卢华语. 略谈重庆文物古迹旅游资源的开发利用[J]. 西南师范大学学报(人文社会科学版), 2002, 28(3): 102–104. DOI:10.13718/j.cnki.xdsk.2002.03.021.",
            "资源信息链接地址": "http://xueshu.baidu.com/s?wd= 略谈重庆文物古迹旅游资源的开发利用"
        },
        {
            "名称": "胡立军, 高波. 浅谈城市规划与旅游产业发展: 记西安市历次城市规划中对旅游资源的保护[J]. 西北建筑工程学院学报(自然科学版), 2001, 18(4): 121–124. DOI:10.3321/j.issn: 1673-2049.2001.04.030.",
            "资源信息链接地址": "http://xueshu.baidu.com/s?wd= 浅谈城市规划与旅游产业发展: 记西安市历次城市规划中对旅游资源的保护"
        },
        {
            "名称": "中华人民共和国国家发展和改革委员会. 关于印发《“十三五”时期文化旅游提升工程实施方案》的通知[EB/OL]. (2017-02-03) .[2020-8-22]. https://www.ndrc.gov.cn/xxgk/zcfb/tz/201703/t20170307_962923.html.",
            "资源信息链接地址": "http://xueshu.baidu.com/s?wd= 关于印发《“十三五”时期文化旅游提升工程实施方案》的通知[EB/OL]. (2017-02-03) ."
        },
        {
            "名称": "国家文物局. 中国文物地图集·江苏分册[M]. 北京: 文物出版社, 2009.",
            "资源信息链接地址": "http://xueshu.baidu.com/s?wd= 中国文物地图集·江苏分册"
        },
        {
            "名称": "《全国重点文物保护单位》编辑委员会. 全国重点文物保护单位(全三卷)[M]. 北京: 文物出版社, 2004.",
            "资源信息链接地址": "http://xueshu.baidu.com/s?wd= 全国重点文物保护单位(全三卷)"
        },
        {
            "名称": "中国文物学会专家委员会. 中国文物大辞典[M]. 中央编译出版社, 2008.",
            "资源信息链接地址": "http://xueshu.baidu.com/s?wd= 中国文物大辞典"
        },
        {
            "名称": "季根章. 江苏文化年鉴[J]. 江苏: 江苏凤凰科学技术出版社,2002.",
            "资源信息链接地址": "http://xueshu.baidu.com/s?wd= 江苏文化年鉴"
        },
        {
            "名称": "江苏省人民政府. 省政府关于公布第六批省级文物保护单位的通知[EB/OL]. (2006-06-05) [2020-8-20]. http://www.jiangsu.gov.cn/art/2006/6/5/art_46143_2543590.html.",
            "资源信息链接地址": "http://xueshu.baidu.com/s?wd= 省政府关于公布第六批省级文物保护单位的通知[EB/OL]. (2006-06-05) "
        },
        {
            "名称": "江苏省人民政府. 第七批省级文物保护单位名单[EB/OL]. (2011-12-19) [2020-8-20]. http://www.jiangsu.gov.cn/art/2011/12/19/art_46767_2680307.html.",
            "资源信息链接地址": "http://xueshu.baidu.com/s?wd= 第七批省级文物保护单位名单[EB/OL]. (2011-12-19) "
        },
        {
            "名称": "江苏省人民政府. 第八批江苏省文物保护单位名单[EB/OL]. (2019-03-29). [2020-08-20]. http://wlt.jiangsu.gov.cn/art/2019/3/29/art_694_8289473.html.",
            "资源信息链接地址": "http://xueshu.baidu.com/s?wd= 第八批江苏省文物保护单位名单[EB/OL]. (2019-03-29). "
        },
        {
            "名称": "江苏省文化和旅游厅. 江苏省旅游景区名录[EB/OL]. [2020-07-20]. http://wlt.jiangsu.gov.cn/col/col73719/index.html.",
            "资源信息链接地址": "http://xueshu.baidu.com/s?wd= 江苏省旅游景区名录[EB/OL]. "
        },
        {
            "名称": "知网. 文物保护专题数据库[DB/OL]. (2018)[2020-07-23]. https://wenbao.cnki.net.",
            "资源信息链接地址": "http://xueshu.baidu.com/s?wd= 文物保护专题数据库[DB/OL]. (2018)"
        },
        {
            "名称": "刘尚希, 陈曦. 不可移动文物: 从资源到资产[N]. 中国文物报, 2018-04-03(3).",
            "资源信息链接地址": "http://xueshu.baidu.com/s?wd= 不可移动文物: 从资源到资产"
        },
        {
            "名称": "赵阳阳. 《鄂尔多斯市不可移动文物数据库》建设启动[C]//鄂尔多斯文化遗产（2012）. 2013: 117.",
            "资源信息链接地址": "http://xueshu.baidu.com/s?wd= 《鄂尔多斯市不可移动文物数据库》建设启动"
        },
        {
            "名称": "赵甜甜. 论数字化时代全国重点文物保护单位的保护与利用[J]. 中国文物科学研究, 2020(3): 29–36. DOI:10.3969/j.issn.1674-9677.2020.03.006.",
            "资源信息链接地址": "http://xueshu.baidu.com/s?wd= 论数字化时代全国重点文物保护单位的保护与利用"
        },
        {
            "名称": "郑一萍. 文物系统中的信息标准化工作[J]. 中国文物科学研究, 2009: 45–47.",
            "资源信息链接地址": "http://xueshu.baidu.com/s?wd= 文物系统中的信息标准化工作"
        },
        {
            "名称": "薛欢雪.图书馆数字人文项目中可移动文物数据库的开发构建[J].公共图书馆,2019(01):36-40.",
            "资源信息链接地址": "http://xueshu.baidu.com/s?wd=图书馆数字人文项目中可移动文物数据库的开发构建"
        },
        {
            "名称": "孟彩萍, 吴成基. 论旅游地学资源之文化属性的挖掘[C]//中国地质学会旅游地学与地质公园研究分会第24届年会暨白水洋国家地质公园建设与旅游发展研讨会论文集. 宁德, 2009: 240–244.",
            "资源信息链接地址": "http://xueshu.baidu.com/s?wd= 论旅游地学资源之文化属性的挖掘"
        },
        {
            "名称": "全国人民代表大会常务委员会. 中华人民共和国文物保护法[Z]. 1991-06-05.",
            "资源信息链接地址": "http://xueshu.baidu.com/s?wd= 中华人民共和国文物保护法"
        },
        {
            "名称": "中华人民共和国国家质量监督检验检疫总局. 旅游区: GB/T 17775—2003[S]. 北京: 中国标准出版社, 2003.",
            "资源信息链接地址": "http://xueshu.baidu.com/s?wd= 旅游区: GB/T 17775—2003"
        }
    ],
    "作者": [
        {
            "姓名": "周思凡",
            "机构": [
                "南京师范大学",
                "School of Geography, Nanjing Normal University, Nanjing 210023, P.R. China"
            ],
            "贡献": "主要承担工作：数据筛选、处理、加工，数据集生成，论文的撰写。",
            "简介": "（2000—），女，江苏宿迁人，本科生，研究方向为地理信息科学。"
        },
        {
            "姓名": "周洁雨",
            "机构": [
                "南京师范大学",
                "School of Geography, Nanjing Normal University, Nanjing 210023, P.R. China",
                "南京师范大学虚拟地理环境教育部重点实验室",
                "Key Laboratory of Virtual Geographic Environment of Ministry of Education, （Nanjing Normal University), Nanjing 210023, P.R. China",
                "江苏省地理信息资源开发与利用协同创新中心",
                "Jiangsu Center for Collaborative Innovation in Geographical Information Resource Development and Application, Nanjing 210023, P.R. China"
            ],
            "贡献": "主要承担工作：研究思路设计与论文撰写指导。",
            "简介": "（1982—），女，江苏南京人，学士，助理研究员，研究方向为空间综合人文学与社会科学。"
        },
        {
            "姓名": "罗文清",
            "机构": [
                "南京师范大学",
                "School of Geography, Nanjing Normal University, Nanjing 210023, P.R. China"
            ],
            "贡献": "主要承担工作：数据资料收集、筛选、处理，论文撰写。",
            "简介": "（2000—），女，江苏淮安人，本科生，研究方向为地理信息科学。"
        },
        {
            "姓名": "段俊杰",
            "机构": [
                "南京师范大学",
                "School of Geography, Nanjing Normal University, Nanjing 210023, P.R. China"
            ],
            "贡献": "主要承担工作：数据筛选、处理，论文撰写。",
            "简介": "（2000—），女，山西朔州人，本科生，研究方向为地理信息科学。"
        },
        {
            "姓名": "胡迪",
            "机构": [
                "南京师范大学",
                "School of Geography, Nanjing Normal University, Nanjing 210023, P.R. China",
                "南京师范大学虚拟地理环境教育部重点实验室",
                "Key Laboratory of Virtual Geographic Environment of Ministry of Education, （Nanjing Normal University), Nanjing 210023, P.R. China",
                "江苏省地理信息资源开发与利用协同创新中心",
                "Jiangsu Center for Collaborative Innovation in Geographical Information Resource Development and Application, Nanjing 210023, P.R. China"
            ],
            "贡献": "主要承担工作：研究思路设计与论文撰写指导。",
            "简介": "（1984—），男，湖北黄冈人，博士，副教授，硕士生导师，研究方向为时空GIS、历史GIS。"
        }
    ],
    "基金": "国家自然科学基金项目（41771421），江苏省文物科研课题项目（2019SK04）。",
    "数据集名称": "江苏省主要文物旅游景点名录数据集",
    "数据作者": "周洁雨（09185@njnu.edu.cn）",
    "时间范围": "上限为旧石器时代，下限为至今",
    "空间范围": "今江苏省行政区划范围",
    "数据量": "199条，42 KB",
    "数据格式": "*.xlsx",
    "数据组成": "本数据集为一张包含199条记录，15个字段（文物旅游景点名称、所属行政区划、判断标准、保护级别、批次、时代、类型、所属景区名称、景区级别、景区地址、景区热度、景点是否免费、相关人物、相关事件、相关作品）的Excel数据表。",
    "数据采集和处理方法": "1.1数据来源本数据集以江苏省全国重点文物保护单位名录（第一批至第八批）[2]、江苏省省级文物保护单位名录（第一批至第八批）[15-18]作为基础数据，以江苏省旅游景区名录（2A级及以上）[19]、景区官网数据和百度地图定位数据作为确定文物旅游景点的辅助数据。第一批至第五批不可移动文物字段信息主要采集于《中国文物地图集江苏分册》和《全国重点文物保护单位》[12-13]，第六批至第八批不可移动文物字段信息主要采集于《中国文物大辞典》[14]。此外，本文还参考了论文等其他资料[20-21]作为补充数据。1.2数据筛选本数据集将被开发为旅游景点的文物保护单位作为文物旅游景点。具体的筛选确定标准可归纳为三类：（1）江苏省旅游景区名录中有景区完全以该文物保护单位为主体开发而成（一般该景区的名称包含该文物保护单位关键字）。（2）江苏省旅游景区名录中有景区包含该文物保护单位开发成的景点（景区官网一般有明确介绍）。（3）基于百度地图对文物保护单位定位，确定该文物保护单位位于景区范围内。本数据集确定文物旅游景点的技术路线如图1所示。图1数据筛选技术流程图根据上文描述的筛选流程，本数据集最终确定了江苏省主要文物旅游景点名录（含199个文物旅游景点），其中通过标准（1）确定景点45个，标准（2）确定景点90个，标准（3）确定景点64个。表1为筛选得到的江苏省主要文物旅游景点名录（文物旅游景点名称后括号内序号为确定标准，序号所代表含义与前文对应）。下载表1江苏省主要文物旅游景点名录文物类型文物级别文物旅游景点古建筑全国重点拙政园（2）、留园（2）、网师园（1）、南京城墙（3）、寄畅园（3）、何园（1）、个园（1）、南通博物苑（2）、栖霞寺舍利塔（2）、瑞光塔（2）、盂城驿（1）、徐霞客故居及晴山堂石刻（1）、退思园（2）、耦园（2）、龙王庙行宫（1）、水绘园（1）、泰伯庙和墓（3）、沧浪亭（2）、惠山镇祠堂（3）、南通天宁寺（3）、崇教兴福寺塔（2）、盘门（2）、狮子林（1）、寂鉴寺石殿（3）、昭关石塔（2）、户部山古建筑群（1）、瞻园（2）、东林书院（1）、张溥宅第（1）、全晋会馆（3）、淮安府衙（1）、师俭堂（3）、莲花桥和白塔（2）、吴氏宅第（1）、扬州大明寺（1）、甘熙宅第（3）、海春轩塔（2）、文通塔（3）、玉燕堂（3）、秦峰塔（2）、慈云寺塔（3）、广教禅寺（2）、隆昌寺（2）、朝天宫（1）江苏省重点灵谷寺无梁殿（2）、定林寺塔（2）、惠山寺金莲桥（2）、铁铃关（3）、丁古角明代住宅（3）、关帝庙巷明清住宅（3）、怡园（2）、寒山寺（1）、同里镇（1）、天宁寺（1）、胭脂河天生桥（2）、文游台（1）、镇淮楼（3）、牛首山弘觉寺塔及摩崖石刻（2）、狼山广教禅寺（2）、口岸雕花楼（1）、淳溪老街（2）、塔山古道（3）、务本堂（2）、惠荫园（2）、赵信隆酱园店（3）、潘世恩宅（2）、山西会馆（3）、丰县文庙大成殿（3）、菱塘清真寺（1）、徐州乾隆行宫（2）、会老堂（3）、畅园（2）、徐家祠堂（3）、仁本堂（3）、南通文庙（3）、南通文峰塔（2）、焦山定慧寺（2）、金山寺（2）、红梅阁（2）、文笔塔（2）、蔡少渔旧宅（2）、遂高堂（3）、周宫傅祠（2）、如皋定慧寺（1）、解放街戚氏宅（2）、李信昌过载行（2）、姜堰王氏宗祠（2）、郑板桥故居（2）古墓葬全国重点明孝陵（2）、南唐二陵（2）、明祖陵（1）、廖仲恺，何香凝墓，邓演达墓，谭延凯墓，国民革命军阵亡将士公墓（2）、鸿山墓群（2）、徐州墓群、隋炀帝墓江苏省重点王锡阐墓（3）、郑和墓（2）、见月和尚墓（2）古遗址全国重点淹城遗址（2）、张謇墓（2）、钟山建筑遗址（2）、龙江船厂遗址（1）、徐州汉代采石厂遗址（2）、明功臣墓（3）、阖闾城遗址（1）、大报恩寺遗址（1）、大窑路窑群遗址（3）江苏省重点小徐庄遗址（3）、总督漕运公署遗址（3）、桃花涧遗址（2）、孔望山古城遗址（2）、如皋城东水关遗址（3）、莲花洞遗址（3）、掘港国清寺遗址（3）近现代重要史迹及代表性建筑全国重点中山陵（2）、太平天国天王府遗址（2）、周恩来故居（3）、雨花台烈士陵园（2）、镇江英国领事馆旧址（2）、国立紫金山天文台旧址（2）、中国共产党代表团办事处旧址(梅园新村)（3）、薛福成故居建筑群（1）、春在楼（3）、荣氏梅园（2）、张太雷旧居（1）、柳亚子旧居（2）、朱自清旧居（1）、侵华日军南京大屠杀死难同胞丛葬地（1）、新四军重建军部旧址（1）、苏皖边区政府旧址（1）、人民**诞生地（1）、孙中山临时大总统府及南京国民政府建筑遗存（2）、新四军江南指挥部旧址（2）、黄桥战斗旧址（1）、侵华日军南京利济巷慰安所旧址（1）、黄花塘新四军军部旧址（3）江苏省重点赵伯先墓（2）、孙中山临时大总统府原址（1）、淮海战役碾庄战斗革命烈士纪念碑（1）、焦山炮台遗址（3）、“五卅”演讲厅（3）、新四军一支队司令部旧址（3）、抗日山烈士陵园（3）、新四军军部旧址（3）、八十二烈士墓（1）、周恩来童年读书处旧址（1）、原国立中央博物院旧址（1）、苏中七战七捷纪念碑（3）、李可染故居（3）、周恩来少年读书处（1）、冷遹旧居（1）、横云山庄及七十二峰山馆（3）、沈寿墓（2）、蠡园及渔庄（2）、航空烈士公墓（3）、范鸿仙墓（2）、云台山抗日石刻群（2）、苏北抗大九分校旧址（3）、新四军联抗**烈士墓（3）、宋子文住宅旧址（3）、孙科公馆旧址（3）、祝大椿故居（3）、锡金公园旧址（3）、致德堂（3）、赵绘沈绣之楼及林溪精舍（3）、濠阳小筑（3）、镇江商会旧址（3）、南京邮电局旧址（3）、宝界桥（3）、太湖工人疗养院（3）、叶楚伧故居（2）、崇本堂（2）、嘉荫堂（2）、苏南抗战胜利纪念碑（3）、中山陵纪念建筑群（2）、魏源故居（3）、开原寺及汉藏佛学院旧址（2）、冯桂芬故居（2）、叶圣陶墓及执教处旧址（2）、城南别业（3）、宿北大战烈士陵园（1）古窟寺及石刻全国重点保圣寺罗汉塑像（2）、孔望山摩崖造像（2）、焦山碑林（2）、国山碑（2）、千佛崖石窟及明征君碑（2）、天下第二泉庭院及石刻（2）、第一山题刻（2）、阳山碑材（1）江苏省重点大风歌碑（2）、抚台平倭碑（2）、定林寺摩崖题刻（2）、贡院碑刻（2）、狼山天祚崖题刻（2）、柱史坊（3）、华阳洞摩崖石刻（3）、张公洞石刻（2）、虎丘剑池及摩崖石刻（2）、花果山前顶石刻群（2）其他全国重点无江苏省重点古天文仪器（2）1.3数据获取与处理本数据集主要面向历史、旅游管理、文物保护等专业相关学者，以及文物旅游景点管理人员和文化旅游爱好者。通过对服务对象的数据集使用需求分析，并基于文物旅游景点文物和景点的双重性质，参考现有不可移动文物数据库[22-23]以及有关文物数据库开发的文献[24-26]，本数据集从4个方面设置了15个字段，包括文物旅游景点名称、所属行政区划、判断标准等基本属性字段，保护级别、批次、时代、类型等不可移动文物属性字段，所属景区名称、景点级别、景区地址、景区热度、景点是否免费等景区属性字段，及相关人物、相关事件、相关作品等历史文化相关属性字段。各字段数据的获取与处理流程如图2所示。图2数据获取与处理技术流程图除景区属性中的景区地址、景区热度、景点是否免费字段以及历史文化相关属性字段，本数据集的字段数据大部分从对应的文物保护单位名录和景区名录中获取。因为不同批次的文物保护单位名录包含的数据有差异，所以需要补齐缺漏的字段数据，核验已有的字段数据，并统一部分字段的格式。第一批至第五批不可移动文物缺漏的字段信息主要补充于《中国文物地图集江苏分册》和《全国重点文物保护单位》[12-13]，第六批至第八批不可移动文物缺漏的字段信息主要补充于《中国文物大辞典》[14]。此外，将近现代文物保护单位的时代统一为年份（xxxx年），其他文物保护单位的时代统一为朝代（x代），将基本属性中的所属行政区划统一到“xx省xx市”的格式（其中市为地级市），将不可移动文物所属类型统一到《中华人民共和国文物保护法》[27]中的国家不可移动文物分类最新标准。景区地址信息来源于百度地图，百度自有的数据采集团队具备甲级测绘资质，地址信息数据较为权威。由于景区内各景点门票价格不同，故景点是否免费字段以景点为单位记录，其具体信息来源于对应景区官网或携程旅游官网，其中景点免费记录为0，收费记录为1。因考虑到景区热度的指标需要具有全时段代表性及数据可获取性，本数据集并未选择景区人流量（难以获取长时间有代表性的数据）和游客评分（部分评分样本过少导致评分虚高/低），而选择中国最大旅游网站——携程旅行官网中该景区评论数量（截至2020年12月15日）作为景区热度的指标。部分景区因所含景点较多或景点在空间上分散分布，携程官网以景点为单位统计评论数量，此类景区的评论数为该景区官网介绍中包含的所有景点评论数总和。此外，携程官网不能找到10个景点的词条，这些景区的评论数以‘/’标记，代表其热门程度较低。文物旅游景点的历史文化相关字段主要依据《中国文物地图集江苏分册》、《全国重点文物保护单位》、《中国文物大辞典》[12-14]及其他论文资料[20-21]中的文物相关介绍进行选择和提取。相关人物选择与此文物旅游景点有直接或间接关系的历史人物，如陵墓选择墓主、革命旧址选择著名领袖和将士、寺庙选择著名僧侣等。相关事件选择与此文物旅游景点有直接或间接关系的重大历史事件，如革命、政变、起义、战争、谈判及其他有历史意义的事件。相关作品选择描写此景点、在此景点创作或地理位置在此景点的诗词、文章、书法、绘画、石刻、题词等，记录作品名称及其作者。",
    "数据描述": "2.1数据集样例江苏省主要文物旅游景点名录数据集数据包含199条记录，包含基本属性、不可移动文物属性、景区属性、历史文化相关属性4类属性。基本属性包含文物旅游景点名称、所属行政区划、判断标准3个字段，不可移动文物属性包含保护级别、批次、时代、类型4个字段，景区属性包含所属景区名称、景区级别、景区地址、景区热度、景点是否免费5个字段，历史文化相关属性包含相关人物、相关事件、相关作品3个字段，共计15个字段。表2–5为按照属性分开的3条样例数据（中山陵、拙政园、留园）。下载表2基本属性样例数据序号文物旅游景点名称所属行政区判断标准（见表底）1中山陵江苏省南京市22拙政园江苏省苏州市23留园江苏省苏州市2注：判断标准字段数字含义为：1：江苏省旅游景区名录中有景区完全以该文物保护单位为主体开发而成（一般该景区的名称包含该文物保护单位关键字）。2：江苏省旅游景区名录中有景区包含该文物保护单位开发成的景点（大部分在景区官网有明确介绍）。3：基于百度地图对文物保护单位定位，确定该文物保护单位位于景区范围内。下载表3不可移动文物属性样例数据保护级别批次时代类型全国重点文物保护单位第一批1929年近现代重要史迹及代表性建筑全国重点文物保护单位第一批明、清古建筑全国重点文物保护单位第一批清代古建筑下载表4景区属性样例数据所属景区名称景区级别景区地址景区热度（携程评价总数）景点是否免费（免费0/收费1）南京钟山风景名胜区—中山陵园风景区5A江苏省南京市玄武区紫金山348550苏州园林景区5A江苏省苏州市姑苏区东北街202号908711苏州园林景区5A江苏省苏州市姑苏区东北街203号908711下载表5历史文化相关属性样例数据相关人物相关事件相关作品孙中山中国民主革命、中华民国成立王献臣《拙政园图》（徽明绘）、《王氏拙政园记》（文徵明）、《商山子歌》徐泰时、刘恕、盛康《寒碧庄十二峰图》（王学浩）、《留园记》（俞樾作）2.2文物旅游景点数量统计分析经统计，筛选整理得到的有效文物旅游景点数量如下：全国重点文物保护单位文物旅游景点共计89条；江苏省省级文物旅游景点共计110条。在已获数据的基础上，从文物类型、景区级别和所属行政区划三个角度进行分类统计分析。根据《中华人民共和国文物保护法》[27]中国家不可移动文物分类标准进行文物旅游景点分类，本数据集各类文物旅游景点的数量统计结果如图3所示。可以看出，古建筑、近现代重要史迹及代表性建筑两类不可移动文物开发成的文物旅游景点数量较多，占较大比例；古遗迹、石窟寺及石刻、古墓葬则占有较少比例。图3不可移动文物类型标准文物旅游景点分类统计图根据《旅游景区质量等级的划分与评定》[28]景区级别分类标准进行文物旅游景点分类，本数据集各类文物旅游景点的数量统计结果如图4所示。可以看出，所属4A景区的江苏省文物旅游景点数量最多，占较大比例；所属5A次之，3A、2A景区较少。图4所属景区级别标准文物旅游景点分类统计图根据所属行政区划（以江苏省地级市为划分单位）进行文物旅游景点分类，本数据集各类文物旅游景点的数量统计结果如图5所示。可以看出，苏州市和南京市拥有的文物旅游景点数量较多，占比较大；南通市和无锡市次之，其余各市占比较小。图5所属行政区划标准文物旅游景点分类统计图2.3文物保护单位旅游开发程度统计分析通过文物保护单位旅游开发程度统计分析，可以揭示文物保护单位旅游开发利用现状并挖掘出现存问题，对文物保护单位今后的保护和开发、文化旅游产业的发展具有一定的指导性意义。根据《中华人民共和国文物保护法》[27]中国家不可移动文物分类标准进行文物旅游景点分类，本数据集各类文物旅游景点的旅游开发程度（用“开发成文物旅游景点的文物保护单位数量/该类文物保护单位总数量”即“类开发比例”表示）如表2所示。石窟寺及石刻的类开发比例最高，古建筑与近现代重要史迹和代表性建筑次之，而古墓葬和古遗址的类开发比例较低。下载表2江苏省文物保护单位旅游方向开发程度表文物类型文物旅游景点数量文物保护单位数量类开发比例石窟寺及石刻18580.31古建筑883500.25古遗址161300.12古墓葬9930.10近现代重要史迹及代表性建筑673140.21其他1130.08由此可以推测，由于文化旅游业更侧重于景点的观赏价值和历史文化价值，适于观赏的石窟寺和石刻更可能受到游客的青睐，古建筑和近现代重要史迹及代表性建筑因具有较深厚的历史底蕴，较能贴合游客对文化旅游的追求，这三类文物保护单位较适合开发为文物旅游景点。而古遗址和古墓葬相较于其他类别观赏性较低，与游客对文化旅游的需求有所偏差，现开发程度较低。然而，观赏价值和历史文化价值都较高的古建筑与近现代重要史迹及代表性建筑虽拥有庞大的总数，开发程度却较低。故在保护的基础上挖掘两类文物保护单位的文化历史内涵，探索针对两类文物保护单位的开发策略应是今后文化旅游产业需要关注的方向之一。2.4面向文化旅游的文物旅游景点统计分析根据本数据集景点是否免费字段进行江苏省文物旅游景点收费情况统计分析，免费与收费的文物旅游景点数量和比例如图6所示。据统计结果，江苏省收费的文物旅游景点占比59%，但仍有较多文物旅游景点免费向游客开放。图6江苏省文物旅游景点收费情况统计图根据本数据集景区热度字段进行江苏省文物旅游景点热度统计分析，将景区按评论数10000、1000、100为界划分为4类，分别为极热门景区（>=10000）、热门景区（>=1000）、一般景区（>=100）和冷门景区（<100），所属4类景区的江苏省文物旅游景点统计结果如图7所示。据统计结果，半数以上文物旅游景点从属于热门和极热门景区，但从属于冷门景区的文物旅游景点仍占有一定比例。图7江苏省文物旅游景点所属景区热门情况统计图",
    "数据质量": "江苏省作为文物大省，文物旅游景点数量众多，因此本数据集的研究对象数据庞大，数据基础较好。以中华人民共和国文化和旅游部发布的江苏省全国重点文物保护单位名录、江苏省文化和旅游厅发布的省级文物保护单位名录和旅游景区名录（2A及以上）为数据来源，较为可靠。《中国文物地图集江苏分册》《全国重点文物保护单位》和《中国文物大辞典》3本公开发行的文物书籍资料中关于文物时代、文物类型、历史文化等信息的记录较为详尽、质量控制严格。本项目以江苏省国家级和省级文物保护单位名录（第一批至第八批）为数据基础，江苏省旅游景区名录（2A级及以上）为筛选依据，由3个文物旅游景点确定标准筛选出199个文物旅游景点，过程严密，数据准确。在此基础上，参考国内已有的不可移动文物数据库字段，依据上文提及的3本文物相关权威书籍以及论文等其他资料中的文物相关介绍，设置并整理了具有现实意义和研究价值的4类属性字段，字段数据来源可靠，内容全面。数据的获取、处理和核验工作有序开展，字段具有严格的提取标准，并且采用统一的表达方式，确保了字段数据的格式和精度的一致性。",
    "数据使用和建议": "主流的编程语言均可调用相关函数库读写本数据集，进行数据处理和分析。本数据集为挖掘文物景点历史文化内涵、研究和传承中华文化、探索文化旅游产业的发展方向等提供了数据基础，同时可用于各类数字媒体文化旅游服务。文物旅游景点数据准确全面，可供用户根据不同的需求和目的进行参考、分析和研究。",
    "引用格式": "周思凡, 周洁雨, 罗文清, 等. 江苏省主要文物旅游景点名录数据集[DB/OL]. Science Data Bank, 2021. （2021-09-17). DOI: 10.11922/sciencedb.j00001.00263."
}