{
    "类目名称": "中国生态系统研究网络（CERN）专题",
    "名称": "2008–2017年天童不同演替阶段典型常绿阔叶林植物物种组成和生物量数据集",
    "资源信息链接地址": "http://dx.doi.org/10.57760/sciencedb.j00001.00695",
    "摘要": "摘要：森林演替规律是森林植被的基本属性之一，是深入认识森林群落、正确管理和合理利用森林的基础。典型常绿阔叶林(typical evergreen broad-leaved forest)是中国东部中亚热带地区的地带性植被。由于人为和自然干扰，现存植被多处于不同的次生演替阶段。群落物种组成是反映森林生态系统生物要素特征的重要指标，是开展常绿阔叶林结构、功能和动态研究的基础。按照国家生态系统监测网络监测规范，浙江天童森林生态系统国家野外观测研究站在2008–2017年对典型常绿阔叶林演替系列3个不同演替阶段固定样地，包括演替前期的常绿灌丛样地、演替中后期的木荷林样地和演替顶级的栲树林样地，进行了3次群落调查，记录所有木本植物个体的物种名、胸径/基径、高度等信息。本数据集包含了不同演替阶段森林群落植物物种组成数据，包括种名、多度、平均胸径/基径和生物量等。本数据集可为亚热带典型常绿阔叶林演替规律、群落构建机制、植被恢复等方面研究和应用提供数据支撑。",
    "关键词": "天童；典型常绿阔叶林；物种组成；多度；生物量；演替",
    "参考引用": [
        {
            "名称": "宋永昌. 中国常绿阔叶林 分类·生态·保育[M]. 北京: 科学出版社, 2013. [SONG Y C. Evergreen broad-leaved forests in China: Classification-Ecology-Conservation[M]. Beijing: Science Press, 2013.]",
            "资源信息链接地址": "http://xueshu.baidu.com/s?wd= 中国常绿阔叶林 分类·生态·保育[M]. 北京: 科学出版社, 2013. [SONG Y C. Evergreen broad-leaved forests in China: Classification-Ecology-Conservation"
        },
        {
            "名称": "ZHENG L T, CHEN H Y H, YAN E R. Tree species diversity promotes litterfall productivity through crown complementarity in subtropical forests[J]. Journal of Ecology, 2019, 107(4): 1852–1861. DOI:10.1111/1365-2745.13142.",
            "资源信息链接地址": "http://xueshu.baidu.com/s?wd= Tree species diversity promotes litterfall productivity through crown complementarity in subtropical forests"
        },
        {
            "名称": "FANG X F, SHEN G C, YANG Q S, et al. Habitat heterogeneity explains mosaics of evergreen and deciduous trees at local-scales in a subtropical evergreen broad-leaved forest[J]. Journal of Vegetation Science, 2017, 28(2): 379–388. DOI:10.1111/jvs.12496.",
            "资源信息链接地址": "http://xueshu.baidu.com/s?wd= Habitat heterogeneity explains mosaics of evergreen and deciduous trees at local-scales in a subtropical evergreen broad-leaved forest"
        },
        {
            "名称": "ALI A, YAN E R. The forest strata-dependent relationship between biodiversity and aboveground biomass within a subtropical forest[J]. Forest Ecology and Management, 2017, 401: 125–134. DOI:10.1016/j.foreco.2017.06.056.",
            "资源信息链接地址": "http://xueshu.baidu.com/s?wd= The forest strata-dependent relationship between biodiversity and aboveground biomass within a subtropical forest"
        },
        {
            "名称": "LIU H M, JOHNSON D J, YANG Q S, et al. The dynamics of conspecific tree and seedling neighbors on seedling survival in a subtropical forest[J]. Forest Ecology and Management, 2021, 483: 118924. DOI:10.1016/j.foreco.2021.118924.",
            "资源信息链接地址": "http://xueshu.baidu.com/s?wd= The dynamics of conspecific tree and seedling neighbors on seedling survival in a subtropical forest"
        },
        {
            "名称": "CUI E Q, HUANG K, ARAIN M A, et al. Vegetation functional properties determine uncertainty of simulated ecosystem productivity: a traceability analysis in the east Asian monsoon region[J]. Global Biogeochemical Cycles, 2019, 33(6): 668–689. DOI:10.1029/2018gb005909.",
            "资源信息链接地址": "http://xueshu.baidu.com/s?wd= Vegetation functional properties determine uncertainty of simulated ecosystem productivity: a traceability analysis in the east Asian monsoon region"
        },
        {
            "名称": "刘海江, 孙聪, 齐杨, 等. 国内外生态环境观测研究台站网络发展概况[J]. 中国环境监测, 2014, 30(5): 125–131. DOI:10.19316/j.issn.1002-6002.2014.05.028. [LIU H J, SUN C, QI Y, et al. A brief review of progress of the eco-environmental research network in China and aboard[J]. Environmental Monitoring in China, 2014, 30(5): 125–131. ",
            "资源信息链接地址": "10.19316/j.issn.1002-6002.2014.05.028. [LIU H J, SUN C, QI Y, et al. A brief review of progress of the eco-environmental research network in China and aboard"
        },
        {
            "名称": "中国生态系统研究网络科学委员会. 陆地生态系统生物观测规范[M]. 北京: 中国环境科学出版社, 2007. [China Ecosystem Research Network Science Committee. Protocols for standard biological observation and measurement in terrestrial ecosystems[M]. Beijing: China Environment Science Press, 2007.]",
            "资源信息链接地址": "http://xueshu.baidu.com/s?wd= 陆地生态系统生物观测规范[M]. 北京: 中国环境科学出版社, 2007. [China Ecosystem Research Network Science Committee. Protocols for standard biological observation and measurement in terrestrial ecosystems"
        },
        {
            "名称": "孙鸿烈, 于贵瑞, 欧阳竹, 等. 中国生态系统定位观测与研究数据集-森林生态系统卷, 浙江天童站（1983–2009）[M]. 北京: 中国农业出版社, 2010. [SUN H L, YU G R, OUYANG Z, et al. China Ecosystem Positioning Observation and Research Data Set - Forest Ecosystem Volume, Zhejiang Tiantong Station (1983–2009)[M]. Beijing: China Agriculture Press, 2010.]",
            "资源信息链接地址": "http://xueshu.baidu.com/s?wd= 中国生态系统定位观测与研究数据集-森林生态系统卷, 浙江天童站（1983–2009）[M]. 北京: 中国农业出版社, 2010. [SUN H L, YU G R, OUYANG Z, et al. China Ecosystem Positioning Observation and Research Data Set - Forest Ecosystem Volume, Zhejiang Tiantong Station (1983–2009)"
        },
        {
            "名称": "杨庆松, 刘何铭, 杨海波. 天童亚热带森林动态样地树种及其分布格局[M]. 北京: 中国林业出版社, 2019. [YANG Q S, LIU H M, YANG H B. Tiantong subtropical forest dynamics plot[M]. Beijing: China Forestry Publishing House, 2019.]",
            "资源信息链接地址": "http://xueshu.baidu.com/s?wd= 天童亚热带森林动态样地树种及其分布格局[M]. 北京: 中国林业出版社, 2019. [YANG Q S, LIU H M, YANG H B. Tiantong subtropical forest dynamics plot"
        },
        {
            "名称": "宋永昌, 王祥荣. 浙江天童国家森林公园的植被和区系[M]. 上海: 上海科学技术文献出版社, 1995. [SONG Y C, WANG X R. Vegetation and Flora of Tiantong National Forest Park in Zhejiang Province[M]. Shanghai: Shanghai Scientific and Technological Literature Publishing House, 1995.]",
            "资源信息链接地址": "http://xueshu.baidu.com/s?wd= 浙江天童国家森林公园的植被和区系[M]. 上海: 上海科学技术文献出版社, 1995. [SONG Y C, WANG X R. Vegetation and Flora of Tiantong National Forest Park in Zhejiang Province"
        },
        {
            "名称": "阎恩荣, 王希华, 郭明, 等. 浙江天童常绿阔叶林、常绿针叶林与落叶阔叶林的C: N: P化学计量特征[J]. 植物生态学报, 2010, 34(1): 48–57. DOI:10.3773/j.issn.1005-264x.2010.01.008. [YAN E R, WANG X H, GUO M, et al. C: N: P stoichiometry across evergreen broad-leaved forests, evergreen coniferous forests and deciduous broad-leaved forests in the Tiantong region, Zhejiang Province, Eastern China[J]. Chinese Journal of Plant Ecology, 2010, 34(1): 48–57. ",
            "资源信息链接地址": "10.3773/j.issn.1005-264x.2010.01.008. [YAN E R, WANG X H, GUO M, et al. C: N: P stoichiometry across evergreen broad-leaved forests, evergreen coniferous forests and deciduous broad-leaved forests in the Tiantong region, Zhejiang Province, Eastern China"
        },
        {
            "名称": "周国逸, 尹光彩, 唐旭利, 等. 中国森林生态系统碳储量-生物量方程[M]. 北京: 科学出版社, 2018. [ZHOU G Y, YIN G C, TANG X L, et al. Carbon storage-biomass equation of forest ecosystem in China[M]. Beijing: Science Press, 2018.]",
            "资源信息链接地址": "http://xueshu.baidu.com/s?wd= 中国森林生态系统碳储量-生物量方程[M]. 北京: 科学出版社, 2018. [ZHOU G Y, YIN G C, TANG X L, et al. Carbon storage-biomass equation of forest ecosystem in China"
        },
        {
            "名称": "WU Z Y, RAVEN P H, HONG D Y. Flora of China[M]. Beijing: Science Press, St. Louis: Missouri Botanical Garden Press, 2013.",
            "资源信息链接地址": "http://xueshu.baidu.com/s?wd= Flora of China"
        }
    ],
    "作者": [
        {
            "姓名": "杨庆松",
            "机构": [
                "华东师范大学生态与环境科学学院  浙江天童森林生态系统国家野外科学观测研究站 上海  200241 中国",
                "Zhejiang Tiantong Forest Ecosystem National Observation and Research Station  , School of Ecological and Environmental Sciences, East China Normal University, Shanghai  200241, P. R. China"
            ],
            "贡献": "论文撰写、数据采集和分析。 ",
            "简介": "（1986—），男，安徽人，博士，工程师，研究方向为森林生态学。 "
        },
        {
            "姓名": "杨海波",
            "机构": [
                "华东师范大学生态与环境科学学院  浙江天童森林生态系统国家野外科学观测研究站 上海  200241 中国",
                "Zhejiang Tiantong Forest Ecosystem National Observation and Research Station  , School of Ecological and Environmental Sciences, East China Normal University, Shanghai  200241, P. R. China"
            ],
            "贡献": "数据采集、质控和论文撰写。 ",
            "简介": "（1981—），男，江苏人，博士，工程师，研究方向为森林生态学。 "
        },
        {
            "姓名": "郑泽梅",
            "机构": [
                "华东师范大学生态与环境科学学院  浙江天童森林生态系统国家野外科学观测研究站 上海  200241 中国",
                "Zhejiang Tiantong Forest Ecosystem National Observation and Research Station  , School of Ecological and Environmental Sciences, East China Normal University, Shanghai  200241, P. R. China"
            ],
            "贡献": "数据采集和质控。 ",
            "简介": "（1982—），女，湖北人，博士，副研究员，研究方向为全球变化生态学。 "
        },
        {
            "姓名": "刘何铭",
            "机构": [
                "华东师范大学生态与环境科学学院  浙江天童森林生态系统国家野外科学观测研究站 上海  200241 中国",
                "Zhejiang Tiantong Forest Ecosystem National Observation and Research Station  , School of Ecological and Environmental Sciences, East China Normal University, Shanghai  200241, P. R. China"
            ],
            "贡献": "数据采集和分析。 ",
            "简介": "（1986—），男，辽宁人，博士，博士后，研究方向为森林生态学。 "
        },
        {
            "姓名": "姚芳芳",
            "机构": [
                "华东师范大学生态与环境科学学院  浙江天童森林生态系统国家野外科学观测研究站 上海  200241 中国",
                "Zhejiang Tiantong Forest Ecosystem National Observation and Research Station  , School of Ecological and Environmental Sciences, East China Normal University, Shanghai  200241, P. R. China"
            ],
            "贡献": "数据分析和质控。 ",
            "简介": "（1981—），女，浙江人，博士，工程师，研究方向为污染生态学。 "
        },
        {
            "姓名": "江山",
            "机构": [
                "华东师范大学生态与环境科学学院  浙江天童森林生态系统国家野外科学观测研究站 上海  200241 中国",
                "Zhejiang Tiantong Forest Ecosystem National Observation and Research Station  , School of Ecological and Environmental Sciences, East China Normal University, Shanghai  200241, P. R. China"
            ],
            "贡献": "数据采集。 ",
            "简介": "（1991—），男，湖北人，硕士，助理研究员，研究方向为森林生态学。 "
        },
        {
            "姓名": "王希华",
            "机构": [
                "华东师范大学生态与环境科学学院  浙江天童森林生态系统国家野外科学观测研究站 上海  200241 中国",
                "Zhejiang Tiantong Forest Ecosystem National Observation and Research Station  , School of Ecological and Environmental Sciences, East China Normal University, Shanghai  200241, P. R. China"
            ],
            "贡献": "项目组织与管理。 ",
            "简介": "（1964—），男，山东人，博士，教授，研究方向为植被生态学。 "
        }
    ],
    "基金": "科技部浙江天童森林生态系统国家野外科学观测研究站运行服务项目",
    "数据集名称": "2008–2017年天童不同演替阶段典型常绿阔叶林群落物种组成和生物量数据集",
    "数据作者": "杨海波（hbyang@des.ecnu.edu.cn）",
    "时间范围": "2008–2017年",
    "空间范围": "中国浙江省宁波市天童国家森林公园（29o48′6″ N-29o48′55″N, 121o46′45″ E-121o47′5″ E）",
    "数据量": "40 KB",
    "数据格式": "*.xlsx",
    "数据组成": "数据集由1个数据文件组成，数据量共438条，包括三个森林演替不同阶段群落样地物种名、多度、平均胸径和生物量等信息，调查年份均为3次（2008、2012和2017年）。",
    "数据采集和处理方法": "1.1样地描述数据采集样地位于浙江省宁波市鄞州区东南部的天童国家森林公园内，距宁波市区28km，地处北纬29°48′，东经121°47′。该地区在地质构造上属于华夏陆台范围，位于闽浙地盾北部，为四明山、天台山的余脉，处于浙东丘陵与滨海平原的交错地带[11]。该区域气候为温暖湿润的亚热带季风气候，年平均温度为16.2℃，最热月（7月）平均温度为28.1℃，最冷月（1月）平均温度为4.2℃，无霜期237.8天。年平均降水量为1374.7mm，多集中在夏季（6~8月）[10]。土壤主要为山地黄红壤，成土母质主要是中生代的沉积岩和部分酸性火成岩以及石英砂岩和花岗岩残积风化物。总体而言，该区域雨水充沛、热量充足、水热同季，有利于植物生长和植被发育，又因千年古刹天童寺坐落其间，该地保存有完好的地带性常绿阔叶林[10-11]，但周边植被曾受到不同强度的干扰,在较小范围也存在不同演替阶段的次生常绿阔叶林类型[12]按照常绿阔叶林次生演替系列，1992年设立从常绿阔叶林演替前期（常绿灌丛）、演替中后期（木荷林）到演替顶级阶段（栲树林）3个观测样地；常绿灌丛位于天童森林公园防火道西南侧，曾长期作为当地村民的薪柴林而受到干扰，九十年代开始保护并自然恢复；木荷林在二十世纪五六十年代曾受到人为干扰，后保护并自然恢复；栲树林样地位于天童国家森林公园天童寺旁边，是保护得比较完整的森林核心地带，长期未受干扰。2007年，在原有样地基础上，在相邻一致林分中分别扩建为单个阶段样地面积为2500m2（50m×50m）的观测场，增加样地数据的代表性。跟踪监测时间分别为2008年、2012年和2017年。表1列举了2017年各样地环境和林分的基本信息，包括演替阶段、位置、海拔、坡度、坡向、样地面积、林龄、生长季叶面积指数、林分密度、胸高断面积和、平均高度和生物量。其中，林分密度、胸高断面积和、平均高度仅统计胸径(DBH)大于等于5cm的乔木个体。下载表1天童不同演替阶段典型常绿阔叶林样地基本信息序号样地名称常绿灌丛样地木荷林样地栲树林样地1演替阶段前期中后期顶级2位置29°48′1″N，121°47′23″E29°48′0″N，121°47′32″E29°48′7″N，121°47′29″E3海拔（m）2301451854坡度（°）3020265坡向SWSESE6面积（m2）2500250025007林龄（a）2580>1508生长季叶面积指数(m2/m2)16.716.415.79林分密度（株/hm2）2940112882810平均高度（m）7.316.910.011胸高断面积和（m2）7.39.77.512生物量（kg/hm2）158316.2246049.8158395.21.2不同演替阶段样地群落结构特征常绿灌丛样地群落设立初（1992年）乔木层主要由幼龄阶段的木荷(Schimasuperba)、马尾松(Pinusmassoniana)和柯(Lithocarpusglaber)组成，群落高度为5~7m，层盖度约60%；灌木层主要由檵木(Loropetalumchinense)、苦槠栲(Castanopsissclerophylla)、柯和山矾(Symplocossumuntia)等常绿阔叶树种组成，高度为2~4m，萌生比例高。经过20多年生长，现群落乔木层以木荷、柯为主要优势种，群落高度7~12m，层盖度约80%；灌木层主要由山矾、赤楠(Syzygiumbuxifolium)、檵木等树种组成，高度2~5m。草本层优势种为芒萁(Dicranopterispedata)、里白(Diplopterygiumglaucum)等。木荷林群落高15~20m，群落结构可分为乔木层、灌木层、草本层和层间植物。乔木层以木荷占绝对优势，另有柯和苦槠，层高度为12~20m,盖度为80%。灌木层主要以马银花(Rhododendronovatum)、毛花连蕊茶(Camelliafraterna)和窄基红褐柃(Euryarubiginosavar.attenuata)为主,伴有老鼠矢(S.stellaris)、山矾等常绿灌木，层高度为1.5~5m，第三层为草本植物层，优势物种为里白、狗脊(Woodwardiajaponica)等。栲树林样地群落高20~25m，群落结构可分为乔木层、灌木层、草本层和层间植物。乔木层包括两个明显区分的亚层，层次高度15~25m，其中乔木一层以栲树(C.fargesii)、木荷为优势种，栲树优势度大于木荷，乔木二层以浙江新木姜子(Neolitseaauratavar.chekiangensis)、虎皮楠(Daphniphyllumoldhami)为优势种，层次高度7~15m。灌木层层高度为1.5~5m，主要由毛花连蕊茶、窄基红褐柃和一些栲树幼树组成。第三层为草本植物层，多为耐荫蕨类植物。1.3数据采集方法本数据来自3个演替长期监测样地的群落每木调查，采集数据采取人工测量的方式。参照陆地生态系统观测规范[8]，样地采用全站仪将2500m2划分为25个10m×10m的样方作为乔木层调查样方，对所有胸径5.0cm及以上的木本植物个体，采用胸径尺进行每木调查，挂牌、刷漆并定位，记录物种名、胸径、高度、坐标及生长状况等信息；在样地四角和中间各选择1个共5个10m×10m样方作为灌木层调查样方，对所有高度大于1m、胸径小于5cm的木本植物进行每木调查，记录物种名、基径、高度、坐标及生长状况等信息[8]。每个样地分群落层次获得每个物种的生物量，进而获得不同层次群落的生物量。群落层次分为乔木层、灌木层。其生物量根据样地每木调查获得的胸径/基径数据，采用生物量方程计算个体生物量[12]，将每个样地内个体生物量累加求和，再计算单位面积（每公顷）的生物量，形成样地尺度的数据产品。在质控数据的基础上，以年和样地为基础单元，统计不同群落层次上的结果。1.4数据加工、处理方法与过程本数据集以年和样地为基础单元，以不同群落层次为二级单元，在不同群落层次上按物种分类统计平均胸径/基径、密度和生物量。群落层次分为乔木层和灌木层。乔木层、灌木层生物量根据样地每木调查获得的胸径数据，分别采用对应物种和胸径范围的生物量方程计算个体各器官（干、枝、叶和根）生物量，进而获得地上生物量（干、枝、叶）和地下生物量（根），将样地内单个物种的个体生物量累加求和，形成样地尺度的数据产品，计量单位为千克/公顷（kg/hm2）。生物量方程的使用参考《中国森林生态系统碳储量——生物量方程》[13]。生物量方程一般公式为W=aDBHb，其中，DBH为树木胸径；计算时区分为干、枝、叶、根分别计算后累加获得个体生物量。对于乔木层树种首先采用本地区相应树种的生物量方程，无对应方程优先选择同属树种替代，其他树种采用亚热带常绿阔叶林相应径级（分为5~10cm、10~20cm和＞20cm）的一般方程计算；灌木层树种均采用该地区该类森林的一般方程计算，详见表2。下载表2本数据集使用的生物量方程序号种名胸径范围/cm生物量方程1米槠＞5W=0.0686DBH2.2830+0.0788DBH1.9990+0.0182DBH2.1764+0.0436DBH2.16592栲树3苦槠栲4木荷＞5W=0.2567DBH1.9900+0.1043DBH1.7400+0.0393DBH1.6500+0.0811DBH1.93005柯＞5W=0.1870DBH2.0310+0.0735DBH1.9800+0.0230DBH1.9700+0.0750DBH2.01006港柯7马尾松＞5W=0.0293DBH1.9700+0.0048DBH2.6300+0.0670DBH1.4600+0.0532DBH1.98008小叶青冈＞5W=0.2861DBH1.9800+0.2059DBH1.5600+0.0340DBH1.6900+0.1330DBH1.86009细叶青冈10枫香＞5W=0.0555DBH2.4146+0.0400DBH2.2539+0.2277DBH1.1843+0.0371DBH2.198911杉木＞5W=0.2266DBH2.0335+0.0035DBH2.8231+0.0449DBH1.9430+0.1358DBH1.801712拟赤杨＞5W=1.2825DBH1.3725+0.3015DBH1.4613+0.8596DBH0.8125+0.3907DBH1.265613其他物种＞20W=0.7007DBH1.7172+0.0437DBH2.3004+0.0596DBH1.6574+0.0795DBH2.057314其他物种10~20W=0.1138DBH2.2976+0.0131DBH2.6084+0.0117DBH2.2131+0.0061DBH2.915715其他物种5~10W=0.0513DBH2.6294+0.0449DBH2.0737+0.0151DBH2.1107+0.0098DBH2.705416所有物种≤5W=0.0500DBH2.5669+0.0453DBH2.0341+0.0138DBH2.1576+0.0529DBH1.5822",
    "数据描述": "本数据集的数据存储格式为Excel表。文件表含1个数据表单，数据量共438条，包括三个森林演替不同阶段群落样地物种名、多度、平均胸径和生物量信息。表3列出了天童典型常绿阔叶林群落物种组成与生物量数据集所包含的具体字段内容类型、量纲和实体数据示例。下载表3天童不同演替阶段典型常绿阔叶样地物种组成和生物量数据集表单内容序号字段内容数据类型量纲示例1年字符型无20172样地字符型无栲树林3群落层次字符型无乔木层4物种名字符型无栲树5拉丁名字符型无Castanopsisfargesii6平均胸径/基径数字型cm31.57生物量数字型kg/hm298138.88密度数字型individuals/hm2232注：乔木层和亚乔木层物种为平均胸径（DBH），灌木层物种为平均基径（DB）。",
    "数据质量": "本数据集由于是多个样地的野外实测调查，时间上多次重复测量和多组人员同时进行，因此数据质量控制尤为重要。本数据集着重进行调查规范培训、设置核错环节、数据质量评估和生物量专项质控等方面控制数据质量，确保数据相对准确、完整和可用。（1）通过调查规范培训进行质量控制。在开展调查/复查前，进行系统的调查规范培训，内容包括调查流程、物种鉴定、测量方法等，并设置预调查熟悉调查流程，减少人为误差。（2）调查过程中设置核错环节。用塑料绳将样地划分为5m×5m的小样格，逐格调查，避免遗漏。“标牌+空间坐标+种名+胸径”进行数据比对多重保险，标牌脱落的，通过坐标、种名和胸径重新确定挂牌。复查时携带之前一次的调查表格数据，避免调查缺失，同时以上一次数据做参照，出现错误及时比对纠正，异常值严格执行标记备注要求。（3）进行原始数据质量评估。野外调查原始数据及时补充相关信息，确保调查信息、数据记录完善。树种名称根据《中国植物志》英文修订版（www.iplant.cn/foc）[14]进行统一。采用双输入法和程序检查方法，对输入的电子数据进行校对。电子和纸质数据并请专家审核检查，纸质原始数据整理保存备份。（4）对生物量数据进行质量控制。分物种，尤其是针对优势物种选择合适生物量方程。在不同年份采用相同的生物量方程，确保不同年份间生物量可比。采用阈值检查，根据该地区、该类森林群落已有研究的结果进行数据比对，对监测数据超出历史数据阈值范围进行校验。",
    "数据价值": "典型常绿阔叶林是我国中亚热带地区的地带性植被，该类型森林面积广阔，物种多样性高，但对该森林群落开展不同演替阶段长期动态监测工作仍不足，相关数据缺乏。森林群落不同演替阶段的物种组成数据是快速、全面了解某一区域森林结构和动态变化的重要参考，本研究公开发表2008–2017年天童地区典型常绿阔叶林物种组成和生物量数据集，包括了植物种类、多度、胸径/基径和生物量等字段，为探究该区域森林演替规律、群落构建机制、植被恢复、生物多样性保护等方面研究和应用提供数据支撑。",
    "引用格式": "杨庆松, 杨海波, 郑泽梅, 等. 2008–2017年天童不同演替阶段典型常绿阔叶林群落物种组成和生物量数据集[DS/OL]. Science Data Bank, 2022. (2022-09-20). DOI: 10.57760/sciencedb.j00001.00695."
}