{
    "类目名称": "生态环境监测数据专刊",
    "名称": "2020年三亚市生态环境敏感性评价数据集",
    "资源信息链接地址": "http://doi.org/10.11922/sciencedb.j00001.00335",
    "摘要": "摘要：生态敏感性是生态环境对区域内自然和人类活动反应的敏感程度，用以反映产生生态失衡与生态环境问题的可能性大小，是分析区域生态环境稳定性的主要方法之一，对于区域生态保护和决策制定有重要意义。三亚市作为海南省南部中心城市，改善和保护生态环境对该地区可持续发展具有重要作用。本文以三亚市为研究对象制作了2020年三亚市生态环境敏感性评价数据集。该数据集以高程、坡度、坡向、植被覆盖度、水体、土地利用类型、土壤侵蚀强度、人口密度分布、可达性距离等9个因子作为生态敏感性评价指标，采用层次分析法（AHP）计算各评价指标权重，通过GIS空间分析和计算将研究区域划分为非敏感、低敏感、中敏感、高敏感和极高敏感五个等级。数据质量控制部分则通过筛选三亚市区域内无云影像、土地利用监督分类一致性检验kappa系数约为0.85、结合NDWI结果与遥感影像对比得到水体范围等来进行多方面的数据验证，以此提高数据质量的可靠性。本数据集反映了三亚市生态敏感性状况，可为三亚市生态环境保护与资源开发以及土地规划等提供参考数据源。",
    "关键词": "三亚市；生态敏感性；层次分析法；空间分析",
    "参考引用": [
        {
            "名称": "何苏玲, 邹凤琼, 王金亮. 基于AHP和MSE赋权法的龙南县生态敏感性评价[J]. 生态学杂志, 2021, 40(9): 2927–2935. DOI:10.13292/j.1000-4890.202109.022. [HE S L, ZOU F Q, WANG J L. Ecological sensitivity evaluation of Longnan County based on AHP and MSE weighting method[J]. Chinese Journal of Ecology, 2021, 40(9): 2927–2935. ",
            "资源信息链接地址": "10.13292/j.1000-4890.202109.022. [HE S L, ZOU F Q, WANG J L. Ecological sensitivity evaluation of Longnan County based on AHP and MSE weighting method"
        },
        {
            "名称": "刘康, 欧阳志云, 王效科, 等. 甘肃省生态环境敏感性评价及其空间分布[J]. 生态学报, 2003, 23(12): 2711–2718. DOI:10.3321/j.issn: 1000-0933.2003.12.026. [LIU K, OUYANG Z Y, WANG X K, et al. Eco-environmental sensitivity and its spatial distribution in Gansu Province[J]. Acta Ecologica Sinica, 2003, 23(12): 2711–2718. ",
            "资源信息链接地址": "10.3321/j.issn: 1000-0933.2003.12.026. [LIU K, OUYANG Z Y, WANG X K, et al. Eco-environmental sensitivity and its spatial distribution in Gansu Province"
        },
        {
            "名称": "钟林生, 唐承财, 郭华. 基于生态敏感性分析的金银滩草原景区旅游功能区划[J]. 应用生态学报, 2010, 21(7): 1813–1819. DOI:10.13287/j.1001-9332.2010.0273. [ZHONG L S, TANG C C, GUO H. Tourism function zoning of Jinyintan Grassland Scenic Area in Qinghai Province based on ecological sensitivity analysis[J]. Chinese Journal of Applied Ecology, 2010, 21(7): 1813–1819. ",
            "资源信息链接地址": "10.13287/j.1001-9332.2010.0273. [ZHONG L S, TANG C C, GUO H. Tourism function zoning of Jinyintan Grassland Scenic Area in Qinghai Province based on ecological sensitivity analysis"
        },
        {
            "名称": "徐广才, 康慕谊, 赵从举, 等. 阜康市生态敏感性评价研究[J]. 北京师范大学学报(自然科学版), 2007, 43(1): 88–92. [XU G C, KANG M Y, ZHAO C J, et al. Appraisal of eco-sensitivity on Fukang City[J]. Journal of Beijing Normal University (Natural Science), 2007, 43(1): 88–92.]",
            "资源信息链接地址": "http://xueshu.baidu.com/s?wd= 阜康市生态敏感性评价研究[J]. 北京师范大学学报(自然科学版), 2007, 43(1): 88–92. [XU G C, KANG M Y, ZHAO C J, et al. Appraisal of eco-sensitivity on Fukang City"
        },
        {
            "名称": "武鹏达, 鲁学军, 侯伟, 等. GIS支持下土地生态环境敏感性评价: 以金坛市为例[J]. 测绘科学, 2016, 41(2): 81–86. DOI:10.16251/j.cnki.1009-2307.2016.02.017. [WU P D, LU X J, HOU W, et al. Evaluation of land ecological sensitivity based on land quality and ecological index[J]. Science of Surveying and Mapping, 2016, 41(2): 81–86. ",
            "资源信息链接地址": "10.16251/j.cnki.1009-2307.2016.02.017. [WU P D, LU X J, HOU W, et al. Evaluation of land ecological sensitivity based on land quality and ecological index"
        },
        {
            "名称": "尹海伟, 徐建刚, 陈昌勇, 等. 基于GIS的吴江东部地区生态敏感性分析[J]. 地理科学, 2006, 26(1): 64–69. DOI:10.3969/j.issn.1000-0690.2006.01.011. [YIN H W, XU J G, CHEN C Y, et al. GIS-based ecological sensitivity analysis in the east of Wujiang City[J]. Scientia Geographica Sinica, 2006, 26(1): 64–69. ",
            "资源信息链接地址": "10.3969/j.issn.1000-0690.2006.01.011. [YIN H W, XU J G, CHEN C Y, et al. GIS-based ecological sensitivity analysis in the east of Wujiang City"
        },
        {
            "名称": "周晓玉, 蔡俊, 张文文. 基于GIS的国家级生态县的生态敏感性评价: 以安徽省霍山县为例[J]. 云南农业大学学报(社会科学), 2021, 15(4): 148–155. DOI:10.3969/j.issn.1004-390X(s).202010008. [ZHOU X Y, CAI J, ZHANG W W. Ecological sensitivity evaluation of national ecological County based on GIS: take Huoshan County of Anhui as an example[J]. Journal of Yunnan Agricultural University (Social Science), 2021, 15(4): 148–155. ",
            "资源信息链接地址": "10.3969/j.issn.1004-390X(s).202010008. [ZHOU X Y, CAI J, ZHANG W W. Ecological sensitivity evaluation of national ecological County based on GIS: take Huoshan County of Anhui as an example"
        },
        {
            "名称": "肖寒, 欧阳志云, 赵景柱, 王效科, 韩艺师. 海南岛生态系统土壤保持空间分布特征及生态经济价值评估[J]. 生态学报, 2000, 20(4): 552–558. DOI:10.3321/j.issn: 1000-0933.2000.04.004. [XIAO H, OUYANG Z Y, ZHAO J Z, et al. The spatial distribution characteristics and eco economic value of soil conservation service of ecosystems in Hainan Island by GIS[J]. Acta Ecologica Sinica, 2000, 20(4): 552–558. ",
            "资源信息链接地址": "10.3321/j.issn: 1000-0933.2000.04.004. [XIAO H, OUYANG Z Y, ZHAO J Z, et al. The spatial distribution characteristics and eco economic value of soil conservation service of ecosystems in Hainan Island by GIS"
        },
        {
            "名称": "许明杰, 牛瑞卿, 杨柯, 等. 一种土地生态敏感性评估的加权聚类方法[J]. 测绘科学, 2021, 46(10): 118–129, 144. DOI:10.16251/j.cnki.1009-2307.2021.10.016. [XU M J, NIU R Q, YANG K, et al. A weighted clustering model for land eco-environmental sensitivity evaluation[J]. Science of Surveying and Mapping, 2021, 46(10): 118–129, 144. ",
            "资源信息链接地址": "10.16251/j.cnki.1009-2307.2021.10.016. [XU M J, NIU R Q, YANG K, et al. A weighted clustering model for land eco-environmental sensitivity evaluation"
        },
        {
            "名称": "刘吉平, 任晴, 徐艳艳, 等. 吉林省中部农业区生态敏感性评价[J]. 吉林师范大学学报(自然科学版), 2021, 42(3): 115–121. DOI:10.16862/j.cnki.issn1674-3873.2021.03.020. [LIU J P, REN Q, XU Y Y, et al. Evaluation on ecological sensitivity of the agricultural region in the central part of Jilin Province[J]. Journal of Jilin Normal University (Natural Science Edition), 2021, 42(3): 115–121. ",
            "资源信息链接地址": "10.16862/j.cnki.issn1674-3873.2021.03.020. [LIU J P, REN Q, XU Y Y, et al. Evaluation on ecological sensitivity of the agricultural region in the central part of Jilin Province"
        },
        {
            "名称": "陈瑶瑶, 罗志军, 齐松, 等. 基于生态敏感性与生态网络的南昌市生态安全格局构建[J]. 水土保持研究, 2021, 28(4): 342–349. DOI:10.13869/j.cnki.rswc.2021.04.038. [CHEN Y Y, LUO Z J, QI S, et al. Ecological security pattern construction of Nanchang City based on ecological sensitivity and ecological network[J]. Research of Soil and Water Conservation, 2021, 28(4): 342–349. ",
            "资源信息链接地址": "10.13869/j.cnki.rswc.2021.04.038. [CHEN Y Y, LUO Z J, QI S, et al. Ecological security pattern construction of Nanchang City based on ecological sensitivity and ecological network"
        },
        {
            "名称": "钟静, 杨国良, 杜杰, 等. 九寨沟旅游区生态敏感性空间分布研究[J]. 四川师范大学学报(自然科学版), 2016, 39(3): 432–436. DOI:10.3969/j.issn.1001-8395.2016.03.023. [ZHONG J, YANG G L, DU J, et al. Research on the spatial distribution of ecological sensitivity in Jiuzhaigou tourism area[J]. Journal of Sichuan Normal University (Natural Science), 2016, 39(3): 432–436. ",
            "资源信息链接地址": "10.3969/j.issn.1001-8395.2016.03.023. [ZHONG J, YANG G L, DU J, et al. Research on the spatial distribution of ecological sensitivity in Jiuzhaigou tourism area"
        },
        {
            "名称": "王浩程, 王琳, 卫宝立. 基于GIS的特色小镇生态敏感性研究: 以山东营丘镇为例[J]. 中国海洋大学学报(自然科学版), 2019, 49(8): 100–107. DOI:10.16441/j.cnki.hdxb.20180175. [WANG H C, WANG L, WEI B L. The ecological sensitivity evaluation of characteristic town based on GIS: a case in yingqiu town of Shandong Province[J]. Periodical of Ocean University of China, 2019, 49(8): 100–107. ",
            "资源信息链接地址": "10.16441/j.cnki.hdxb.20180175. [WANG H C, WANG L, WEI B L. The ecological sensitivity evaluation of characteristic town based on GIS: a case in yingqiu town of Shandong Province"
        },
        {
            "名称": "孙才志, 杨磊, 胡冬玲. 基于GIS的下辽河平原地下水生态敏感性评价[J]. 生态学报, 2011, 31(24): 7428–7440. [SUN C Z, YANG L, HU D L. Groundwater ecological sensitivity assessment in the lower Liaohe River Plain based on GIS technique[J]. Acta Ecologica Sinica, 2011, 31(24): 7428–7440.]",
            "资源信息链接地址": "http://xueshu.baidu.com/s?wd= 基于GIS的下辽河平原地下水生态敏感性评价[J]. 生态学报, 2011, 31(24): 7428–7440. [SUN C Z, YANG L, HU D L. Groundwater ecological sensitivity assessment in the lower Liaohe River Plain based on GIS technique"
        }
    ],
    "作者": [
        {
            "姓名": "宋沛林",
            "机构": [
                "海南空天信息研究院，海南省地球观测重点实验室 海南三亚  572029",
                "Hainan Aerospace Information Research Institute, Key Laboratory of Earth Observation of Hainan Province, Hainan",
                "中国科学院空天信息创新研究院 北京  100094",
                "Aerospace Information Research Institute, Chinese Academy of Sciences",
                "山东科技大学 山东青岛  266590",
                "Shandong University of Science and Technology"
            ],
            "贡献": "主要承担工作：数据的收集和处理，论文撰写。",
            "简介": "（1997—），男，贵州省遵义市人，研究生，研究方向为空间数据挖掘。"
        },
        {
            "姓名": "杨腾飞",
            "机构": [
                "海南空天信息研究院，海南省地球观测重点实验室 海南三亚  572029",
                "Hainan Aerospace Information Research Institute, Key Laboratory of Earth Observation of Hainan Province, Hainan",
                "中国科学院空天信息创新研究院 北京  100094",
                "Aerospace Information Research Institute, Chinese Academy of Sciences"
            ],
            "贡献": "主要承担工作：技术指导与论文修改。",
            "简介": "（1988—），男，河南省洛阳市人，博士生，研究方向为自然语言处理、灾害信息挖掘。"
        },
        {
            "姓名": "解吉波",
            "机构": [
                "海南空天信息研究院，海南省地球观测重点实验室 海南三亚  572029",
                "Hainan Aerospace Information Research Institute, Key Laboratory of Earth Observation of Hainan Province, Hainan",
                "中国科学院空天信息创新研究院 北京  100094",
                "Aerospace Information Research Institute, Chinese Academy of Sciences"
            ],
            "贡献": "主要承担工作：数据集结构设计、技术指导以及论文修改。",
            "简介": "（1977—），男，山东省青岛市人，博士，副研究员，研究方向为地理空间数据基础设施、遥感、地理计算。"
        },
        {
            "姓名": "高鑫月",
            "机构": [
                "海南空天信息研究院，海南省地球观测重点实验室 海南三亚  572029",
                "Hainan Aerospace Information Research Institute, Key Laboratory of Earth Observation of Hainan Province, Hainan",
                "中国科学院空天信息创新研究院 北京  100094",
                "Aerospace Information Research Institute, Chinese Academy of Sciences",
                "山东科技大学 山东青岛  266590",
                "Shandong University of Science and Technology"
            ],
            "贡献": "主要承担工作：数据收集和处理，论文修改。",
            "简介": "（1997—），女，山东省滨州市人，研究生，研究方向为空间数据挖掘。"
        },
        {
            "姓名": "牟乃夏",
            "机构": [
                "山东科技大学 山东青岛  266590",
                "Shandong University of Science and Technology"
            ],
            "贡献": "主要承担工作：技术指导与论文修改。",
            "简介": "（1973—），男，山东省青岛市人，博士，教授，研究方向为时空信息挖掘与推荐。"
        }
    ],
    "基金": "海南省重大科技计划项目（ZDKJ2019006）",
    "数据集名称": "2020年三亚市生态环境敏感性评价数据集",
    "数据作者": [
        "宋沛林",
        "杨腾飞",
        "解吉波",
        "高鑫月",
        "牟乃夏"
    ],
    "数据": "解吉波（xiejb@aircas.ac.cn）",
    "时间范围": "2020年",
    "空间范围": "地理范围为18°09′34″~18°37′27″N，108°56′30″~109°48′28″E，中国海南省三亚市",
    "空间分辨率": "30 m",
    "数据量": "80.0 MB",
    "数据格式": "*.tif,*.txt",
    "数据组成": "数据集为2020年三亚市高程、坡度、坡向、植被覆盖度、水体、土地利用类型、土壤侵蚀强度、人口密度分布、可达性距离9个生态敏感因子数据和生态敏感性评价数据，存储于7z压缩包中。其中tif是影像数据；tif.ovr是金字塔数据；tif.aux.xml是附加到栅格的辅助文件，与栅格文件位于同一位置，用于存储无法存储在栅格文件本身中的辅助信息；tfw是关于TIFF影像坐标信息的文本文件；txt是关于栅格数值代表意义说明文件。",
    "引言": "客观评价生态环境敏感性对于区域生态环境保护和自然资源合理开发具有重要的科学意义以及指导作用。本文以三亚市为研究区域，三亚市位于中国海南岛的最南端，属于热带北缘，拥有丰富的自然资源和生物资源。该地区同时也是著名的旅游城市，每年吸引了大量来自世界各地的游客，带动经济发展的同时，也给当地生态带来了很大的压力。因此，及时了解三亚市的生态敏感性分布对于该地区生态环境监管和可持续发展有重要意义。区域生态敏感性的计算取决于评价指标的选取及指标权重的确定[1]。目前，国内外对于生态敏感性的研究已从单一生态敏感问题发展到生态敏感性综合评价，尺度包括国家、流域、省域和市县等不同范围[2-3]。但对于不同区域及其研究主题，生态敏感性评价指标及其权重的计算有其特殊性[4]，因此要因地制宜。本文综合考虑了研究区域的自然条件和人类活动因素，从可获取的包括遥感影像数据及基础地理信息数据等中确定了9种指标，包括坡度、坡长、坡向、水体、植被覆盖度、土地利用类型、土壤侵蚀强度、人口密度分布、可达性距离等，并结合层次分析法（AHP）确定这些研究指标权重。基于GIS空间分析技术生成了三亚市生态敏感性评价数据集。",
    "数据采集和处理方法": "本文所制生态敏感性评价数据集流程包括数据准备、确立评价指标、指标权重计算以及生态敏感性综合评价等4部分，计算流程如图1所示。图1生态敏感性评价数据集制作流程Figure1Theproductionprocessofthesensitivityevaluationdataset1.1数据准备本文根据所采用的生态敏感性评价指标，使用了包括遥感影像数据和其他基础地理数据。相关数据的具体描述如表1所示：下载表1生态敏感性评价原始数据数据类型基础数据数据描述遥感影像数据Landsat8遥感影像通过GEE（GoogleEarthEngine）平台获取2020年5-10月份去云后的Landsat8遥感影像30mDEM数据通过GEE（GoogleEarthEngine）平台获取SRTMDigitalElevation30m分辨率DEM数据基础地理数据路网数据路网数据来自OSM（https://www.openstreetmap.org/）人口密度数据人口密度数据来自WorldPop100m分辨率栅格（https://dx.doi.org/10.5258/SOTON/WP00660降水数据通过NOAA（https://www.ncei.noaa.gov/）获取海南省气象监测站点年度降水数据。土壤数据土壤数据来自资源与环境科学数据中心（https://www.resdc.cn/）1.2确立评价指标影响区域生态敏感性的因子有很多，且在不同区域因子的选取也有不同。本文基于数据的可获取性、自然环境条件、区域综合性、代表性原则[5-7]等选取了包括坡度、坡长、坡向、水体、植被覆盖度、土地利用类型、土壤侵蚀强度、人口密度分布、可达性距离等9个评价指标。基于研究区DEM数据，本文利用GIS空间分析方法计算得到包括坡长、坡度、坡向等评价指标；利用GEE平台对2020年5-10月时间范围内的三亚市遥感影像数据进行监督分类得到该年份的土地利用数据，相关类型包括居民用地和未利用土地、耕地、草地、林地及水域，如图2所示。图2三亚市2020土地利用Figure2ThelanduseofSanyaCityin2020利用GEE平台，基于所获取的遥感影像数据，分别通过归一化植被指数（NDVI）和归一化差异水体指数（NDWI）计算得到三亚市地区的植被覆盖度和水体区域。其中植被覆盖度按照通过利用像元二分模型计算得到，计算公式（1）如下：VFC=(NDVI−NDVImin)/(NDVImax−NDVImin)VFC=(NDVI−NDVImin)/(NDVImax−NDVImin)（1）式中，VFCVFC为植被覆盖度，NDVINDVI为归一化植被指数，NDVImaxNDVImax和NDVIminNDVImin分别按照5%置信区间作为NDVINDVI最大值和NDVINDVI最小值。通过计算NDWI并对比实际影像确定阈值，提取大于阈值的部分作为三亚市行政区域内的水体区域，计算公式（2）如下：NDWI=(p(Green)−p(NIR))/(p(Green)+p(NIR))NDWI=(p(Green)−p(NIR))/(p(Green)+p(NIR))（2）式中，NDWINDWI为归一化水指数，p(Green)p(Green)为绿波段，p(NIR)p(NIR)为近红外波段。由于三亚市作为海滨城市，将海岸线做缓冲区分析纳入水体因子部分。将土壤数据、降水数据与以上坡度、坡长、土地利用、植被覆盖数据通过通用土壤流失方程[8]（3）计算土壤侵蚀强度（土壤侵蚀量），如图3所示。A=R×K×S×L×C×P（3）式中A是土壤侵蚀量，R是降雨侵蚀力因子，K是土壤可蚀性因子，S是坡度因子，L是坡长因子，C是地表植被覆盖因子，P是土壤保持措施因子。图3三亚市2020土壤侵蚀强度Figure3SoilerosionintensityofSanyaCityin2020路网的可达性反映了对应区域人类活动的频繁程度，例如道路建设、运输对一定区域内生态环境造成了不同程度的影响[9]。本文从路网数据中筛选出高速公路与干道（高速公路以及干道）、主干道与次干道（主要道路、次要道路、第三级道路）等类型，并结合不同道路类型的平均车速，使用网络分析的方法得到三亚市路网可达性，然后使用自然断点法将三亚市分为五个层级的可达性区域，相关结果如图4所示。最后根据不同路网的可达性区域，结合不同道路类别以及道路可达性距离划分对周边区域生态环境的影响等级。图4三亚市路网可达性Figure4RoadnetworkaccessibilityinSanyaCity参考现有研究，结合三亚市地理情况，将区域内生态敏感程度分为五级：极高敏感（9分）、高敏感（7分）、中敏感（5分）、低敏感（3分）、非敏感（1分）[10-12]。分级标准见表2。按照表中分级条件对各指标进行重分类赋值得到9个单因子评价指标。下载表2生态敏感性评价体系敏感因子分级条件敏感程度赋值高程>900m极高敏感9600-900m高敏感7300-600m中敏感5200-300m低敏感3<200m非敏感1坡度>35°极高敏感925°-35°高敏感715°-25°中敏感58°-15°低敏感3<8°非敏感1坡向正北极高敏感9东北、西北高敏感7正东、正西中敏感5东南、西南低敏感3平地、正南非敏感1植被覆盖度0.8-1.0极高敏感90.6-0.8高敏感70.3-0.6中敏感50.1-0.3低敏感3<0.1非敏感1水体水体区域极高敏感9水体区域200m内高敏感7水体区域500m内中敏感5水体区域1000m内低敏感3其他区域非敏感1土地利用水域极高敏感9林地高敏感7草地中敏感5耕地低敏感3城乡、工矿、居民用地未利用土地非敏感1土壤侵蚀>8000（t⋅km−2⋅a−1t·km−2·a−1）极高敏感95000-8000（t⋅km−2⋅a−1t·km−2·a−1）高敏感72500-5000（t⋅km−2⋅a−1t·km−2·a−1）中敏感5500-2500（t⋅km−2⋅a−1t·km−2·a−1）低敏感30-500（t⋅km−2⋅a−1t·km−2·a−1）非敏感1人口密度>250极高敏感9150-250高敏感750-150中敏感510-50低敏感3<10非敏感1可达性距离可达性最高区域距高速公路与干道距离50m、主干道与次干道距离30m；可达性第二区域高速公路与干道距离40m、主干道与次干道距离24m；可达性第三区域高速公路与干道距离30m、主干道与次干道距离18m；可达性第四区域高速公路与干道距离20m、主干道与次干道距离12m；可达性最低区域高速公路与干道距离10m、主干道与次干道距离6m；极高敏感9可达性最高区域距高速公路与干道距离100m、主干道与次干道距离50m；可达性第二区域高速公路与干道距离80m、主干道与次干道距离40m；可达性第三区域高速公路与干道距离60m、主干道与次干道距离30m；可达性第四区域高速公路与干道距离40m、主干道与次干道距离20m；可达性最低区域高速公路与干道距离20m、主干道与次干道距离10m；高敏感7可达性最高区域距高速公路与干道距离200m、主干道与次干道距100m；可达性第二区域高速公路与干道距离160m、主干道与次干道距离80m；可达性第三区域高速公路与干道距离120m、主干道与次干道距离60m；可达性第四区域高速公路与干道距离80m、主干道与次干道距离40m；可达性最低区域高速公路与干道距离40m、主干道与次干道距离20m；中敏感5可达性最高区域距高速公路与干道距离500m、主干道与次干道距200m；可达性第二区域高速公路与干道距离400m、主干道与次干道距离160m；可达性第三区域高速公路与干道距离300m、主干道与次干道距离120m；可达性第四区域高速公路与干道距离200m、主干道与次干道距离80m；可达性最低区域高速公路与干道距离100m、主干道与次干道距离40m；低敏感3可达性最高区域距高速公路与干道距离>500m、主干道与次干道离>200m；可达性第二区域高速公路与干道距离>400m、主干道与次干道距离>160m；可达性第三区域高速公路与干道距离>300m、主干道与次干道距离>120m；可达性第四区域高速公路与干道距离>200m、主干道与次干道距离>80m；可达性最低区域高速公路与干道距离>100m、主干道与次干道距离>40m；非敏感11.3指标权重计算层次分析法（AnalyticHierarchyProcess，AHP）是一种定性与定量相结合的多目标决策分析方法，它能够将定性因素定量化（其核心是将专家经验定量化）。同时，相比较其他研究方法AHP更加简单直观，方便实用[13]。其步骤包括建立层次结构模型、构造判断矩阵、计算各因子权重和最大特征根、一致性检验等。本文基于AHP方法计算各评价指标的权重，通过专家打分对各指标两两比较构造判断矩阵[10]，其占比关系如图5所示，图中数值为行与列的比值，比值越高说明相对重要性越强，比值越低则相反。最后分析得到9个指标的权重，具体权重值见表3。下载表3评价指标权重评价指标权重高程0.0199坡度0.0566坡向0.0199植被覆盖度0.1973水体0.1018土地利用0.1973土壤侵蚀0.1019人口密度0.1973可达性距离0.1080图5判断矩阵占比图Figure5Judgmentmatrixratiochart1.4生态敏感性综合评价通过GIS的空间分析方法，对各因子进行加权叠加计算，得到研究区生态敏感综合评价图及评价指数，多因子加权求和模型的计算公式如下[14]：P=∑ni=1WiXi∑i=1nWiXi（4）式（4）中，P表示综合敏感性评价指标，WiWi表示第ii个评价指标生态敏感性权重，由层次分析法获得，XiXi表示第ii个评价指标生态敏感性等级的评价指标，nn表示评价指标个数。",
    "数据描述": "本数据集为2020年海南省三亚市高程、坡度、坡向、植被覆盖度、水体、土地利用类型、土壤侵蚀强度、人口密度分布、可达性距离等9个生态敏感因子和生态敏感性评价结果，评价结果如图6所示，通过自然断点法将其生态敏感性分为五个等级，即非敏感、低敏感、中敏感、高敏感和极高敏感。数据空间分辨率为30m，采用WGS_1984_UTM投影，WGS84坐标系，总数据量80.0MB。数据集以压缩包的形式提供，文件命名为“2020年三亚市生态环境敏感性评价数据集”，其内包含tif、tif.over、tif.aux.xml、tfw、txt五种文件，分别是图像文件、金字塔文件、影像辅助信息文件、影像坐标信息文件、栅格数值说明文件。如图6所示，三亚地区非敏感区域占比27.5%，低敏感区域占比37.2%，中敏感区域占比26.2%，高敏感区域占比8.6%，极高敏感区域占比0.05%，表明三亚地区生态环境整体敏感性适中，生态环境保护压力较大的区域为三亚市北部与东南地区，生态环境保护压力最大的区域为三亚市南部河流与公园聚集的市区和沿海较近的位置。图6三亚市2020生态敏感性评价图Figure6EcologicalsensitivityevaluationmapofSanyaCityin2020",
    "数据质量控制": "三亚市作为沿海城市，遥感影像数据容易受云量的影响，通过GEE去云处理后得到三亚区域范围内无NAN值的Landsat8遥感影像；土地利用数据通过GEE云平台基于Landsat8遥感影像监督分类，通过一致性检验kappa系数约为0.85；水体区域提取依据NDWI结合实际遥感影像人工对比得到，相对精度较高；OSM路网数据通过提取高速公路、干道、主干道和次干道等主要道路部分并结合卫星影像对比验证其道路精度，去除非道路部分；计算植被覆盖度根据NDVI选择置信区间5%计算其植被覆盖度，提高数据可靠性；层次分析法一致性检验值CR=0.0034，由于CR<0.1，则判断矩阵通过一致性检验。",
    "数据价值": "本数据集基于遥感数据、地形数据、气象数据、土地利用数据、土壤数据、人口密度数据、路网数据等多源数据评价三亚市2020年生态敏感性。根据不同敏感层级区域可对潜在的生态环境问题进行明确辨识，以揭示其生态敏感性空间分布格局。结合其他相关分析构建生态网络、生态安全格局，对于不同敏感程度的区域进行合理的生态管理和规划以及生态环境的保护和改善措施提供参考。",
    "引用格式": "宋沛林, 杨腾飞, 解吉波, 等. 2020年三亚市生态环境敏感性评价数据集[DS/OL]. Science Data Bank, 2022. [2022-08-04]. DOI: 10.11922/sciencedb.j00001.00335. "
}