{
    "类目名称": "其他数据论文",
    "名称": "2021年兰州植物园无人机遥感影像数据集",
    "资源信息链接地址": "http://dx.doi.org/10.57760/sciencedb.j00001.00466",
    "摘要": "摘要：本文利用小型无人机，挂载可见光相机，获取了兰州植物园红、绿、蓝3个波段的光谱反射率信息，基于2021年3月1日至2021年12月30日兰州植物园无人机数据制作了遥感影像数据集。数据采集过程中无人机航测72次，共拍摄15696张影像，经空中三角测量、正射纠正，将影像拼接得到数字正射影像图（DOM），并进一步计算得到植被指数成果。本数据集共包括DOM和植被指数两种数据。兰州植物园位于甘肃省兰州市安宁区，研究区内植被类型丰富，空间异质性高，本数据集在城市植被物候、城市生态监测、城市热环境研究等方面具有一定的潜力可供发掘。",
    "关键词": "数字正射影像；植被指数；无人机；城市",
    "参考引用": [
        {
            "名称": "王正兴, 刘闯, Huete Alfredo. 植被指数研究进展: 从AVHRR-NDVI到MODIS-EVI[J]. 生态学报, 2003, 23(5): 979–987. DOI:10.3321/j.issn: 1000-0933.2003.05.020. [WANG Z X, LIU C, ALFREDO H. From AVHRR-NDVI to MODIS-EVI: advances in vegetation index research[J]. Acta Ecologica Sinica, 2003, 23(5): 979–987. ",
            "资源信息链接地址": "10.3321/j.issn: 1000-0933.2003.05.020. [WANG Z X, LIU C, ALFREDO H. From AVHRR-NDVI to MODIS-EVI: advances in vegetation index research"
        },
        {
            "名称": "姚荣鹏, 张勃, 张耀文, 等. 甘肃河东地区植被物候及其对气候变化的响应[J]. 生态学杂志, 2022, 41(4): 714–723. DOI:10.13292/j.1000-4890.202203.023. [YAO R P, ZHANG B, ZHANG Y W, et al. Vegetation phenology and its response to climate change in Hedong area of Gansu Province[J]. Chinese Journal of Ecology, 2022, 41(4): 714–723. ",
            "资源信息链接地址": "10.13292/j.1000-4890.202203.023. [YAO R P, ZHANG B, ZHANG Y W, et al. Vegetation phenology and its response to climate change in Hedong area of Gansu Province"
        },
        {
            "名称": "原媛, 母艳梅, 邓钰洁, 等. 植被覆盖度和物候变化对典型黑沙蒿灌丛生态系统总初级生产力的影响[J]. 植物生态学报, 2022, 46(2): 162–175. DOI:10.17521/cjpe.2020.0387. [YUAN Y, MU Y M, DENG Y J, et al. Effects of land cover and phenology changes on the gross primary productivity in an Artemisia ordosica shrubland[J]. Chinese Journal of Plant Ecology, 2022, 46(2): 162–175. ",
            "资源信息链接地址": "10.17521/cjpe.2020.0387. [YUAN Y, MU Y M, DENG Y J, et al. Effects of land cover and phenology changes on the gross primary productivity in an Artemisia ordosica shrubland"
        },
        {
            "名称": "孙天瑶, 李雪梅, 许民, 等. 2000—2018年塔里木河流域植被覆盖时空格局[J].干旱区地理,2020,43(2):415–424. [SUN T Y, LI X M, XU M, et al. Spatial-temporal variations of vegetation coverage in the Tarim River Basin from 2000 to 2018[J]. Arid Land Geography, 2020,43(2):415–424.]",
            "资源信息链接地址": "http://xueshu.baidu.com/s?wd= 2000—2018年塔里木河流域植被覆盖时空格局[J].干旱区地理,2020,43(2):415–424. [SUN T Y, LI X M, XU M, et al. Spatial-temporal variations of vegetation coverage in the Tarim River Basin from 2000 to 2018"
        },
        {
            "名称": "柳文杰, 曾永年, 张猛. 融合时间序列环境卫星数据与物候特征的水稻种植区提取[J]. 遥感学报, 2018, 22(3): 381–391. [LIU W J, ZENG Y N, ZHANG M. Mapping rice paddy distribution by using time series HJ blend data and phenological parameters[J]. Journal of Remote Sensing, 2018, 22(3): 381–391.]",
            "资源信息链接地址": "http://xueshu.baidu.com/s?wd= 融合时间序列环境卫星数据与物候特征的水稻种植区提取[J]. 遥感学报, 2018, 22(3): 381–391. [LIU W J, ZENG Y N, ZHANG M. Mapping rice paddy distribution by using time series HJ blend data and phenological parameters"
        },
        {
            "名称": "张猛, 曾永年. 融合高时空分辨率数据估算植被净初级生产力[J]. 遥感学报, 2018, 22(1): 143–152. DOI:10.11834/jrs.20186499. [ZHANG M, ZENG Y N. Net primary production estimation by using fusion remote sensing data with high spatial and temporal resolution[J]. Journal of Remote Sensing, 2018, 22(1): 143–152. ",
            "资源信息链接地址": "10.11834/jrs.20186499. [ZHANG M, ZENG Y N. Net primary production estimation by using fusion remote sensing data with high spatial and temporal resolution"
        },
        {
            "名称": "KLOSTERMAN S, MELAAS E, WANG J A, et al. Fine-scale perspectives on landscape phenology from unmanned aerial vehicle (UAV) photography[J]. Agricultural and Forest Meteorology, 2018, 248: 397–407. DOI:10.1016/j.agrformet.2017.10.015.",
            "资源信息链接地址": "http://xueshu.baidu.com/s?wd= Fine-scale perspectives on landscape phenology from unmanned aerial vehicle (UAV) photography"
        },
        {
            "名称": "崔丹丹, 张耀南, 科瑞斯特·米歇尔, 等. 2005—2009年Drôme河(法国)无人机遥感的正射影像和数字高程模型数据集[J]. 中国科学数据, 2019, 4(3): 133–140. [CUI D D, ZHANG Y N, Kristell Michel, et al. DOM and DEM dataset of the Drôme River remotely sensed with a UAV(2005-2009)[J]. China Scientific Data, 2019, 4(3): 133–140.]",
            "资源信息链接地址": "http://xueshu.baidu.com/s?wd= 2005—2009年Drôme河(法国)无人机遥感的正射影像和数字高程模型数据集[J]. 中国科学数据, 2019, 4(3): 133–140. [CUI D D, ZHANG Y N, Kristell Michel, et al. DOM and DEM dataset of the Drôme River remotely sensed with a UAV(2005-2009)"
        },
        {
            "名称": "周玉科, 岳跃民, 何洪林, 等. 2016年环江喀斯特生态站无人机遥感植被指数数据集[J]. 中国科学数据, 2017, 2(1): 59–66, 189. [ZHOU Y K, YUE Y M, HE H L, et al. NDVI dataset of Huanjiang Observation and Research Station for Karst Ecosystem remotely sensed with a UAV(2016)[J]. China Scientific Data, 2017, 2(1): 59–66, 189.]",
            "资源信息链接地址": "http://xueshu.baidu.com/s?wd= 2016年环江喀斯特生态站无人机遥感植被指数数据集[J]. 中国科学数据, 2017, 2(1): 59–66, 189. [ZHOU Y K, YUE Y M, HE H L, et al. NDVI dataset of Huanjiang Observation and Research Station for Karst Ecosystem remotely sensed with a UAV(2016)"
        }
    ],
    "作者": [
        {
            "姓名": "龚志远",
            "机构": [
                "兰州交通大学  测绘与地理信息学院 兰州  730070 中国",
                "Faculty of Geomatics  , Lanzhou Jiaotong University, Lanzhou  730070, P. R. China",
                "甘肃省地理国情监测工程实验室 兰州  730070 中国",
                "Gansu Provincial Engineering Laboratory for National Geographic State Monitoring, Lanzhou  730070, P. R. China",
                "地理国情监测技术应用国家地方联合工程研究中心 兰州  730070 中国",
                "National-Local Joint Engineering Research Center of Technologies and Applications for National Geographic State Monitoring, Lanzhou  730070, P. R. China"
            ],
            "贡献": "数据采集和处理，论文撰写。 ",
            "简介": "（1996—），男，安徽合肥人，在读硕士，研究方向为城市生态遥感。"
        },
        {
            "姓名": "李雪梅",
            "机构": [
                "兰州交通大学  测绘与地理信息学院 兰州  730070 中国",
                "Faculty of Geomatics  , Lanzhou Jiaotong University, Lanzhou  730070, P. R. China",
                "甘肃省地理国情监测工程实验室 兰州  730070 中国",
                "Gansu Provincial Engineering Laboratory for National Geographic State Monitoring, Lanzhou  730070, P. R. China",
                "地理国情监测技术应用国家地方联合工程研究中心 兰州  730070 中国",
                "National-Local Joint Engineering Research Center of Technologies and Applications for National Geographic State Monitoring, Lanzhou  730070, P. R. China"
            ],
            "贡献": "实验思路与方案设计，论文修改。 ",
            "简介": "（1983—），女，山东菏泽人，副教授，研究方向为气候变化和积雪遥感。"
        },
        {
            "姓名": "王桂钢",
            "机构": [
                "兰州交通大学  测绘与地理信息学院 兰州  730070 中国",
                "Faculty of Geomatics  , Lanzhou Jiaotong University, Lanzhou  730070, P. R. China",
                "甘肃省地理国情监测工程实验室 兰州  730070 中国",
                "Gansu Provincial Engineering Laboratory for National Geographic State Monitoring, Lanzhou  730070, P. R. China",
                "地理国情监测技术应用国家地方联合工程研究中心 兰州  730070 中国",
                "National-Local Joint Engineering Research Center of Technologies and Applications for National Geographic State Monitoring, Lanzhou  730070, P. R. China"
            ],
            "贡献": "无人机航测及数据处理指导，论文修改。",
            "简介": "（1985—），男，山东烟台人，高级工程师，研究方向为环境遥感和3S技术集成与应用。"
        },
        {
            "姓名": "李秋萍",
            "机构": [
                "兰州交通大学  测绘与地理信息学院 兰州  730070 中国",
                "Faculty of Geomatics  , Lanzhou Jiaotong University, Lanzhou  730070, P. R. China",
                "甘肃省地理国情监测工程实验室 兰州  730070 中国",
                "Gansu Provincial Engineering Laboratory for National Geographic State Monitoring, Lanzhou  730070, P. R. China",
                "地理国情监测技术应用国家地方联合工程研究中心 兰州  730070 中国",
                "National-Local Joint Engineering Research Center of Technologies and Applications for National Geographic State Monitoring, Lanzhou  730070, P. R. China"
            ],
            "贡献": "协助完成数据处理工作，论文修改。 ",
            "简介": "（1995—），女，四川南充人，在读硕士，研究方向为自然灾害。"
        },
        {
            "姓名": "赵开鑫",
            "机构": [
                "兰州交通大学  测绘与地理信息学院 兰州  730070 中国",
                "Faculty of Geomatics  , Lanzhou Jiaotong University, Lanzhou  730070, P. R. China",
                "甘肃省地理国情监测工程实验室 兰州  730070 中国",
                "Gansu Provincial Engineering Laboratory for National Geographic State Monitoring, Lanzhou  730070, P. R. China",
                "地理国情监测技术应用国家地方联合工程研究中心 兰州  730070 中国",
                "National-Local Joint Engineering Research Center of Technologies and Applications for National Geographic State Monitoring, Lanzhou  730070, P. R. China"
            ],
            "贡献": "协助完成数据采集工作。 ",
            "简介": "（1998—），男，四川广元人，在读硕士，研究方向为区域生态与水文水资源。"
        },
        {
            "姓名": "张正蓉",
            "机构": [
                "兰州交通大学  测绘与地理信息学院 兰州  730070 中国",
                "Faculty of Geomatics  , Lanzhou Jiaotong University, Lanzhou  730070, P. R. China",
                "甘肃省地理国情监测工程实验室 兰州  730070 中国",
                "Gansu Provincial Engineering Laboratory for National Geographic State Monitoring, Lanzhou  730070, P. R. China",
                "地理国情监测技术应用国家地方联合工程研究中心 兰州  730070 中国",
                "National-Local Joint Engineering Research Center of Technologies and Applications for National Geographic State Monitoring, Lanzhou  730070, P. R. China"
            ],
            "贡献": "无人机影像筛选。 ",
            "简介": "（1997—），女，甘肃白银人，在读硕士，研究方向为土地变化遥感。"
        },
        {
            "姓名": "刘歆钰",
            "机构": [
                "兰州交通大学  测绘与地理信息学院 兰州  730070 中国",
                "Faculty of Geomatics  , Lanzhou Jiaotong University, Lanzhou  730070, P. R. China",
                "甘肃省地理国情监测工程实验室 兰州  730070 中国",
                "Gansu Provincial Engineering Laboratory for National Geographic State Monitoring, Lanzhou  730070, P. R. China",
                "地理国情监测技术应用国家地方联合工程研究中心 兰州  730070 中国",
                "National-Local Joint Engineering Research Center of Technologies and Applications for National Geographic State Monitoring, Lanzhou  730070, P. R. China"
            ],
            "贡献": "精度检查。",
            "简介": "（1998—），女，江苏徐州人，在读硕士，研究方向为气候变化遥感。"
        }
    ],
    "基金": "国家自然科学基金项目（41761014，41971094，42161025，42104096）；兰州交通大学“百名青年优秀人才培养计划”；兰州交通大学优秀平台支持（201806）。",
    "数据集名称": "2021年兰州植物园无人机遥感影像数据集",
    "数据作者": [
        "龚志远",
        "李雪梅",
        "王桂钢",
        "李秋萍",
        "赵开鑫",
        "张正蓉",
        "刘歆钰"
    ],
    "时间范围": "2021年3月1日至2021年12月30日",
    "空间范围": "36°7′28.7″–36°7′27.9″N，103°43′1″–103°42′23.9″E",
    "空间分辨率": "5 cm",
    "数据量": "95 GB",
    "数据格式": "*.tif; ENVI",
    "数据组成": "数据集包含72个数据压缩包，每个压缩包用日期命名，文件夹内存放着当天的DOM、ExG、ExG和GLI 4种数据，每天相应的DOM文件为TIF格式，植被指数文件为ENVI格式，共864个文件，数据量总计95 GB。",
    "数据采集和处理方法": "1.1研究区概况兰州植物园（103°42′42″E,36°07′30″N）位于甘肃省兰州市安宁区，占地约0.369km2，海拔约1300m，属温带大陆性气候，四季分明。园内植物种类丰富，空间异质性高，各类植物超过200种，研究区图如图1所示。图1研究区域Figure1Thestudyarea1.2数据采集方法本数据集使用大疆Phantom4RTK无人机获取可见光遥感影像，无人机参数见表1。无人机航测时间为2021年3月1日至2021年12月30日。选择天气和光照条件合适的情况下进行航测。无人机航摄参数设置为：飞行高度200m，速度10m/s，航向重叠度80%，旁向重叠度70%。每次采集时间约20分钟，无人机影像分辨率为5cm，飞行周期约为每周两次。受兰州市新冠病毒疫情影响，缺失2021年11月的数据。下载表1无人机参数参数名参数值重量（含桨和电池）1391g轴距350mm飞行时间约30min最大水平飞行速度50km/h工作环境温度0–40℃GNSSGPS相机传感器：1英寸CMOS;有效像素2000万镜头：FOV84°;8.8mm/24mm;光圈f/2.8–f/11;带自动对焦（对焦距离>1m）分辨率5cm1.3数据处理方法无人机航测获取的像片经过空中三角测量、正射纠正，拼接得到DOM。空中三角测量精度是DOM精度的重要影响因素。本数据集采用2000国家大地坐标系，以空中三角测量成果为基础，制作DEM，再经正射纠正、镶嵌得到DOM，DOM的空间分辨率设置为0.05m。利用ArcGIS软件裁剪得到兰州植物园区域影像，使用ENVI计算植被指数。各植被指数计算公式如下，公式中r,g,b分别为无人机影像中红、绿、蓝三个波段对应的灰度值：ExG=2g−r−bExG=2g−r−b（1）ExGR=ExG−(1.4r−g)ExGR=ExG−(1.4r−g)（2）GLI=2g−r−b2g+r+bGLI=2g−r−b2g+r+b（3）数据采集和处理流程图如图2所示。图2数据采集处理流程图Figure2Flowchartofdatacollectionandprocessing",
    "数据描述": "本数据集包括2021-03-01–2021-12-30兰州植物园区域DOM和ExG、ExGR、GLI三种植被指数影像。每一天的4种遥感影像数据存放在以当天日期命名的数据压缩包中。DOM数据格式为TIF。文件命名方式为“日期+文件类型+后缀”，如：2021年3月1日的DOM影像命名为“20210301DOM.tif”。植被指数数据格式为ENVI格式。文件命名方式为“日期+植被指数类型+后缀”，如：2021年3月1日的ExG指数影像命名为“20210301ExG.dat”，遥感影像图见图3。图3遥感影像示意图Figure3Remotesensingimages",
    "数据质量": "质量控制主要包括三个方面：（1）航测完毕后，检查无人机影像质量、影像重叠度、航高保持、航线弯曲度以及影像范围是否覆盖整个研究区；（2）DOM拼接完成后，以2021年3月1日的DOM为基准，对其他DOM进行自动配准，检查配准精度，要求配准精度优于2个像素。（3）基于配准完成后的DOM，计算植被指数，检查植被指数随时间变化情况，确保各期数据精确配准且获取日期准确记录。评估结果如下：（1）无人机影像质量和影像重叠度满足要求，各期数据均不存在航摄漏洞；（2）各期DOM配准精度均优于1.5个像素。在研究区内选择一块草地和连翘园、牡丹园作为采样点，提取植被指数。3个采样点位置见图1，其中绿色区域是草地，红色区域是牡丹园，蓝色区域是连翘园。以时间序日(dayofyear,DOY)为横坐标，以植被指数值为纵坐标，绘制植被指数散点图。时间序日用来表示日期，例如1月10日记为一年中的第10天，简记为10。散点图经过S-G滤波平滑后的曲线图见图4。由图4可以看出，所有植被指数总体呈先增加后减少的趋势，每年的6月至9月植被指数较大，植被长势较旺盛。DOY=150附近，牡丹和连翘进入花期，因此这两个区域的各植被指数有明显增加的趋势。由图3可以看出，植被指数空间分布格局由西到东呈增加的趋势；由南到北植被指数分布趋势没有明显变化。图4采样点植被指数拟合图Figure4Vegetationindexfittingplotofsamplingsites",
    "数据价值": "本数据集适用于城市遥感，在城市植被监测、城市热岛效应、气候变化研究等领域具有珍贵的应用价值。相比于其他植被指数数据集，本数据集产品采用无人机作为数据源，获取的植被指数产品空间分辨率5cm，可作为验证数据，应用于城市植被物候方面的研究。",
    "数据使用和建议": "本数据集可通过ScienceDateBank在线服务网址（http://doi.org/10.57760/sciencedb.j00001.00466）。下载解压后可支持GIS软件查看、编辑、分析。",
    "引用格式": "龚志远, 李雪梅, 王桂钢, 等. 2021年兰州植物园无人机遥感影像数据集[DS/OL]. Science Data Bank, 2022. (2022-10-26). DOI: 10.57760/sciencedb.j00001.00466."
}