{
    "类目名称": "生态环境监测数据专刊",
    "名称": "基于Landsat数据的海南岛养殖塘变化数据集（1987–2020）",
    "资源信息链接地址": "http://doi.org/10.11922/sciencedb.j00001.00400",
    "摘要": "摘要：水产养殖业的快速发展造成了一定的社会和环境问题。定期监测近岸地区水产养殖的分布状况和动态变化对于沿海地区的环境保护可持续发展具有重要意义。本研究利用1987年、1990年、1995年、2000年、2005年、2010年、2015年、2018年、2020年共计9期Landsat TM/OLI数据，结合Google Earth影像和野外调研资料，采用结合阈值法的面向对象分类方法获取了1987–2020年海南岛养殖塘变化数据集。本数据集总体分类精度大于95%。本数据集可用于养殖塘时空变化分析，以及养殖塘选址、管理和利用的决策支持，为海南水产养殖可持续发展和生态环境监测提供数据支持。",
    "关键词": "海南岛；养殖塘；Landsat影像；变化监测",
    "参考引用": [
        {
            "名称": "UN (United Nations). Aquaculture Has Potential to Cut Poverty, Combat Food Security-UN Report[EB/OL]. [2021-01-21]. https://news.un.org/en/story/2011/11/394442.",
            "资源信息链接地址": "http://xueshu.baidu.com/s?wd= Aquaculture Has Potential to Cut Poverty, Combat Food Security-UN Report[EB/OL]. "
        },
        {
            "名称": "彭自然, 陈立婧, 王武. 长江中下游浅水湖泊水产养殖污染现状与对策[J]. 安徽农业科学, 2010, 38(12): 6467–6468, 6621. DOI:10.13989/j.cnki.0517-6611.2010.12.036. [PENG Z R, CHEN L J, WANG W. Pollution actuality and countermeasures of aquiculture in shallow lakes in the middle and lower reaches of Yangtze River area[J]. Journal of Anhui Agricultural Sciences, 2010, 38(12): 6467–6468, 6621. ",
            "资源信息链接地址": "10.13989/j.cnki.0517-6611.2010.12.036. [PENG Z R, CHEN L J, WANG W. Pollution actuality and countermeasures of aquiculture in shallow lakes in the middle and lower reaches of Yangtze River area"
        },
        {
            "名称": "PENG Y S, CHEN G Z, LI S Y, et al. Use of degraded coastal wetland in an integrated mangrove-aquaculture system: a case study from the South China Sea[J]. Ocean & Coastal Management, 2013, 85: 209–213. DOI:10.1016/j.ocecoaman.2013.04.008.",
            "资源信息链接地址": "http://xueshu.baidu.com/s?wd= Use of degraded coastal wetland in an integrated mangrove-aquaculture system: a case study from the South China Sea"
        },
        {
            "名称": "范志杰, 宋春印. 近海水产养殖与环境管理[J]. 海洋开发与管理, 1995, 12(1): 47–51. [FAN Z J, SONG C Y. Coastal mariculture and environmental management[J]. Ocean Development and Management, 1995, 12(1): 47–51.]",
            "资源信息链接地址": "http://xueshu.baidu.com/s?wd= 近海水产养殖与环境管理[J]. 海洋开发与管理, 1995, 12(1): 47–51. [FAN Z J, SONG C Y. Coastal mariculture and environmental management"
        },
        {
            "名称": "FAO. The State of World Fisheries and Aquaculture 2018: Meeting the Sustainable Development Goals[M]. United Nations:2018-07-23.",
            "资源信息链接地址": "http://xueshu.baidu.com/s?wd= The State of World Fisheries and Aquaculture 2018: Meeting the Sustainable Development Goals"
        },
        {
            "名称": "海南省农业农村厅. 海南省养殖水域滩涂规划(2018-2030)[Z]. 海南省农业农村厅养殖处, 2019. [Department of Agriculture and Rural Affairs, Hainan Province. Hainan Aquaculture Waters Tidal Flat Planning (2018-2030)[Z]. Department of Agriculture and Rural Areas, Hainan Province, 2019.]",
            "资源信息链接地址": "http://xueshu.baidu.com/s?wd= 海南省养殖水域滩涂规划(2018-2030)[Z]. 海南省农业农村厅养殖处, 2019. [Department of Agriculture and Rural Affairs, Hainan Province. Hainan Aquaculture Waters Tidal Flat Planning (2018-2030)"
        },
        {
            "名称": "海南省统计局. 海南统计年鉴[J]. 北京:中国统计出版社, 2019. [Hainan Provincial Bureau of Statistics. Hainan Statistical Yearbook[J]. Beijing: China Statistics Press, 2019.]",
            "资源信息链接地址": "http://xueshu.baidu.com/s?wd= 海南统计年鉴[J]. 北京:中国统计出版社, 2019. [Hainan Provincial Bureau of Statistics. Hainan Statistical Yearbook"
        },
        {
            "名称": "FU T M, ZHANG L, YUAN X, et al. Spatio-temporal patterns and sustainable development of coastal aquaculture in Hainan Island, China: 30 Years of evidence from remote sensing[J]. Ocean & Coastal Management, 2021, 214: 105897. DOI:10.1016/j.ocecoaman.2021.105897.",
            "资源信息链接地址": "http://xueshu.baidu.com/s?wd= Spatio-temporal patterns and sustainable development of coastal aquaculture in Hainan Island, China: 30 Years of evidence from remote sensing"
        },
        {
            "名称": "SAKAMOTO T, VAN PHUNG C, KOTERA A, et al. Analysis of rapid expansion of inland aquaculture and triple rice-cropping areas in a coastal area of the Vietnamese Mekong Delta using MODIS time-series imagery[J]. Landscape and Urban Planning, 2009, 92(1): 34–46. DOI:10.1016/j.landurbplan.2009.02.002.",
            "资源信息链接地址": "http://xueshu.baidu.com/s?wd= Analysis of rapid expansion of inland aquaculture and triple rice-cropping areas in a coastal area of the Vietnamese Mekong Delta using MODIS time-series imagery"
        },
        {
            "名称": "DUAN Y Q, LI X, ZHANG L P, et al. Mapping national-scale aquaculture ponds based on the Google Earth Engine in the Chinese coastal zone[J]. Aquaculture, 2020, 520: 734666. DOI:10.1016/j.aquaculture.2019.734666.",
            "资源信息链接地址": "http://xueshu.baidu.com/s?wd= Mapping national-scale aquaculture ponds based on the Google Earth Engine in the Chinese coastal zone"
        },
        {
            "名称": "KE C Q, ZHANG D, WANG F Q, et al. Analyzing coastal wetland change in the Yancheng National Nature Reserve, China[J]. Regional Environmental Change, 2011, 11(1): 161–173. DOI:10.1007/s10113-010-0130-8.",
            "资源信息链接地址": "http://xueshu.baidu.com/s?wd= Analyzing coastal wetland change in the Yancheng National Nature Reserve, China"
        },
        {
            "名称": "REN C Y, WANG Z M, ZHANG B, et al. Remote monitoring of expansion of aquaculture ponds along coastal region of the Yellow River Delta from 1983 to 2015[J]. Chinese Geographical Science, 2018, 28(3): 430–442. DOI:10.1007/s11769-017-0926-2.",
            "资源信息链接地址": "http://xueshu.baidu.com/s?wd= Remote monitoring of expansion of aquaculture ponds along coastal region of the Yellow River Delta from 1983 to 2015"
        },
        {
            "名称": "姚云长, 任春颖, 王宗明, 等. 1985年和2010年中国沿海盐田和养殖池遥感监测[J]. 湿地科学, 2016, 14(6): 874–882. DOI:10.13248/j.cnki.wetlandsci.2016.06.016. [YAO Y C, REN C Y, WANG Z M, et al. Monitoring of salt ponds and aquaculture ponds in the coastal zone of China in 1985 and 2010[J]. Wetland Science, 2016, 14(6): 874–882. ",
            "资源信息链接地址": "10.13248/j.cnki.wetlandsci.2016.06.016. [YAO Y C, REN C Y, WANG Z M, et al. Monitoring of salt ponds and aquaculture ponds in the coastal zone of China in 1985 and 2010"
        },
        {
            "名称": "陈王梦,李通,张丽,等.遥感技术支持下的下龙湾西岸养殖塘变化监测及其对“三生用地”影响分析[J].测绘通报,2020(09):66-71. [CHEN W M, LI T, ZHANG L, et al. Change monitoring of aquaculture ponds on the west bank of Ha Long Bay based on remote sensing technology and analysis of its impact on production-living-ecological land[J]. Bulletin of Surveying and Mapping, 2020(09):66-71.]",
            "资源信息链接地址": "http://xueshu.baidu.com/s?wd=遥感技术支持下的下龙湾西岸养殖塘变化监测及其对“三生用地”影响分析[J].测绘通报,2020(09):66-71. [CHEN W M, LI T, ZHANG L, et al. Change monitoring of aquaculture ponds on the west bank of Ha Long Bay based on remote sensing technology and analysis of its impact on production-living-ecological land"
        },
        {
            "名称": "袁鑫. 海南岛近岸水产养殖时空变化遥感监测与生态影响分析[D].山东科技大学,2020. [YUAN X. Remote Sensing Monitoring of the Spatial and Temporal Changes and Ecological Impact Analysis of Coastal Aquaculture in Hainan Island[D]. Shandong University of Science and Technology, 2020.]",
            "资源信息链接地址": "http://xueshu.baidu.com/s?wd= 海南岛近岸水产养殖时空变化遥感监测与生态影响分析[D].山东科技大学,2020. [YUAN X. Remote Sensing Monitoring of the Spatial and Temporal Changes and Ecological Impact Analysis of Coastal Aquaculture in Hainan Island"
        },
        {
            "名称": "毕海芸, 王思远, 曾江源, 等. 基于TM影像的几种常用水体提取方法的比较和分析[J]. 遥感信息, 2012, 27(5): 77–82. [BI H Y, WANG S Y, ZENG J Y, et al. Comparison and analysis of several common water extraction methods based on TM image[J]. Remote Sensing Information, 2012, 27(5): 77–82.]",
            "资源信息链接地址": "http://xueshu.baidu.com/s?wd= 基于TM影像的几种常用水体提取方法的比较和分析[J]. 遥感信息, 2012, 27(5): 77–82. [BI H Y, WANG S Y, ZENG J Y, et al. Comparison and analysis of several common water extraction methods based on TM image"
        },
        {
            "名称": "付忠良.图象阈值选取方法的构造[J].中国图象图形学报,2000(06):21-24. [FU Z Y. The Making of Method for Image Threshold Selection[J]. Journal of Image and Graphics, 2000(06):21-24.]",
            "资源信息链接地址": "http://xueshu.baidu.com/s?wd=图象阈值选取方法的构造[J].中国图象图形学报,2000(06):21-24. [FU Z Y. The Making of Method for Image Threshold Selection"
        },
        {
            "名称": "Gonzalez R C, Woods R E.Digital Image Processing(Third Edition)[M]. Beijing:Publishing House of Electronics Industry,2012.",
            "资源信息链接地址": "http://xueshu.baidu.com/s?wd=Digital Image Processing(Third Edition)"
        },
        {
            "名称": "周小成,汪小钦,向天梁,等. 基于ASTER影像的近海水产养殖信息自动提取方法[J]. 湿地科学, 2006,4(1) :64-68. [ZHOU X C, WANG X Q, XIANG T L, et al. Method of Automatic Extracting Seaside Aquaculture Land Based on ASTER Remote Sensing Image[J]. Wetland Science, 2006,4(1) :64-68.]",
            "资源信息链接地址": "http://xueshu.baidu.com/s?wd= 基于ASTER影像的近海水产养殖信息自动提取方法[J]. 湿地科学, 2006,4(1) :64-68. [ZHOU X C, WANG X Q, XIANG T L, et al. Method of Automatic Extracting Seaside Aquaculture Land Based on ASTER Remote Sensing Image"
        },
        {
            "名称": "周成,骆剑承. 遥感影像地学理解与分析[M]. 北京:科学出版社,2003. [ZHOU C, LUO J C. Geological understanding and analysis of remote sensing images[M]. BeiJing: Science Press, 2003.]",
            "资源信息链接地址": "http://xueshu.baidu.com/s?wd= 遥感影像地学理解与分析[M]. 北京:科学出版社,2003. [ZHOU C, LUO J C. Geological understanding and analysis of remote sensing images"
        },
        {
            "名称": "McFEETERS S K. The use of the Normalized Difference Water Index (NDWI) in the delineation of open water features[J]. International Journal of Remote Sensing, 1996, 17:7, 1425-1432.",
            "资源信息链接地址": "http://xueshu.baidu.com/s?wd= The use of the Normalized Difference Water Index (NDWI) in the delineation of open water features"
        },
        {
            "名称": "WANG X, XIE S, ZHANG X, et al. A robust Multi-Band Water Index（MBWI）for automated extraction of surface water from Landsat 8 OLI imagery[J]. International Journal of Applied Earth Observation and Geoinformation, 2018, 68: 73-91.",
            "资源信息链接地址": "http://xueshu.baidu.com/s?wd= A robust Multi-Band Water Index（MBWI）for automated extraction of surface water from Landsat 8 OLI imagery"
        },
        {
            "名称": "毕京鹏, 张丽, 宋茜茜, 等. 1987–2017年海南岛海岸线数据集[J/OL].中国科学数据, 2019, 4(2). (2019-01-03). DOI: 10.11922/csdata.2018.0066.zh. [BI J P, ZHANG L, SONG Q Q, et al. Coastline dataset of Hainan Island during 1987-2017[J/OL]. China Scientific Data, 2019, 4(2). (2019-01-03). ",
            "资源信息链接地址": "10.11922/csdata.2018.0066.zh. [BI J P, ZHANG L, SONG Q Q, et al. Coastline dataset of Hainan Island during 1987-2017"
        },
        {
            "名称": "廖静娟, 甄佳宁.基于1987–2017年Landsat数据的海南岛红树林变化数据集[J/OL].中国科学数据, 2019, 4(2). (2019-04-16). DOI: 10.11922/csdata.2018.0072.zh. [LIAO J J, ZHEN J N. Landsat data of mangrove forest changes in Hainan Island during 1987-2017[J/OL]. China Scientific Data, 2019, 4(2). (2019-04-16). ",
            "资源信息链接地址": "10.11922/csdata.2018.0072.zh. [LIAO J J, ZHEN J N. Landsat data of mangrove forest changes in Hainan Island during 1987-2017"
        },
        {
            "名称": "孙喆,罗菊花,杨井志成,等.越南东部近岸区域水产养殖塘分布及其对近海水体中叶绿素a质量浓度的影响[J].湿地科学,2020,18(02):207-218. [SUN Z, LUO J H, YANG J Z C, et al. Distribution of Aquaculture Ponds in Offshore Area in East Vietnamand Its Effect on Chlorophyll-a Concentration in Coastal Water Body[J]. Wetland Science, 2020, 18(02):207-218.]",
            "资源信息链接地址": "http://xueshu.baidu.com/s?wd=越南东部近岸区域水产养殖塘分布及其对近海水体中叶绿素a质量浓度的影响[J].湿地科学,2020,18(02):207-218. [SUN Z, LUO J H, YANG J Z C, et al. Distribution of Aquaculture Ponds in Offshore Area in East Vietnamand Its Effect on Chlorophyll-a Concentration in Coastal Water Body"
        },
        {
            "名称": "张丽,廖静娟,袁鑫,等.1987–2017年海南岛海岸线变化特征遥感分析[J].热带地理,2020,40(04):659-674. [ZHANG L, LIAO J J, YUAN X, et al Remote Sensing Analysis of Coastline Changes in Hainan Island during 1987-2017[J]. Tropical Geography, 2020, 40 (4): 659-674.]",
            "资源信息链接地址": "http://xueshu.baidu.com/s?wd=1987–2017年海南岛海岸线变化特征遥感分析[J].热带地理,2020,40(04):659-674. [ZHANG L, LIAO J J, YUAN X, et al Remote Sensing Analysis of Coastline Changes in Hainan Island during 1987-2017"
        }
    ],
    "作者": [
        {
            "姓名": "张丽",
            "机构": [
                "中国科学院空天信息创新研究院  数字地球重点实验室 北京  100094 中国",
                "Key Laboratory of Digital Earth Science  , Aerospace Information Research Institute, Chinese Academy of Sciences, Beijing  100094, P. R. China",
                "海南空天信息研究院  海南省地球观测重点实验室 海南三亚  572029 中国",
                "Key Laboratory of Earth Observation of Hainan Province  , Hainan Aerospace Information Research Institute, Sanya  572029, P. R. China"
            ],
            "贡献": "主要承担工作：遥感数据收集与处理、数据集生产和实地验证。 ",
            "简介": "张丽（1975—），女，新疆伊宁人，博士，研究员，研究方向为植被生态和海岸带遥感。 "
        },
        {
            "姓名": "唐永强",
            "机构": [
                "海南空天信息研究院  海南省地球观测重点实验室 海南三亚  572029 中国",
                "Key Laboratory of Earth Observation of Hainan Province  , Hainan Aerospace Information Research Institute, Sanya  572029, P. R. China",
                "江苏海洋大学  海洋技术与测绘学院 江苏连云港  222005 中国",
                "School of Marine Technology and Geomatics  , Jiangsu Ocean University, Lianyungang  222005, P. R. China"
            ],
            "贡献": "主要承担工作：遥感数据收集与处理、数据集生产和实地验证。 ",
            "简介": "唐永强（1997—），男，四川广安人，硕士研究生，研究方向为湿地遥感。 "
        },
        {
            "姓名": "林婧",
            "机构": [
                "中国科学院空天信息创新研究院  数字地球重点实验室 北京  100094 中国",
                "Key Laboratory of Digital Earth Science  , Aerospace Information Research Institute, Chinese Academy of Sciences, Beijing  100094, P. R. China"
            ],
            "贡献": "主要承担工作：数据集生产和质量控制。 ",
            "简介": "林婧（1999—），女，吉林松原人，研究方向为海岸带遥感。 "
        },
        {
            "姓名": "闫敏",
            "机构": [
                "中国科学院空天信息创新研究院  数字地球重点实验室 北京  100094 中国",
                "Key Laboratory of Digital Earth Science  , Aerospace Information Research Institute, Chinese Academy of Sciences, Beijing  100094, P. R. China",
                "海南空天信息研究院  海南省地球观测重点实验室 海南三亚  572029 中国",
                "Key Laboratory of Earth Observation of Hainan Province  , Hainan Aerospace Information Research Institute, Sanya  572029, P. R. China"
            ],
            "贡献": "主要承担工作：数据统计和分析。 ",
            "简介": "闫敏（1987—），女，山东潍坊人，博士，助理研究员，研究方向为海岸带植被生态遥感。 "
        },
        {
            "姓名": "廖静娟",
            "机构": [
                "中国科学院空天信息创新研究院  数字地球重点实验室 北京  100094 中国",
                "Key Laboratory of Digital Earth Science  , Aerospace Information Research Institute, Chinese Academy of Sciences, Beijing  100094, P. R. China",
                "海南空天信息研究院  海南省地球观测重点实验室 海南三亚  572029 中国",
                "Key Laboratory of Earth Observation of Hainan Province  , Hainan Aerospace Information Research Institute, Sanya  572029, P. R. China"
            ],
            "贡献": "主要承担工作：数据集设计。 ",
            "简介": "廖静娟（1966—），女，广西南宁人，博士，研究员，研究方向为微波遥感及应用研究。 "
        }
    ],
    "基金": "海南省重大科技计划项目（ZDKJ2019006）、中国科学院战略性先导科技专项（A类）（XDA19030105）。",
    "数据集名称": "基于Landsat数据的海南岛养殖塘变化数据集（1987–2020）",
    "数据作者": "张丽（zhangli@aircas.as.cn）",
    "时间范围": "1987–2020年",
    "空间范围": "海南岛",
    "空间分辨率": "30 m",
    "数据量": "3.12 MB",
    "数据格式": "Shapefile",
    "数据组成": "本数据集由9个不同时相的海南岛养殖塘分布数据集组成，分别命名为1987、1990、1995、2000、2005、2010、2015、2018、2020共9个文件夹，每个文件夹为该年度养殖塘的分布数据。每期数据包括*.dbf, *.prj, *.shp, *.shx 4个文件，分别为矢量数据dBASE表文件、矢量数据坐标投影文件、矢量数据主文件、矢量数据索引文件。",
    "引言": "水产养殖业是世界上发展最快的食品生产行业之一[1]。对于许多沿海地区的可持续发展和粮食生产来说，水产养殖业占据了重要的作用。水产养殖生产可以帮助贫困人口维持粮食供应和保持基本收入，并提供人体所需的蛋白质和微量元素，对全球粮食生产和民众身体营养做出了重要贡献。与此同时，沿海养殖业的迅速扩张也造成了一定的环境问题和社会经济损失，例如湿地破坏、水污染[2-3]、地面沉降、土壤酸化和农田盐碱化[4]等。据世界粮农组织统计，中国2018年水产养殖产量约4755万吨，约占全球总量58%，是位居世界首位的水产大国[5]。海南省位于中国最南端，是重要的水产基地。水产养殖业作为海南省的重要经济支柱，水产养殖面积甚至超过5万公顷[6]。2018年全省渔业总产值387.44亿元，淡水养殖水产品产值占比9.5%，总产量达36.69万吨[7]。水产养殖业需要遵循适度的原则，过度养殖容易引发水产病害、赤潮等海洋环境问题。海南在发展海洋经济过程中，发现海南水产养殖的时空信息有限，其演变规律尚不明确[8]。利用遥感可以低成本、准确有效地监测水产养殖分布和动态变化信息。目前，养殖塘遥感监测研究主要集中在养殖塘提取方法和时空变化分析。养殖塘时空变化分析能够统计不同时期养殖塘面积变化、范围变动及类型转换的情况。近年来，研究人员开展了大量的养殖塘时空变化特征分析，对不同国家[9-10]、不同地区[11-12]的养殖塘分布特征进行统计分析，生成了一系列养殖塘数据集，如姚云长等[13]生成1985年和2010年中国养殖塘数据集，陈王梦等[14]生成1990–2015年下龙湾西岸养殖塘数据集，袁鑫等[15]生成1990–2015年海南岛养殖塘变化数据集。海南省近年来经济变化较为显著，因地制宜地制定和实施适宜的水产养殖政策，利用高新技术促进水产养殖产业升级，是实现水产养殖可持续发展的重要举措。而目前海南岛的养殖塘分布数据主要为2015年以前的数据，缺乏最新的养殖塘分布数据，难以满足对养殖塘实时动态监管的需求。本文利用多时相、多光谱的Landsat数据，采用面向对象的分类方法，获取了1987–2020年海南岛30m分辨率的养殖塘变化数据集，为海南岛养殖塘的选址、管理和可持续发展提供数据支撑和决策支持。",
    "数据采集和处理方法": "1.1数据采集美国陆地卫星Landsat系列从70年代起至今已获取保存了超过40年的卫星存档数据，包含MSS、TM、ETM+和OLI-TIRS等多种传感器的成像数据。Landsat5和Landsat8卫星轨道高度705km，分别有7和11个波段，重访周期为16天，空间分辨率为30m。本研究利用GoogleEarthEngine（GEE）云平台提供的Landsat5TM和Landsat8OLI一级校正的TOA反射率遥感数据产品集，选取1987年、1990年、1995年、2000年、2005年、2010年、2015年、2018年和2020年共9期海南岛全岛5–10月遥感影像。覆盖海南岛的5个条带号为123-046、123-047、124-046、124-047和125-047。为了后续分析和验证，于2018年1月10日至20日、2018年11月5日至9日前往海南岛对近岸区域中养殖塘、红树林、海岸线、植被覆盖、土地利用状况等要素进行调查，共获得GPS采样点377个，其中养殖区样点45个（图1）。图1野外验证点位置图Figure1Sitesforthefieldsurvey1.2数据处理利用GoogleEarthEngine（GEE）云平台，以LandsatTM和LandsatOLI影像为数据源，基于阈值法对海南岛近岸地区鱼塘信息进行了自动提取，得到全岛1987–2020年30余年间共9期鱼塘信息并进行矢量化。阈值法是利用某种地物与背景地物在某一波段上的反射率或像元灰度值的差异，确定某一数值为区分该地物和背景地物的方法[16]。本数据集根据养殖水体、海水水体和非水体地物的光谱特征，使用直方图双峰法[17]与最大类间方差法[18]来确定养殖水体的阈值。直方图双峰法主要用于图像的水陆分割，分离海水背景与非海水地物；利用最大类间方差算法主要用于养殖水体与其他陆地地物区域划分。通过4类阈值分割方法中的11种算法对比发现，单波段阈值法中的B5、比值指数[19]中的R1、基于阈值的多波段谱间关系2345法[20]、水体指数中的NDWI[21]（NormalizedDifferenceWaterIndex）和MBWI[22]（Multi-BandWaterIndex）相对其他方法提取效果较好，既可以有效分离海洋与陆地，产生的噪声斑块也相对较少。比较这5种算法，最终选取错分漏分比例最小的NDWI水体指数法对海南岛水产养殖塘进行提取。虽然NDWI法对于水产养殖信息提取有较好的效果，但是由于陆地范围内存在一些灰度较暗的区域，如小型的坑塘水洼，地物阴影以及反射特性比较弱的植被等，使得提取结果中仍存在一些细小斑块区域，对提取结果产生了一定影响。研究发现，在聚类处理中，窗口大小为7×7时效果最好，养殖区域像素的连续性和贯通性高；在中值滤波处理中，5×5的结构单元表现最佳，既有效消除了细碎噪声斑点，还能较好地保留养殖区斑块细节处的边缘信息，因此分别选取7×7和5×5的结构单元对图像进行聚类和过滤处理。由于对图像的降噪处理并不能完全消除噪声斑块，以及为了验证部分遥感影像解译无法确定的点，故以GoogleEarth高清卫星影像和野外调查数据为参考对养殖塘的初步提取结果进行人工修正，生成1987年、1990年、1995年、2000年、2005年、2010年、2015年、2018年和2020年的9期近岸地区养殖塘数据集。",
    "数据描述": "2.1数据集信息利用1987年、1990年、1995年、2000年、2005年、2010年、2015年、2018年、2020年9期Landsat影像分类得到的9期海南岛养殖塘变化，存储为一个压缩数据文件（“1987-2020年海南岛9期养殖塘数据集.rar”）。整个数据集由9个文件夹构成，每个文件夹由以时相命名，每个文件夹下存储对应的shp矢量数据文件，命名规则为“时相+_aquaculture.shp”。2020年海南岛养殖塘空间分布情况如图2所示。图22020年海南岛养殖塘空间分布图Figure2DistributionofcoastalaquaculturepondsinHainanIslandin20202.2数据样本将数据集在ArcGIS软件中打开，可以得到各个时期的养殖塘分布面积图，也可用不同时期的数据制作养殖塘空间变化图和面积变化趋势（图3、图4）。图31987-2020年海南岛养殖塘空间分布图Figure3DistributionofcoastalaquaculturepondsinHainanIslandfrom1987to2020图41987-2020年海南岛养殖塘面积变化趋势Figure4ChangesofaquaculturepondareasinHainanIslandfrom1987to2020",
    "数据质量": "本文利用混淆矩阵评价养殖塘分类精度。混淆矩阵基本的评价指标有生产者精度（Producer’sAccuracy，PA）、用户精度（User’sAccuracy，UA）、总体分类精度（OverallAccuracy，OA）和Kappa系数。总体分类精度表示正确分类的对象的百分比。用户精度表示分类正确的对象与分为该类的对象的比值。生产者精度表示正确分类的对象该类对象的真值的比例。Kappa系数考虑到了对角线以外的各种漏分和错分像元，用于评判分类结果的一致性。在对养殖塘的提取精度分析中，利用海南岛海岸带内（即从海岸线到陆地侧）20km宽的缓冲区内随机生成点来进行精度验证。以GoogleEarth中高空间分辨率影像的目视解译结果和野外验证点中的随机采样点作为地面真实值，计算出混淆矩阵。GoogleEarth上的高空间分辨率影像的时间跨度为2002年至今，因此分别选择2005年、2010年、2015年、2018年、2020年Landsat养殖塘评价分类结果。具体评价结果见表1。下载表1养殖塘结果精度评价年份OAKappaPAUA200595.320.8990.5492.11201096.340.9089.3393.87201597.210.9496.5092.93201895.790.9194.6891.52202098.130.9595.7296.31注：OA为总体分类精度；PA为生产精度；UA为用户精度。",
    "数据使用和建议": "本数据集是海南岛30余年的养殖塘变化空间数据产品，集中显示了海南岛养殖塘年际动态变化监测信息。数据可以在常用的地理信息系统软件（如ArcGIS、MapGIS、MapInfo等）中直接打开并使用，也可通过这些软件平台将数据转换成其他交换格式后使用。通过对不同时期数据的统计，可以得到海南岛在1987–2020年的养殖塘年际变化监测的信息；也可通过空间叠加分析方式，得到不同时期养殖塘变化的空间分布特征。本数据集可服务于海南省生态环境监管业务，也可作为关键基础数据用于科学研究，包括分析海南岛养殖塘动态变化规律、生态环境质量评估和养殖塘选址、经营和管理等。",
    "引用格式": "张丽, 唐永强, 林婧, 等. 基于Landsat数据的海南岛养殖塘变化数据集（1987–2020）[DS/OL]. Science Data Bank, 2022. (2022-12-19). DOI: 10.11922/sciencedb.j00001.00400."
}