{
    "类目名称": "黄河流域生态保护与高质量发展",
    "名称": "黄河流域12.5米分辨率水文地貌量化要素分析数据集",
    "资源信息链接地址": "http://www.dx.doi.org/10.11866/db.loess.2021.020（流向）\t\t\thttp://www.dx.doi.org/10.11866/db.loess.2021.022（汇流面积）\t\t\thttp://www.dx.doi.org/10.11866/db.loess.2021.023（流水线长度）\t\t\thttp://www.dx.doi.org/10.11866/db.loess.2021.024（河流网络）",
    "摘要": "摘要：黄河流域是我国重要的生态屏障，其生态环境脆弱，水土流失严重，水文地貌要素分析对该区域水土保持和生态环境保护具有重要的作用。本数据集以ALOS 12.5m DEM数据为基础，通过对该DEM进行初步处理和水分分析计算得到黄河流域12.5 m分辨率的流向、汇流面积、流水线长度和河流网络4项水文分析因子数据。本数据集与不同分辨率的同期数据产品相比较，与真实河网吻合度较高，数据质量较好。本数据集可应用于流域水文、土壤水分、土壤侵蚀等方面的研究。",
    "关键词": "黄河流域；地形因子；河流网络；水文分析",
    "参考引用": [
        {
            "名称": "LI L, NI J R, CHANG F, et al. Global trends in water and sediment fluxes of the world's large rivers[J]. Science Bulletin, 2020, 65(1): 62–69. DOI:10.1016/j.scib.2019.09.012.",
            "资源信息链接地址": "http://xueshu.baidu.com/s?wd= Global trends in water and sediment fluxes of the world's large rivers"
        },
        {
            "名称": "PILLING C G, JONES J A A. The impact of future climate change on seasonal discharge, hydrological processes and extreme flows in the Upper Wye experimental catchment, Mid-Wales[J]. Hydrological Processes, 2002, 16(6): 1201–1213. DOI:10.1002/hyp.1057.",
            "资源信息链接地址": "http://xueshu.baidu.com/s?wd= The impact of future climate change on seasonal discharge, hydrological processes and extreme flows in the Upper Wye experimental catchment, Mid-Wales"
        },
        {
            "名称": "ARNELL N W. Relative effects of multi-decadal climatic variability and changes in the mean and variability of climate due to global warming: future streamflows in Britain[J]. Journal of Hydrology, 2003, 270(3/4): 195–213. DOI:10.1016/S0022-1694(02)00288-3.",
            "资源信息链接地址": "http://xueshu.baidu.com/s?wd= Relative effects of multi-decadal climatic variability and changes in the mean and variability of climate due to global warming: future streamflows in Britain"
        },
        {
            "名称": "夏军, 谈戈. 全球变化与水文科学新的进展与挑战[J]. 资源科学, 2002, 24(3): 1–7. DOI:10.3321/j.issn: 1007-7588.2002.03.001. [XIA J, TAN G. Hydrological science towardsglobal change: progress andchallenge [J]. Resources Science, 2002, 24(3): 1–7. ",
            "资源信息链接地址": "10.3321/j.issn: 1007-7588.2002.03.001. [XIA J, TAN G. Hydrological science towardsglobal change: progress andchallenge"
        },
        {
            "名称": "谢朋轩.黄河流域蓝绿水资源、水足迹和水短缺评价[D]. 西北农林科技大学,2021. [XIE Pengxuan. Estimating Blue and Green Water Resources,Water Footprints and Water Scarcities in the Yellow River Basin[D].Northwest A&F University,2021.]",
            "资源信息链接地址": "http://xueshu.baidu.com/s?wd=黄河流域蓝绿水资源、水足迹和水短缺评价[D]. 西北农林科技大学,2021. [XIE Pengxuan. Estimating Blue and Green Water Resources,Water Footprints and Water Scarcities in the Yellow River Basin"
        },
        {
            "名称": "张舒羽, 赵广举, 穆兴民, 等. 黄土高原典型流域河川径流水文情势变化及其归因分析[J]. 水土保持通报, 2021, 41(4): 1–8. DOI:10.13961/j.cnki.stbctb.2021.04.001. [ZHANG S Y, ZHAO G J, MU X M, et al. Hydrologic regime change and its attribution analysis of river runoff in typical watershed on loess plateau[J]. Bulletin of Soil and Water Conservation, 2021, 41(4): 1–8. ",
            "资源信息链接地址": "10.13961/j.cnki.stbctb.2021.04.001. [ZHANG S Y, ZHAO G J, MU X M, et al. Hydrologic regime change and its attribution analysis of river runoff in typical watershed on loess plateau"
        },
        {
            "名称": "杨勤科, 师维娟, Tim R.Mc Vicar, 等. 水文地貌关系正确DEM的建立方法[J]. 中国水土保持科学, 2007, 5(4): 1–6, 21. DOI:10.16843/j.sswc.2007.04.001. [YANG Q K, SHI W J, et al. On constructing methods of hydrologically correct DEMs[J]. Science of Soil and Water Conservation, 2007, 5(4): 1–6, 21. ",
            "资源信息链接地址": "10.16843/j.sswc.2007.04.001. [YANG Q K, SHI W J, et al. On constructing methods of hydrologically correct DEMs"
        },
        {
            "名称": "刘卉芳, 朱清科, 魏天兴. 晋西黄土区森林植被对流域径流的影响[J]. 水土保持学报, 2004, 18(2): 5–9. DOI:10.13870/j.cnki.stbcxb.2004.02.002. [LIU H F, ZHU Q K, WEI T X. Impact of forests on runoff in small watershed in western Shanxi of loess plateau[J]. Journal of Soil Water Conservation, 2004, 18(2): 5–9. ",
            "资源信息链接地址": "10.13870/j.cnki.stbcxb.2004.02.002. [LIU H F, ZHU Q K, WEI T X. Impact of forests on runoff in small watershed in western Shanxi of loess plateau"
        },
        {
            "名称": "杨勤科, 李锐. 区域水土流失研究的科学体系[J]. 水土保持研究, 2006, 13(5):11–13. DOI:10.3969/j.issn.1005-3409.2006.05.004. [YANG Q K, LI R. Research on regional soil erosion[J]. Research of Soil and Water Conservation, 2006, 13(5):11–13. ",
            "资源信息链接地址": "10.3969/j.issn.1005-3409.2006.05.004. [YANG Q K, LI R. Research on regional soil erosion"
        },
        {
            "名称": "党小虎, 吴彦斌, 刘国彬, 等. 生态建设15年黄土高原生态足迹时空变化[J]. 地理研究, 2018, 37(4):761–771. DOI:10.11821/dlyj201804010. [DANG X H, WU Y B, LIU G B, et al. Spatial-temporal changes of ecological footprint in the Loess Plateau after ecological construction between 1995 and 2010[J]. Geographical Research, 2018, 37(4):761–771. ",
            "资源信息链接地址": "10.11821/dlyj201804010. [DANG X H, WU Y B, LIU G B, et al. Spatial-temporal changes of ecological footprint in the Loess Plateau after ecological construction between 1995 and 2010"
        },
        {
            "名称": "张建云, 王国庆, 贺瑞敏, 等. 黄河中游水文变化趋势及其对气候变化的响应[J]. 水科学进展, 2009, 20(2):153–158. DOI:10.3321/j.issn: 1001-6791.2009.02.001. [ZHANG J Y, WANG G Q, HE R M, et al. Variation trends of runoffs in the Middle Yellow River Basin and its response to climate change[J]. Advances in Water Science, 2009, 20(2):153–158. ",
            "资源信息链接地址": "10.3321/j.issn: 1001-6791.2009.02.001. [ZHANG J Y, WANG G Q, HE R M, et al. Variation trends of runoffs in the Middle Yellow River Basin and its response to climate change"
        },
        {
            "名称": "唐家凯, 丁文广, 李玮丽, 等. 黄河流域水资源承载力评价及障碍因素研究[J]. 人民黄河, 2021, 43(7):73–77. DOI:10.3969/j.issn.1000-1379.2021.07.014. [TANG J K, DING W G, LI W L, et al. Study on evaluation of water resources carrying capacity and obstacle factors in the Yellow River Basin[J]. Yellow River, 2021, 43(7):73–77. ",
            "资源信息链接地址": "10.3969/j.issn.1000-1379.2021.07.014. [TANG J K, DING W G, LI W L, et al. Study on evaluation of water resources carrying capacity and obstacle factors in the Yellow River Basin"
        },
        {
            "名称": "李俊, 杨勤科, 梁爽, 等. 水流算法对于坡度坡长因子的影响研究[J]. 地理信息世界, 2013, 20(4):32–36. DOI:10.3969/j.issn.1672-1586.2013.04.006. [LI J, YANG Q K, LIANG S, et al. Research of flow algorithms influence impacting of slope length and slope gradient factors[J]. Geomatics World, 2013, 20(4):32–36. ",
            "资源信息链接地址": "10.3969/j.issn.1672-1586.2013.04.006. [LI J, YANG Q K, LIANG S, et al. Research of flow algorithms influence impacting of slope length and slope gradient factors"
        },
        {
            "名称": "O'CALLAGHAN J F, MARK D M. The extraction of drainage networks from digital elevation data[J]. Computer Vision, Graphics, and Image Processing, 1984, 28(3): 323–344. DOI:10.1016/S0734-189X(84)80011-0.",
            "资源信息链接地址": "http://xueshu.baidu.com/s?wd= The extraction of drainage networks from digital elevation data"
        },
        {
            "名称": "武文娇. 山西省典型全球开放DEM数据的对比分析[D].太原理工大学,2018. [WU Wenjiao. Analysis and Comparison of Typical Open Global Digital Elevation Models in Shanxi Province[D]. Taiyuan University of Technology,2018. (in Chinese)]",
            "资源信息链接地址": "http://xueshu.baidu.com/s?wd= 山西省典型全球开放DEM数据的对比分析[D].太原理工大学,2018. [WU Wenjiao. Analysis and Comparison of Typical Open Global Digital Elevation Models in Shanxi Province"
        },
        {
            "名称": "ZWALLY H J, SCHUTZ B, ABDALATI W, et al. ICESat's laser measurements of polar ice, atmosphere, ocean, and land[J]. Journal of Geodynamics, 2002, 34(3/4): 405–445. DOI:10.1016/S0264-3707(02)00042-X.",
            "资源信息链接地址": "http://xueshu.baidu.com/s?wd= ICESat's laser measurements of polar ice, atmosphere, ocean, and land"
        },
        {
            "名称": "HAYASHI M, SAIGUSA N, OGUMA H, et al. Forest canopy height estimation using ICESat/GLAS data and error factor analysis in Hokkaido, Japan[J]. ISPRS Journal of Photogrammetry and Remote Sensing, 2013, 81: 12–18. DOI:10.1016/j.isprsjprs.2013.04.004.",
            "资源信息链接地址": "http://xueshu.baidu.com/s?wd= Forest canopy height estimation using ICESat/GLAS data and error factor analysis in Hokkaido, Japan"
        },
        {
            "名称": "万杰, 廖静娟, 许涛, 等. 基于ICESat/GLAS高度计数据的SRTM数据精度评估: 以青藏高原地区为例[J]. 国土资源遥感, 2015, 27(1):100–105. DOI:10.6046/gtzyyg.2015.01.16. [WAN J, LIAO J J, XU T, et al. Accuracy evaluation of SRTM data based on ICESat/GLAS altimeter data: a case study in the Tibetan Plateau[J]. Remote Sensing for Land & Resources, 2015, 27(1):100–105. ",
            "资源信息链接地址": "10.6046/gtzyyg.2015.01.16. [WAN J, LIAO J J, XU T, et al. Accuracy evaluation of SRTM data based on ICESat/GLAS altimeter data: a case study in the Tibetan Plateau"
        }
    ],
    "作者": [
        {
            "姓名": "成城",
            "机构": [
                "西北农林科技大学 杨陵  712100 中国",
                "Northwest A&F University, Yangling  712100, China"
            ],
            "贡献": "主要承担工作：基础数据收集，数据加工，数据论文撰写。",
            "简介": "(1984—)，陕西人，本科，毕业于天津理工大计算机科学与技术专业，从事本科教务以及各类数据的统计分析工作。"
        },
        {
            "姓名": "史海静",
            "机构": [
                "西北农林科技大学水土保持研究所 杨陵  712100 中国",
                "Northwest A&F University, Yangling  712100, China",
                "中国科学院水利部水土保持研究所 杨陵  712100 中国",
                "Institute of Soil and Water Conservation，Chinese Academy of Sciences and Ministry of Water Resources, Yangling  712100, China",
                "国家科技基础条件平台国家地球系统科学数据中心 北京  100101 中国",
                "National Earth System Science Data Center, National Science & Technology Infrastructure of China, Beijing  100101, China"
            ],
            "贡献": "主要承担工作：数据生产总体设计，数据质量控制，数据论文修改。",
            "简介": "(1983—)，陕西人，博士，副研究员，研究方向为地形复杂区环境异质性研究，水土保持和GIS应用，以及数据挖掘。"
        },
        {
            "姓名": "张少伟",
            "机构": [
                "自然资源部陕西基础地理信息中心 西安  710054 中国",
                "Shanxi Geomatics Center, Ministry of Natural Resources, Xian  710054, China"
            ],
            "贡献": "主要承担工作：基础数据处理和加工。",
            "简介": "(1985—)，陕西人，硕士，工程师，从事遥感与科学数据处理工作。"
        },
        {
            "姓名": "税军峰",
            "机构": [
                "西北农林科技大学水土保持研究所 杨陵  712100 中国",
                "Northwest A&F University, Yangling  712100, China"
            ],
            "贡献": "主要承担工作：基础数据收集，数据加工。",
            "简介": "(1973—)，陕西人，博士，实验师，从事科学数据管理工作。"
        },
        {
            "姓名": "曹晓萍",
            "机构": [
                "西北农林科技大学水土保持研究所 杨陵  712100 中国",
                "Northwest A&F University, Yangling  712100, China"
            ],
            "贡献": "主要承担工作：基础数据收集，数据质量控制。",
            "简介": "(1963—)，陕西人，硕士，高级实验师，从事科学数据管理工作。"
        }
    ],
    "基金": "国家科技基础条件平台建设项目(2005DKA32300)；中国科学院西部之光“西部青年学者”项目 (XAB2020YN04)。",
    "数据集名称": "黄河流域12.5米分辨率水文地貌量化要素分析数据集",
    "数据作者": "史海静(shihaijingcn@nwafu.edu.cn)",
    "时间范围": "2015年",
    "空间范围": "中国黄河流域地理范围包括32° 9′– 42° 50′N，96°52′–119°3′E",
    "空间分辨率": "12.5 m",
    "数据量": "TIFF",
    "数据格式": "*.xlsx",
    "数据组成": "本数据包括4个数据文件夹，分别为黄河流域12.5米分辨率(1)水文地貌量化要素分析(流向)数据集；(2)水文地貌量化要素分析(汇流面积)数据集；(3)水文地貌量化要素分析(流水线长度)数据集；(4)水文地貌量化要素分析(河流网络)数据集。每个数据文件包含22个分幅数据，如：River_N30E099.tif, River _N30E102.tif…River _N39E111.tif。",
    "引言": "近年来，随着气候变化和人类活动的日益加剧，世界大约有24%的地表河流径流量发生显著变化[1]。探究地表水文变化过程研究也逐渐成为生态学、气象学和水文学等研究领域的重要内容，有效模拟地表水文变化成为生态环境模拟、水土保持和气候预测等工作开展的核心[2-3]。事实上，地表水文过程受多种因素的综合作用，关键因素是地形和降水的分布[4-6]。在地形复杂的山区，下垫面异质性变化大，使得其水文过程也特别复杂[7]。因此，借助DEM（DigitalElevationModel）可以模拟自然水流的路径进而来提取河流网络，其为水文过程分析提供了丰富的地质地貌和汇流信息[8]，对于陆地水文循环相关研究具有重要意义。黄河流域地处我国半湿润半干旱地区，径流和水资源对气候变化十分敏感[9]。在大尺度气候变化和土地利用方式改变的共同影响下，黄河流域的植被、土壤、地貌等不断发生改变，并正面临着流域水资源贫乏且时空分布极其不均、极端降水频发、土壤侵蚀严重及生态环境恶化等问题[9,10]。近年来，修建梯田等水土保持工程措施的实施改善了黄河流域的生态环境[11]，水资源的合理分布不仅可以减少地表径流对地表的侵蚀作用，而且对植被分布及生态环境具有调控和保护作用[12]。因此，分析黄河流域水文在不同时间和空间尺度上的演变过程及规律对地表生态环境、植被恢复及流域水资源管理具有重要的意义。本数据集以ALOS（AdvancedLandObservingSatellite）12.5m分辨率的全流域DEM数据作为基础数据，借助ArcGIS软件水文分析工具对黄河流域进行了洼地填充、流向计算、汇流面积计算、流水线长度和河流网络数据处理。本水文数据集反映了水系的空间分布和水文状况的4项因子，可用于黄河流域数字水文模型的构建、气候预测、环境变化评估等方面，为研究黄河流域生态环境、水文水资源提供水文数据支撑。",
    "数据采集和处理方法": "1.1数据源本数据集是基于12.5m的ALOSDEM数据提取。ALOSDEM数据数据是日本ALOS卫星PALSAR传感器L波段合成孔径雷达（SAR）产生的全天候观测成果。数据源的获取时间：2006–2011年，发布时间为2015年，DEM数据集生产时间为2020年。由美国国家航空航天局（NationalAeronauticsandSpaceAdministration，简称NASA）阿拉斯加卫星设备（AlaskaSatelliteFacility，简称ASF）分布式活动档案中心（DistributedActiveArchiveCenters，简称DAAC）的网站中（https://search.asf.alaska.edu/#/）免费下载获取。用于裁切DEM的黄河流域边界（图1）来源于国家地球系统科学数据中心黄土高原分中心（http://loess.geodata.cn/）。图1黄河流域边界图Figure1BoundarydiagramoftheYellowRiverBasin同时本研究使用ICESat（Ice，CloudandlandElevationSatellite）激光测高卫星搭载的GLAS（GeoscienceLasterAltimeterSystem）激光雷达测高系统获取的GLA14（GLAS/ICESatL2GlobalLandSurfaceAltimetryData，第34版）测高数据对ALOS12.5mDEM数据集的绝对垂直精度进行评估。GLA14数据的获取时间为2003–2009年。该数据由美国国家冰雪数据中心（NationalSnowandIceDataCenter，NSIDC）下载获取（https://nsidc.org/node/15993）。1.2数据采集方法数据处理在ARCGIS10.2环境下进行，首先对原始的ALOS12.5mDEM数据进行初步处理，具体步骤为预处理、分幅、投影、镶嵌。然后，用ArcGIS软件的Hydrology扩展模块对处理过的DEM数据进行水文分析，包括水流方向提取（FlowDirection）、洼地判定–汇（Sink）、洼地填充（Fill）、汇流累积量计算（FlowAccumulation）、水流路径长度计算（FlowLength）及河流网络提取（StreamNetwork），具体处理流程见图2。图2数据处理流程图Figure2Flowchartofdataprocessing1.2.1水流方向提取水流的方向是通过计算中心格网与邻域格网的最大距离权落差来确定[13]。基于D8单流向算法[14]，假定一个栅格中的水流只从一个方向流出，用最陡坡度法来确定水流的方向，即在3×3的DEM栅格上，计算中心栅格与各相邻栅格间的距离权落差（即中心栅格与邻域栅格的高程差除以栅格中心点之间的距离），取距离权落差最大的格网就是水流流出的方向。在ArcGIS中，通过Hydrology工具集中的FlowDirection工具提取水流方向。1.2.2洼地的判定洼地区域是水流方向不合理的地方，可以通过水流方向来判断哪些地方是洼地，并进行填充。但是，并非所有的洼地区域都是由于数据的误差造成的，有很多洼地是地表形态的真实反映。因此在进行洼地填充之前，必须计算洼地深度，判断哪些地区是由于数据误差造成的，而哪些地区又是真实的地表形态。基本过程是利用Hydrology工具集中的Sink、Watershed工具计算出洼地区域图、洼地汇流区图；利用SpatialAnalystTools工具箱中的Zonal工具集计算每个洼地所形成的贡献区域的最低高程，计算每个洼地贡献区域出口的最低高程；在SpatialAnalyst模块计算出洼地深度。1.2.3洼地的填充理论上DEM应该是比较光滑的地形表面，但是由于在DEM生成过程中产生的误差或者真实存在的地形，会出现一些突出或凹陷的区域，导致水流方向计算出现错误，因此需要填洼来获取无洼地DEM。在填洼时，先设置一个z限制即填充阈值，它决定了洼地是否被填平。洼地深度大于阈值的地方将作为真实地形保留，小于z限制的洼地才会被填平。洼地填充是一个循环的过程，不断地填洼并重新判断是否存在汇。如果还存在汇，则继续填洼，直到出现无凹陷点DEM。利用Hydrology工具集中的Fill工具进行填洼。1.2.4汇流面积计算在地表径流模拟过程中，汇流累积量是基于水流方向数据计算得到。汇流累积量是区域每个栅格内流水的累积量。基于无洼地DEM生成水流方向图，通过Hydrology工具集中的FlowAccumulation工具计算出汇流累积量数据。流量栅格中每一个像元记录的是流向栅格中流向该点的栅格数量的总和。因此，根据区域地形的水流方向计算的区域内每个栅格所流过的水量数值即为水流累积量。1.2.5流水线长度计算流水线长度是指在地面上一点沿水流方向到其流向起点（或终点）间的最大地面距离在水平面上的投影长度。它分为顺流计算及溯流计算两种，可通过Hydrology工具集中的FlowLength工具实现，其中计算方向分别选择顺流计算Downstream或溯流计算Upstream，该数据集是基于顺流计算来获得流水线长度。流水线长度直接影响地面径流的速度，进而影响地面土壤的侵蚀力。因此，黄河流域流水线长度的提取，对黄河流域的水文学研究和水土保持等工作具有重要的支持作用。1.2.6河流网络提取河流网络提取方法采用地表径流漫流模型，首先在无洼地DEM上利用最大坡降的方法得到每一个栅格的水流方向；然后利用水流方向栅格数据计算出每一个栅格在水流方向上累积的栅格数，即汇流累积量；当汇流量达到一定值的时候，就会产生地表水流。因此，当汇流量大于临界数值(阈值)的栅格就是潜在的水流路径，由这些水流路径构成的网络，就是河网。在河网提取时，设置不同的汇流量阈值会得到不同的河网数据，汇流量阈值直接决定流域河网的密度。为了确定恰当的汇流阈值，本研究采用已有的一些延河等河流作为参考，设定汇流阈值为15000，汇流量＞阈值的栅格设定为1，即流量超过该阈值的所有像元都被提取为河流网络的一部分，而小于阈值的栅格设定为无数据。河网的生成基于汇流累积量数据，利用MapAlgebra工具集中的MultiMapOutput工具中的Con命令得到。",
    "数据描述": "本数据集包含1个黄河流域DEM数据集和4个黄河流域水文地貌量化要素分析数据子集，每个子集存放在独立文件夹中，水文地貌量化要素分析数据集命名方式为：Hydrology_***，***代表水文地貌量化要素分析因子的类别，每个文件夹里包含22个分幅数据(表1)，分幅方式为按照左下角坐标进行分幅。图3(a–d)为4个水文地貌量化要素分析因子的数据图层。下载表1水文地貌量化要素分析数据集描述序号文件夹子数据集名称数据量格式1Hydrology_FlowDirection黄河流域12.5米分辨率水文地貌量化要素分析数据集3.99GBTIF2Hydrology_FlowAccumulation黄河流域12.5米分辨率水文地貌量化要素分析数据集13.61GBTIF3Hydrology_FlowLength黄河流域12.5米分辨率水文地貌量化要素分析数据集26.63GBTIF4Hydrology_RiverNetwork黄河流域12.5米分辨率水文地貌量化要素分析数据集275.95MBTIF下载图3黄河流域水文地貌量化要素分析数据集图层a.黄河流域-流向图b.黄河流域-流水线长度图a.FlowdirectiondiagramoftheYellowRiverBasinb.FlowlengthdiagramtheYellowRiverBasinc.黄河流域-汇流面积图d.黄河流域-河流网络图c.FlowaccumulationdiagramoftheYellowRiverBasind.StreamnetworkdiagramoftheYellowRiverBasin",
    "数据质量": "3.1垂直精度由于采用了高精度波形采集设备、高效回波处理算法和精密定姿定位设备，GLA14数据的平面精度为10m，垂直精度可以达到15cm[15]，并且已经有大量相关的分析处理和应用研究证明它的精度优势[16-18]。因此，为了验证本数据的可靠性，利用GLA14测高数据对黄河流域ALOS12.5m分辨率DEM数据精度进行评价。首先在ArcGIS中将GLA14测高数据统一到ALOS12.5mDEM数据的投影系统下，然后提取GLA14点位置对应的ALOS12.5m分辨率DEM数据的高程值。以GLA14数据的高程为参考值，计算ALOS12.5m分辨率DEM数据的绝对垂直误差，并以±50m为阈值对GLA14测高数据进行粗差剔除。在剔除之前，共选取36764个GLA14轨道点，剔除粗差后共有33709个数据点参与ALOS12.5m分辨率DEM数据的精度评价，经过黄河流域的部分数据轨道见图4。图4GLA14部分测高数据轨道Figure4PartoftheGLA14altimetrydatatrack将GLA14测高数据与ALOS12.5mDEM数据的高程值进行回归分析，结果显示，GLA14测高数据与ALOS12.5mDEM数据的高程值具有较好的线性关系(图5)，决定系数为0.9996。并对GLA14测高数据与ALOS12.5mDEM数据之间的绝对垂直误差进行统计，统计参数包括平均误差、绝对误差均值、标准差和均方根误差。平均误差可以反映两种数据高程点误差的整体趋势；绝对误差均值可以避免计算过程中正负值互相抵消的情况；标准差能反映一个数据集的离散程度；而均方根误差是用来衡量观测值同真值之间的偏差。GLA14测高数据与ALOS12.5mDEM数据高程值的平均误差为0.226m，绝对误差均值为3.716m，标准差为6.065m，均方根误差为0.033m。两种数据的误差频率分布直方图见图6，可以看出，误差较小且分布比较集中。因此，综上所述，ALOS12.5mDEM数据值具有较高的绝对垂直精度。图5GLA14测高数据和ALOS12.5mDEM数据回归关系图Figure5RegressioncorrelationbetweenGLA14altimetrydataandALOS12.5mDEMdata图6误差频率分布图Figure6Distributiondiagramoferrorfrequency3.2对比分析为了评估本数据集的相对精度，将本数据集与同期的GDEM30m和STRM90m分辨率的DEM数据水文分析结果进行对比分析。在黄河流域范围内选取了一个河谷所在区域进行水文地貌量化要素分析，并提取河流网络。图7为三种不同DEM分辨率的水文地貌量化要素分析对比结果图。从图中可以观察到，随着DEM数据源分辨率的降低，计算的汇流面积、流向、河流网络及流水线长度数据所表达的地物信息能力逐渐降低。并且所能提取的河流网络数量越少。ALOS12.5m数据在细节上对地形的表达能力高于GDEM和SRTM数据，能够更好地反映地面的沟谷状况。表2和表3分别为不同DEM分辨率的8个方位流向数据和河流网络像元数量的统计值。从表中可以看出，12.5mDEM流向数据8个方位的像元数量和提取的河流网络所占用像元数量均为最多，并且随着DEM分辨率的降低，流向数据8个方位的像元数量及提取的河流网络逐渐减少；其中，12.5mDEM提取的河网网络精度最高，与真实河网的吻合度高。（a）(b)(c)(d)图7不同DEM分辨率数据的对比Figure7ComparisonofDEMswithdifferentresolutions下载表2不同DEM分辨率数据流向的统计结果D8流向像元数量及面积12.5m30m90m个km2个km2个km21187852.9432732.953532.862171182.6733823.043402.754230153.657765.26725.448323485.0563505.715974.8416326275.161665.558606.9732170442.6633483.013642.9564167982.6242743.855044.08128170932.6731912.872672.16下载表3不同DEM分辨率数据河流网络的统计结果项目像元数量及河流长度12.5m30m90m个km个km个km背景值173305-35119-3918河流网络1523190.3864119.23393.51",
    "数据价值": "本数据已经在国家地球系统科学数据中心—黄土高原分中心（http://loess.geodata.cn）发布并提供共享服务。该数据集保存为GeoTIFF格式，可以使用GIS或ENVI等软件打开、显示、编辑、查看、统计分析等。数据可用于水文模型的构建、气候预测、环境变化评估等方面。",
    "引用格式": "成城, 史海静, 张少伟, 等. 黄河流域12.5米分辨率水文分析（流向）数据集[DS/OL]. 黄土高原科学数据中心(http://loess.geodata.cn) DOI: 10.11866/db.loess.2021.020.成城, 史海静, 张少伟, 等. 黄河流域12.5米分辨率水文分析（汇流面积）数据集[DS/OL]. 黄土高原科学数据中心(http://loess.geodata.cn) DOI: 10.11866/db.loess.2021.022.成城, 史海静, 张少伟, 等. 黄河流域12.5米分辨率水文分析（流水线长度）数据集[DS/OL]. 黄土高原科学数据中心(http://loess.geodata.cn) DOI: 10.11866/db.loess.2021.023.成城, 史海静, 张少伟, 等. 黄河流域12.5米分辨率水文分析（河流网络）数据集[DS/OL]. 黄土高原科学数据中心(http://loess.geodata.cn) DOI: 10.11866/db.loess.2021.024."
}