{
    "类目名称": "其他数据论文",
    "名称": "先秦至唐宋中国名山类诗词文学景观数据集",
    "资源信息链接地址": "http://www.dx.doi.org/10.11922/sciencedb.j00001.00232",
    "摘要": "摘要：文学景观是指与文学家生活、学习、工作、写作、文学活动密切相关的景观，具有一定的文学内涵。古代的文人墨客，大多喜好游历名山大川。中国著名的山峰大多都留下了诗人的足迹，也留下许多脍炙人口的名诗佳句。本研究搜集整理了先秦至唐宋时期中国的名山及其相关的诗词和诗人信息，构建了先秦至唐宋中国名山类诗词文学景观数据集。本数据集包括名山表、诗词表和诗人表，记录了名山、诗词和诗人的信息及三者之间的关联关系。本数据可以用于研究名山类文学景观的形成、发展演化与诗词创作之间的关系，从而探讨文学作品、文学活动对文学景观的影响，为揭示文学景观的形成和发展演化路径提供支撑。",
    "关键词": "文学景观；文学地理；诗词；名山；文学GIS",
    "参考引用": [
        {
            "名称": "曾大兴. 论文学景观[J]. 陕西理工学院学报(社会科学版), 2014, 32(2): 42–47. DOI:10.3969/j.issn.1673-2936.2014.02.008. [ZENG D X. Academic landscape[J]. Journal of Shaanxi University of Technology (Social Sciences), 2014, 32(2): 42–47. ",
            "资源信息链接地址": "10.3969/j.issn.1673-2936.2014.02.008. [ZENG D X. Academic landscape"
        },
        {
            "名称": "邵大为, 陈逸云. 建设文学景观数据库的价值与方法: 以《方舆胜览》为例[J]. 中南民族大学学报(人文社会科学版), 2020, 40(1): 107–111. DOI: 10.19898/j.cnki.42-1704/c.2020.01.019. [SHAO D W, CHEN Y Y. Value and method of building literature landscape database: a case study of “Fang yu Sheng Lan”[J]. Journal of South-Central University for Nationalities (Humanities and Social Sciences), 2020, 40(1): 107–111. ",
            "资源信息链接地址": "10.19898/j.cnki.42-1704/c.2020.01.019. [SHAO D W, CHEN Y Y. Value and method of building literature landscape database: a case study of “Fang yu Sheng Lan”"
        },
        {
            "名称": "迈克·克朗. 文化地理学[M]. 杨淑华等, 译. 南京: 南京大学出版社, 2003: 55. [MIKE C. Cultural geography[M]. YANG S H et al., Trans. Nanjing: Nanjing University Press, 2003: 55.]",
            "资源信息链接地址": "http://xueshu.baidu.com/s?wd= 文化地理学[M]. 杨淑华等, 译. 南京: 南京大学出版社, 2003: 55. [MIKE C. Cultural geography"
        },
        {
            "名称": "曾大兴. 文学景观研究[J]. 广东技术师范学院学报(社会科学版), 2011, 32(2): 76–80, 141. DOI: 10.3969/j.issn.1672-402X.2011.02.021. [ZENG D X. Literary landscape research[J]. Journal of Guangdong Polytechnic Normal University (Social Sciences), 2011, 32(2): 76–80, 141. ",
            "资源信息链接地址": "10.3969/j.issn.1672-402X.2011.02.021. [ZENG D X. Literary landscape research"
        },
        {
            "名称": "高建新. 文学景观理论的建构及其意义[J]. 世界文学评论, 2017(2): 179–183. [GAO J X. The construction of literary landscape theory and its significance[J]. The World Literature Criticism, 2017(2): 179–183.]",
            "资源信息链接地址": "http://xueshu.baidu.com/s?wd= 文学景观理论的建构及其意义[J]. 世界文学评论, 2017(2): 179–183. [GAO J X. The construction of literary landscape theory and its significance"
        },
        {
            "名称": "张建立, 李仁杰, 傅学庆, 等. 古诗词文本的空间信息解析与可视化分析[J]. 地球信息科学学报, 2014, 16(6): 890–897. DOI: 10.3724/SP.J.1047.2014.00890. [ZHANG J L, LI R J, FU X Q, et al. Spatial information analysis and visualization analysis of the ancient poetry[J]. Journal of Geo-Information Science, 2014, 16(6): 890–897. ",
            "资源信息链接地址": "10.3724/SP.J.1047.2014.00890. [ZHANG J L, LI R J, FU X Q, et al. Spatial information analysis and visualization analysis of the ancient poetry"
        },
        {
            "名称": "李文娟. 基于GIS及空间统计方法的诗词文学空间模式研究: 以李杜诗词为例[D]. 石家庄: 河北师范大学, 2015. [LI W J. Spatial model of poetry Literature based on GIS and spatial statistics: A case study of Li Du's Poetry[D]. Shijiazhuang: Hebei Normal University, 2015.]",
            "资源信息链接地址": "http://xueshu.baidu.com/s?wd= 基于GIS及空间统计方法的诗词文学空间模式研究: 以李杜诗词为例[D]. 石家庄: 河北师范大学, 2015. [LI W J. Spatial model of poetry Literature based on GIS and spatial statistics: A case study of Li Du's Poetry"
        },
        {
            "名称": "魏丽钦. 旅游文学数据库设计与可视化研究[D]. 石家庄: 河北师范大学, 2017. [WEI L Q. Research on Database Design and Visualization of Tourism Literature[D]. Shijiazhuang: Hebei Normal University, 2017.]",
            "资源信息链接地址": "http://xueshu.baidu.com/s?wd= 旅游文学数据库设计与可视化研究[D]. 石家庄: 河北师范大学, 2017. [WEI L Q. Research on Database Design and Visualization of Tourism Literature"
        },
        {
            "名称": "毛建军, 张三夕. 历史地图GIS与古典文学研究[J]. 华中学术, 2017(3): 66–71. [MAO J J, ZHANG S X. Historical map GIS and Classical Literature Research[J]. Central China Humanities, 2017(3): 66–71.]",
            "资源信息链接地址": "http://xueshu.baidu.com/s?wd= 历史地图GIS与古典文学研究[J]. 华中学术, 2017(3): 66–71. [MAO J J, ZHANG S X. Historical map GIS and Classical Literature Research"
        },
        {
            "名称": "ABRAMS M H. 镜与灯: 浪漫主义文论及批评传统[M]. 郦稚牛等, 译. 3版. 北京: 北京大学出版社, 2015. [ABRAMS M H. The mirror and the lamp: Romantic literary theory and critical tradition [M]. LI Z N et al., translated. 3rd ed. Beijing: Peking University Press, 2015.]",
            "资源信息链接地址": "http://xueshu.baidu.com/s?wd= 镜与灯: 浪漫主义文论及批评传统[M]. 郦稚牛等, 译. 3版. 北京: 北京大学出版社, 2015. [ABRAMS M H. The mirror and the lamp: Romantic literary theory and critical tradition "
        },
        {
            "名称": "韩欣. 中国名山[M]. 北京: 东方出版社, 2008. [HAN X. Famous Chinese mountains [M]. Beijing: Oriental Press, 2008.]",
            "资源信息链接地址": "http://xueshu.baidu.com/s?wd= 中国名山[M]. 北京: 东方出版社, 2008. [HAN X. Famous Chinese mountains "
        },
        {
            "名称": "单树模. 中国名山大川辞典[Z]. 济南: 山东教育出版社, 1992. [SHAN S M. Dictionary of famous mountains and great rivers in China[Z]. Jinan: Shandong Education Press, 1992.]",
            "资源信息链接地址": "http://xueshu.baidu.com/s?wd= 中国名山大川辞典[Z]. 济南: 山东教育出版社, 1992. [SHAN S M. Dictionary of famous mountains and great rivers in China"
        },
        {
            "名称": "逯钦立. 先秦汉魏晋南北朝诗[M]. 北京: 中华书局, 1983. [LU Q L. Qin, Han, Wei, Jin, Southern and Northern dynasties poetry[M]. Beijing: Zhonghua Book Company, 1983.]",
            "资源信息链接地址": "http://xueshu.baidu.com/s?wd= 先秦汉魏晋南北朝诗[M]. 北京: 中华书局, 1983. [LU Q L. Qin, Han, Wei, Jin, Southern and Northern dynasties poetry"
        },
        {
            "名称": "彭定求. 全唐诗[M]. 郑州: 中州古籍出版社, 2018. [PENG D Q. Tang poetry[M]. Zhengzhou: Zhongzhou Ancient Books Publishing House, 2018.]",
            "资源信息链接地址": "http://xueshu.baidu.com/s?wd= 全唐诗[M]. 郑州: 中州古籍出版社, 2018. [PENG D Q. Tang poetry"
        },
        {
            "名称": "唐圭璋. 全金元词[M]. 2版. 北京: 中华书局, 2018. [TANG G Z.  Poems of Jin and Yuan Dynasties [M]. 2nd ed. Beijing: Zhonghua Book Company, 2018.]",
            "资源信息链接地址": "http://xueshu.baidu.com/s?wd= 全金元词[M]. 2版. 北京: 中华书局, 2018. [TANG G Z.  Poems of Jin and Yuan Dynasties "
        },
        {
            "名称": "黄松林. 黄山古今游览诗选[M]. 合肥: 黄山书社, 1989. [HUANG S L. Selected poems of ancient and modern Tours in  Mount Huangshan [M]. Hefei: Huangshan Publishing House, 1989.]",
            "资源信息链接地址": "http://xueshu.baidu.com/s?wd= 黄山古今游览诗选[M]. 合肥: 黄山书社, 1989. [HUANG S L. Selected poems of ancient and modern Tours in  Mount Huangshan "
        },
        {
            "名称": "郑翔, 胡迎建. 庐山历代诗词全集[M]. 上海: 上海古籍出版社, 2010. [ZHENG X, HU Y J. A complete collection of poems of all dynasties in Lushan Mountain [M]. Shanghai: Shanghai Ancient Books Publishing House, 2010.]",
            "资源信息链接地址": "http://xueshu.baidu.com/s?wd= 庐山历代诗词全集[M]. 上海: 上海古籍出版社, 2010. [ZHENG X, HU Y J. A complete collection of poems of all dynasties in Lushan Mountain "
        },
        {
            "名称": "张撝之, 沈起炜. 中国历代人名大辞典[Z]. 上海: 上海古籍出版社, 1999. [ZHANG (H/W) Z, SHEN Q W. China dictionary of people’s names of past dynasties[Z]. Shanghai: Shanghai Ancient Books Publishing House, 1999.]",
            "资源信息链接地址": "http://xueshu.baidu.com/s?wd= 中国历代人名大辞典[Z]. 上海: 上海古籍出版社, 1999. [ZHANG (H/W) Z, SHEN Q W. China dictionary of people’s names of past dynasties"
        },
        {
            "名称": "臧励龢. 中国人名大辞典[Z]. [影印本]. 北京: 商务印书馆, 1998. [ZANG L H. China dictionary of names[Z]. [photocopy]. Beijing: The Commercial Press, 1998.]",
            "资源信息链接地址": "http://xueshu.baidu.com/s?wd= 中国人名大辞典[Z]. [影印本]. 北京: 商务印书馆, 1998. [ZANG L H. China dictionary of names[Z]. "
        },
        {
            "名称": "谢凝高. 中国的名山大川[M]. 北京: 中国国际广播出版社, 2010. [XIE N G. Famous mountains and rivers in China[M]. Beijing: China International Broadcasting Press, 2010.]",
            "资源信息链接地址": "http://xueshu.baidu.com/s?wd= 中国的名山大川[M]. 北京: 中国国际广播出版社, 2010. [XIE N G. Famous mountains and rivers in China"
        },
        {
            "名称": "吕华明, 程安庸, 刘金平. 李太白年谱补正[M]. 北京: 中华书局, 2012. [LV H M, CHENG A Y, LIU J P. Correction of Li Taibai chronicle[M]. Beijing: Zhonghua Book Company, 2012.]",
            "资源信息链接地址": "http://xueshu.baidu.com/s?wd= 李太白年谱补正[M]. 北京: 中华书局, 2012. [LV H M, CHENG A Y, LIU J P. Correction of Li Taibai chronicle"
        }
    ],
    "作者": [
        {
            "姓名": "杜晓晗",
            "机构": [
                "南京师范大学地理科学学院，南京 210023",
                "School of Geography, Nanjing Normal University, Nanjing 210023, P.R. China"
            ],
            "贡献": "主要承担工作：数据的处理、加工，数据集生成，论文撰写。",
            "简介": "（1999—），女，陕西南郑人，本科生，研究方向为地理信息科学。"
        },
        {
            "姓名": "胡迪",
            "机构": [
                "南京师范大学地理科学学院，南京 210023",
                "School of Geography, Nanjing Normal University, Nanjing 210023, P.R. China",
                "江苏省地理信息资源开发与利用协同创新中心，南京 210023",
                "Jiangsu Center for Collaborative Innovation in Geographical Information Resource Development and Application, Nanjing 210023, P.R. China",
                "南京师范大学虚拟地理环境教育部重点实验室，南京 210023",
                "Key Laboratory of Virtual Geographic Environment of Ministry of Education, (Nanjing Normal University), Nanjing 210023, P.R. China"
            ],
            "贡献": "主要承担工作：研究思路设计与论文撰写指导。",
            "简介": "（1984—），男，湖北黄冈人，博士，副教授，硕士生导师，研究方向为时空数据模型、历史GIS。"
        },
        {
            "姓名": "李岱蔚",
            "机构": [
                "南京师范大学地理科学学院，南京 210023",
                "School of Geography, Nanjing Normal University, Nanjing 210023, P.R. China"
            ],
            "贡献": "主要承担工作：数据的处理、加工，数据集生成。",
            "简介": "（1998—），男，山西阳泉人，本科生，研究方向为地理信息科学。"
        },
        {
            "姓名": "周思凡",
            "机构": [
                "南京师范大学地理科学学院，南京 210023",
                "School of Geography, Nanjing Normal University, Nanjing 210023, P.R. China"
            ],
            "贡献": "主要承担工作：数据的处理、加工，数据集生成。",
            "简介": "（2000—），女，江苏宿迁人，本科生，研究方向为地理信息科学。"
        },
        {
            "姓名": "白天祎",
            "机构": [
                "南京师范大学地理科学学院，南京 210023",
                "School of Geography, Nanjing Normal University, Nanjing 210023, P.R. China"
            ],
            "贡献": "主要承担工作：研究思路探讨。",
            "简介": "（2000—），女，河北唐山人，本科生，研究方向为地理信息科学。"
        }
    ],
    "基金": "国家自然科学基金项目（41771421）；南京师范大学教改项目，新工科背景下多学科交叉融合的课程教学模式探索——以《人文社会GIS》为例；江苏高校品牌专业建设工程资助项目。",
    "数据集名称": "先秦至唐宋中国名山类诗词文学景观数据集",
    "数据作者": "胡迪（hud316@gmail.com）",
    "时间范围": "前221–1289年",
    "空间范围": "今中国行政区划范围",
    "数据量": "469条",
    "数据格式": "*.xlsx",
    "数据组成": "数据集共包括3张Excel数据表，分别为名山表、诗词表和诗人表。名山表包括名山编号、名山类型、社会特征、名山名称和所在省份等字段；诗词表包括诗词编号、诗词名称、作者、朝代和创作时间等字段；诗人表包括诗人编号、姓名、别名、出生时间和逝世时间等。",
    "数据采集和处理方法": "本数据集的数据来源及采集流程如图1所示。所建立的名山表、诗词表和诗人表关系为诗人创作诗词、诗词题材为各名山、诗人游历名山。图1数据采集流程Figure1Theprocessofdatacollection1.1数据来源本数据集的名山数据主要来源是韩欣主编的《中国名山》[11]和单树模主编的《中国名山大川辞典》[12]等书籍，这些书籍较为详细地收录了中国的名山，并着重介绍了中国名山的地理位置、自然环境、气候类型、历史文化以及主要景点等方面（图2）。图2《中国名山》中的泰山介绍Figure2AnintroductiontoMountTaiinFamousMountainsofChina诗词数据来源于《先秦汉魏晋南北朝诗》[13]《全唐诗(全25册)》[14]和《全宋词》[15]等，考虑到名山诗词的特殊性，本数据集在收录诗词时还辅以各名山诗词集加以参考补充，比如《黄山古今游览诗选》[16]《庐山历代诗词全集》[17]等。《先秦汉魏晋南北朝诗》是由著名古代文学史研究专家、中国古文献专家逯钦立编辑校勘的中国先秦至隋代的诗歌总集，取材广博且出处详明，文献价值巨大。《全唐诗（全25册）》是清康熙时任江宁织造的曹寅奉康熙皇帝之命，启用当时已退居扬州的彭定求、杨中讷、沈三曾、潘从律、汪士纮、徐树本、车鼎晋、汪绎、查嗣瑮、俞梅10位翰林编撰的，共收录唐朝五代2200余位诗人所作的诗词48 900余首，是迄今为止古典诗歌总集中篇幅最多、影响最大的一种（图3）。《全宋词》是据中华书局1979年版唐圭璋编《全宋词》繁体竖排本和1981年版孔凡礼编《全宋词补辑》本改版重排的，旧版《全宋词》在1931年着手编撰，至1937年初稿竣事，后经中华书局文学组对全稿做了订补加工，全书收录词人1330余位，词作19 900余首。图3《全唐诗》示例Figure3AnexampleoftheCompleteCollectionofPoemsoftheTangDynasty诗人数据主要来源于《中国历代人名大辞典》[18]，并参阅其他史料进行补充完善。《中国历代人名大辞典》以商务印书馆1921年出版的《中国人名大辞典》[19]为编纂基础，收录了上起先秦、下迄清末约54 500位历史人物，参与编撰的人员主要分散在复旦大学、华东师范大学、上海大学等高等院校，并且该辞典力求使用第一手资料，人物事迹资料依据可靠（图4）。图4《中国历代人名大辞典》示例Figure4AnexampleoftheDictionaryoftheNamesofAllChineseDynasties1.2中国名山确定依据谢凝高在《中国的名山大川》指出，名山大川主要满足人们对大自然的精神文化生活上的需求，具有独特的文化内涵和景观风貌。其主要特征有三：一是具有美学价值的山川自然景观；二是具有科学和生态学价值的自然景观；三是以自然景观为主，人文景观为辅，自然与人文融为一体的山水景观[20]。本数据集是中国名山类诗词文学景观数据集，首先需要确定本数据选择名山的依据及名山列表。古诗词中结合更多的是有关名山的社会文化色彩，故本数据集中选择收录《中国名山》[11]及《中国名山大川辞典》[12]中有关历史、文化、宗教、政治、**等类型的33座名山，名山名录如表1所示。下载表1名山名录序号名山名称区域位置依据序号名山名称区域位置依据1长白山吉林省《中国名山》18武夷山福建省《中国名山》2千山辽宁省《中国名山》19雁荡山浙江省《中国名山》3恒山山西省《中国名山》20云台山江苏省《中国名山》4盘山天津市《中国名山》21钟山江苏省《中国名山》5五台山山西省《中国名山》22丹霞山广东省《中国名山》6黄山安徽省《中国名山》23西樵山广东省《中国名山》7敬亭山安徽省《中国名山大川辞典》24衡山湖南省《中国名山》8九华山安徽省《中国名山》25韶山湖南省《中国名山》9龙虎山江西省《中国名山大川辞典》26嵩山河南省《中国名山》10庐山江西省《中国名山》27武当山湖北省《中国名山》11普陀山浙江省《中国名山》28岳麓山湖南省《中国名山》12齐云山安徽省《中国名山大川辞典》29华山陕西省《中国名山》13清源山福建省《中国名山》30火焰山新疆省《中国名山》14三清山江西省《中国名山》31麦积山甘肃省《中国名山》15太姥山福建省《中国名山》32峨眉山四川省《中国名山》16泰山山东省《中国名山》33青城山四川省《中国名山大川辞典》17天柱山安徽省《中国名山》1.3数据处理本数据集包括3张表，分别是名山表、诗词表和诗人表，均以人工电子录入的方式采集了地理信息和文学信息。3张表包括的属性字段如表2所示，其中，名山表和诗词表可以通过名山名称字段建立连接，诗词表和诗人表通过作者（即姓名）字段建立连接，以便进行数据表间的关联查询。下载表2先秦至唐宋中国名山类诗词文学景观数据集属性字段名称数据表属性字段名山表名山编号、名山类型、社会特征、名山名称、其他名称、所在省份、所在城市、具体地址、经纬度、气候类型、主要景点、简介诗词表诗词编号、诗词名称、作者、朝代、名山名称、创作时间、诗词内容、文献来源诗人表诗人编号、姓名、别名、字、号、朝代、出生时间、逝世时间、出生地点、逝世地点、特征标签、代表作品每一座名山都有唯一对应的名山编号，即标识符，其命名格式为2位字母加4位数字，2位字母取自“名山”的拼音首字母，4位数字则表示名山序号。名山类型按所在地理区，即东北、华北、华南、华中、西北和西南分编，涉及的6个地理区按照起首拼音的顺序排列先后，各地理区中均以各名山起首拼音的顺序来排列先后。社会特征是依据名山的历史或者宗教性质等典型社会属性，比如黄山、庐山、雁荡山为三山，泰山、衡山、华山、恒山、嵩山为五岳，武当山、齐云山、青城山、龙虎山为道教名山等。地理位置包括名山所在省份、所在城市、具体地址和经纬度。其中，具体地址来源于高德地图的地名搜索查询功能，经纬度数据来源于高德地图开放平台的坐标拾取器。简介描绘了名山的地质科学意义及美誉等，来源于《中国名山》[11]和《中国名山大川辞典》[12]等书籍的介绍。本数据集属于中国名山类诗词文学景观数据集，以选录歌咏、纪游名山整体及具体景点的诗词为主，以诗本身的思想性和艺术性的完美统一为标准，既选入名人之作，也收录一般作者的佳作[16]。此外，考虑到不同名山诗词的发展情况因所处社会背景不同具有一定差异性，在遴选诗词的过程中，除《先秦汉魏晋南北朝诗》《全唐诗(全25册)》和《全宋词》外，本数据集结合各名山诗词发展的文献书籍，作为诗词数据收录的补充和完善，具体文献书籍注明在诗词表的“文献来源”字段中，使得本数据集的数据更加丰富多元，共采集了先秦至唐宋时期共347首中国名山诗词。每一首诗都有唯一对应的诗词编号，其命名格式为2位字母加4位数字。2位字母取自“诗词”的拼音首字母，4位数字则表示诗词序号，诗词按名山分编，名山按照起首拼音的顺序排列先后，各名山中以时间顺序来排列先后。诗词表中的创作时间来源于各名山诗词研究文献或权威书籍，对于无法查证创作时间的诗词，以诗人的生卒年份或所处朝代区间代替，生卒年份不可考的数据，一律用“—”代替。本数据集依据收录的诗词，采集了87位诗人的属性信息，诗人名录如表3所示。每一位诗人都有唯一对应的诗人编号，其命名格式为2位字母加4位数字。2位字母取自“诗人”的拼音首字母，4位数字则表示诗人序号，诗人按朝代顺序分编，各朝代诗人再以诗人姓名起首拼音来排列先后。相关字段信息来源于《中国历代人名大辞典》，并参照其他史料加以补充完善，其中，特征标签为记载了诗人的所属诗词派别或者美誉等信息。下载表3诗人名录诗人编号姓名朝代出生时间逝世时间诗人编号姓名朝代出生时间逝世时间SR0001杨恽汉-前54SR0045王维唐701761SR0002郦炎汉150177SR0046韦庄唐836910SR0003曹操魏155220SR0047吴筠唐-778SR0004嵇康魏224/223263/262SR0048吴武陵唐-835SR0005朱异魏-257SR0049薛令之唐683756SR0006程咸晋--SR0050元稹唐779831SR0007左芬晋253300SR0051张九龄唐673/678740SR0008挚虞晋250300SR0052晁补之宋10531110SR0009谢道韫晋--SR0053陈与义宋10901138SR0010刘程之晋--SR0054程元风宋11991269SR0011王乔之晋--SR0055范成大宋11261193SR0012张野晋--SR0056范致冲宋--SR0013湛方生晋--SR0057贺铸宋10521125SR0014释慧远晋334416SR0058洪迈宋11231202SR0015陆慧晓齐--SR0059黄庭坚宋10451105SR0016周舍梁--SR0060孔武仲宋10411097SR0017戴?梁--SR0061李昴英宋12001257SR0018李昶北周516565SR0062刘季孙宋10331092SR0019孟康北周--SR0063鲁宗道宋9661029SR0020张正见陈--SR0064陆游宋11251210SR0021陆瑜陈541574SR0065梅尧臣宋10021060SR0022刘删陈--SR0066钱熙宋9531000SR0023李德林隋530590SR0067区仕衡宋12171277SR0024孔德绍隋--SR0068宋祁宋9981062SR0025白居易唐772846SR0069苏轼宋10371101SR0026岑参唐715/717770SR0070苏辙宋10391112SR0027褚遂良唐596/597658/659SR0071王安石宋10211086SR0028戴叔伦唐732789SR0072王十朋宋11121171SR0029杜甫唐712770SR0073王挺之宋--SR0030杜牧唐803852SR0074王文卿宋10871153SR0031高适唐700765SR0075吴沆宋11161172SR0032顾况唐727815SR0076谢枋得宋12261289SR0033韩愈唐768824SR0077谢逸宋10681113SR0034贾岛唐779843SR0078辛弃疾宋11401207SR0035李白唐701762SR0079徐铉宋917992SR0036刘禹锡唐772842SR0080杨万里宋11271206SR0037刘长卿唐-789/791SR0081于房宋--SR0038柳宗元唐773819SR0082张方平宋10071091SR0039罗隐唐833909SR0083张继先宋10921127SR0040孟郊唐751814SR0084张孝祥宋11321170SR0041沈佺期唐-713SR0085赵抃宋10081084SR0042司空图唐837908SR0086赵蕃宋11431229SR0043宋之问唐-712SR0087朱熹宋11301200SR0044王勃唐650676注：“？”表示诗人姓名不详名山表和诗词表、诗人表和诗词表中记录的对应关系是一对多，即一座山峰对应多首诗词，一位诗人创作多首诗词；名山表和诗词表中记录的对应关系是多对多，即描述一座名山的诗词可以是多首，一首诗词中也可以包含多座名山。如图5所示，本数据中收录的有关庐山的诗词中，诗词作者包括白居易、李白、苏轼、洪迈、陆游和杨万里；其中，李白创作的诗词包括《庐山谣寄卢侍御虚舟》和《大林寺桃花》两首，陆游创作的诗词包括《夜闻松声有感》和《初见庐山》两首。图5所收录庐山诗词及诗词作者Figure5PoemsaboutLushanMountainandtheirauthors本数据所收录的《留别金陵诸公》（李白），“海水昔飞动，三龙纷战争。钟山危波澜，倾侧骇奔鲸。黄旗一扫荡，割壤开吴京。六代更霸王，遗迹见都）城。至今秦淮间，礼乐秀群英。地扇邹鲁学，诗腾颜谢名。五月金陵西，祖余白下亭。欲寻庐峰顶，先绕汉水行。香炉紫烟灭，瀑布落太清。若攀星辰去，挥手缅含情”，[21]即涉及诗人对钟山和庐山两座山峰的描写。",
    "数据描述": "经统计，收集整理先秦至唐宋时期中国名山类诗词347首，包括名山表12个属性字段、诗词表8个属性字段、诗人表13个属性字段，每座名山收录的诗词数量如图6所示。其中盘山、太姥山、云台山、韶山和火焰山的代表诗词现有诗词作品集收录较少，因而本数据集涉及的数量较少。图6数据集收录名山诗词统计图Figure6Statisticalchartoffamousmountainpoemsincludedindataset本数据集共收录24位先秦至隋朝诗人的作品共142首，27位唐朝诗人的作品共89首，36位宋朝诗人的作品共116首。涉及诗人及其作品数如图7所示。其中，收录诗词作品数量最多的诗人为李白、陆游。表4所列为收录作品数量为1的诗人。图7数据集收录诗人及名山诗词统计图Figure7Statisticalchartofpoetsandfamousmountainpoemsincludedindataset下载表4数据集收录作品数量为1的诗人作品数量（首）诗人姓名1褚遂良、柳宗元、韦庄、张九龄、罗隐、吴筠、顾况、吴武陵、高适、王勃、沈佺期、薛令之、司空图、谢逸、鲁宗道、程元风、徐铉、孔武仲、张孝祥、王文卿、张继先、张方平、于房、钱熙、吴沆、赵蕃、范致冲、贺铸、谢枋得、李昴英、区仕衡、刘季孙、郦炎、杨恽、嵇康、朱异、程咸、刘程之、释慧远、王乔之、谢道韫、湛方生、张野、挚虞、左芬、陆慧晓、周舍、戴？、曹操、李昶、孟康、刘删、陆瑜、张正见、孔德绍、李德林",
    "数据质量": "本数据集的数据质量由现有书籍资料记录的完整性和准确性保证，所涉及书籍资料具有一定权威性，数据可信度高。本数据集中收录的名山诗词，时间范围为先秦至唐宋时期，存在行政区划调整导致古今地名不统一的情况，在处理数据的过程中对县市名进行统一标准，修正为今地名，方便展开研究。此外，数据录入的完整性和准确性经过多次人工检查，确认无误。",
    "数据价值": "本数据集收录了347首名山代表性诗词，可基于此研究名山类文学景观的形成、发展演化与诗词创作之间的关系，从而探讨文学作品、文学活动对文学景观的影响，为揭示文学景观的形成和发展演化路径提供支撑。此外，本数据集的诗词表中包含诗词创作时间，诗人表同样收录了诗人的生卒年份，通过数据关联的方法，有利于从时间角度出发，依据各诗词创作时间的连续性，探讨不同社会背景下各名山的发展演变情况；有利于从空间角度出发，结合诗人创作经历，挖掘诗人之间未被发现的联系。",
    "引用格式": "杜晓晗, 胡迪, 李岱蔚, 等. 先秦至唐宋中国名山类诗词文学景观数据集[DS/OL]. Science Data Bank, 2021. (2021-05-18). DOI: 10.11922/sciencedb.j00001.00232."
}